:020000040802F0
:10000000288700108D050208735102084D3F020831
:100010005B5102082F3F02087F51020800000000D8
:10002000000000000000000000000000450402087D
:10003000473F020800000000FD04020861050208B5
:10004000A7050208A7050208A7050208A7050208D8
:10005000A7050208A7050208A7050208A7050208C8
:10006000A7050208A7050208A7050208A7050208B8
:10007000A7050208A7050208A7050208A7050208A8
:10008000A7050208A705020835180508851A0508FE
:10009000791A0508A70502087F1A0508A7050208AE
:1000A000192C0508A7050208652C0508A7050208F4
:1000B000A7050208A7050208A7050208A705020868
:1000C000A7050208A7050208A70502087128050868
:1000D00077280508A7050208A7050208A705020852
:1000E0000D23050879510208A7050208A705020893
:1000F000A7050208DD2C0508A7050208A7050208C8
:10010000A7050208A7050208A70502087D2805081B
:10011000A7050208A70502088D2C0508B52C0508BF
:10012000A7050208A7050208A7050208A7050208F7
:10013000A7050208A5210508A7050208971A0508C2
:100140008B1A0508A7050208911A0508A7050208D9
:10015000A7050208A7050208A7050208A7050208C7
:10016000A7050208A7050208A7050208A7050208B7
:10017000A7050208A7050208A7050208A7050208A7
:10018000A7050208A705020800F002F800F016F91A
:1001900014A696E8000CB244B344DA4501D100F04D
:1001A0000DF9BAE80F000FA696E83000A5EB04059C
:1001B00004EB0607AAEB0704A7F101074FEA1515A0
:1001C0004FEA3414A4F10104AC4201D300F0F6F874
:1001D00013F0010F18BFFB1A43F0010300F001F800
:1001E000DBE718474CC304007CC30400704710B51C
:1001F000002003F0D1F803F063F810BD14F05CBBED
:1002000002020370EA277B390000020800000600A2
:1002100000000020C0FF01000000000000000000FE
:100220000761454D533030616C6C000000000000E8
:1002300001000100010000004558540000000000CA
:1002400041756720203320323032362032303A3444
:10025000303A3431000000000000000000000000CF
:10026000000000000000000000000000000000008E
:10027000000000000000000000000000000000007E
:100280000A444FF0000C10F8013B13F0070408BFBC
:1002900010F8014B1D1108BF10F8015B641E05D05A
:1002A00010F8016B641E01F8016BF9D113F0080F0F
:1002B0001EBF10F8014BAD1C0C1B09D16D1E58BFA1
:1002C00001F801CBFAD505E014F8016B01F8016BD8
:1002D0006D1EF9D59142D6D370470000002300244B
:1002E00000250026103A28BF78C1FBD8520728BF46
:1002F00030C148BF0B6070476E2902F052847029EC
:1003000001F08583662901F000A4652901F0FDA3B1
:10031000672901F0FAA3612901F0F9A303681B0A18
:1003200028BF41F08001692901F0B882642901F0F9
:10033000B582752901F0B2826F2902F0078578290C
:1003400001F05183E92901F0E582E42901F0E2821C
:10035000F52901F0DF82EF2902F00485F82901F088
:1003600050830368DB0928BF41F08001632902F054
:100370004083732902F04583E32903F0EB81F329DD
:1003800003F0F081002070471FB541F068FB9DE845
:10039000030001F056FF02F0ADFB04000020002135
:1003A00040F0D0FC401C60600020002140F0B4FC14
:1003B000E06002F00DFF01F011FF1FBD03F01CF81B
:1003C0001146FFF7E1FF2BF08FF803F0F3FA03B4C7
:1003D000FFF70DFF03BC02F07FFB000080F30988EC
:1003E0007047EFF309807047684680F30988044836
:1003F0000078C00714BF0220032080F314887047E0
:10040000D4030010DFF818C0EFF305831B0618BFF4
:100410006047EFF31483DB0708BF604700DF7047D6
:10042000F5D50508DFF818C0EFF305831B0618BFE4
:100430006047EFF31483DB0708BF604700DF7047B6
:100440006DD60508EFF30980816911F8021CE1BB44
:1004500090E80F1010B5E047BDE81040EFF3098CAD
:100460008CE80700214B93E80600914208BF7047D3
:1004700041B91EF0100F16D11D49086820F0010087
:10048000086010E01EF0100F06BF2CED108A01204E
:10049000002081F838002CE9F00FC1F83CC00CB402
:1004A0003EF0CCFD0CBC1A60D2F83CC0BCE8F00FAA
:1004B00092F8380000280EBF6FF0020E6FF0120E97
:1004C000BCEC108A8CF30988704710B5094A126891
:1004D000914209D8084C54F8214090E80F10A047E9
:1004E000EFF3098C8CE80F0010BD000048030010EA
:1004F00034EF00E0741705087417050810B53EF0D6
:1005000097FCBDE81040154B93E80600914208BFE8
:100510007047EFF3098C1EF0100F06BF2CED108A08
:100520000120002081F838002CE9F00FC1F83CC010
:100530000CB43EF083FD0CBC1A60D2F83CC0BCE8A1
:10054000F00F92F8380000280EBF6FF0020E6FF027
:10055000120EBCEC108A8CF3098870474803001017
:1005600010B53EF08FFDCCE710B53BF0FFFD3EF03F
:1005700089FDC6E70048704700300000004870471A
:1005800000FC0100401EFDD1704700000948804773
:1005900009480047FEE7FEE7FEE7FEE7FEE7FEE765
:1005A000FEE7FEE7FEE7FEE704480549054A064B7D
:1005B00070470000712B0508890102080000002027
:1005C0002887001000FC01202857001010B582B0C9
:1005D00044F2D462C1F2000212780190A2B1002963
:1005E00018BF01210C4600F047FB01A8214633F05B
:1005F000A5FA044600F050FBE0B2013818BF4FF0F6
:10060000FF3040B202B010BDFF2040B202B010BDBA
:10061000B0B582B0144644F2D462C1F2000212783E
:1006200001903AB3002918BF01210D4600F024FBC8
:1006300001A8294633F082FA012C04460FD1019813
:1006400042F21C61C1F20001C1F82A0051F8045BBA
:100650004022281D01F02EFC284600F03FFE00F04D
:100660001BFBE0B2013818BF4FF0FF3040B202B0C0
:10067000B0BD00BFFF2040B202B0B0BD70B582B0C7
:1006800044F2D462C1F20002127801904FF0FF00F0
:1006900002B342F26665C1F200052A88D2B10E4665
:1006A00000F0EAFA288890B1019A44F2CC33002194
:1006B000C1F20003CDB2C5EBC50503EB4505D5F886
:1006C0000A4094420AD00131CDB2A842F2D800F0DB
:1006D000E3FAFF2040B202B070BD00BF00F0DCFAC8
:1006E00026B128893446B08068683060002040B266
:1006F00002B070BD10B582B044F2D461C1F2000105
:100700000978019000294FF0FF011FD042F2666482
:10071000C1F200042088C8B100F0AEFA208890B180
:10072000019A44F2CC3C0021C1F2000CCCB2C4EBE3
:10073000C4040CEB4404D4F80A3093420AD00131CB
:10074000CCB2A042F2D800F0A7FAFF2148B202B022
:1007500010BD00BF043400F09FFA44F61631C0F615
:1007600006012046062201F05AFB78B144F610310A
:10077000C0F606012046062201F051FB00210028A8
:1007800008BF4FF0FF3148B202B010BDFF2148B2A0
:1007900002B010BD002070470020704780B542F2C3
:1007A0001C60C1F200004FF0FF310181416044F252
:1007B000F851C1F200010A69D1F818E0898A40F2C3
:1007C000086CC1810823C1830021C0F2001CC0F263
:1007D0000643C0E908E1C0E90A11C0E90C11C0E90B
:1007E0000E11016445F22911C0E904C34FF480736E
:1007F000C1F20001C0F80A200383C0F81A2001608A
:100800002A2200200A6080BD90F82010202982BF93
:10081000FF2040B2704780B500F00CFD0020BDE81D
:10082000804040B27047000070B5C8B10C46054624
:10083000FFF7B0FF0646284600F0B6FC06442846FF
:1008400000F07EFA0644284600F0F8FA06442846EE
:1008500000F08AFC3044002C18BF206070BD00BF3F
:1008600044F2F850C1F20000026F3AB14BF6E77162
:10087000C0F60601E1209047002070BDFEE700BFF2
:1008800044F2F852C1F20002126F0AB1104700BFE1
:10089000FEE700BF70B568B10378026F44F2F85606
:1008A000C1F2000632678BB112B14DA1E42044E0E1
:1008B000FEE700BF44F2F850C1F20000026F1AB127
:1008C0005EA1E12039E000BFFEE700BF44F2D4633F
:1008D000C1F200031B78012B06D11AB14DA1E02013
:1008E0002BE000BFFEE700BF0D460446FFF78CFF7C
:1008F000E0B944F2F850C1F20000D82101F002FC46
:1009000044F2D060C1F2000000210160204600F0F6
:100910007FFC58B9204600F019FA38B9204600F09B
:1009200093FA18B9204600F025FC68B1326F4AB13D
:100930004CF20E01C0F60601E3209047FF2040B2C2
:1009400070BD00BFFEE700BF20462946FFF724FF29
:100950000028F3D120462646FFF71CFF20F00300B5
:1009600005442046294600F021FC0028E6D1204617
:10097000264600F019FC20F00300054420462946D5
:1009800000F0E0F90028D9D12046264600F0D8F939
:1009900020F0030005442046294600F051FA0028C3
:1009A000CCD12046264600F049FA20F00300291851
:1009B000204600F0DBFB0028C0D1204600F0D4FB2D
:1009C00044F2F850C1F200002146D82201F0F9FAB1
:1009D00000F046F8002818BF4FF0FF3040B270BD5D
:1009E0006970616C5F626173655F696E697469618A
:1009F0006C69736528293A20756E737570706F7213
:100A0000746564207463702F697020737461636B04
:100A1000000000006970616C5F626173655F696E00
:100A2000697469616C69736528293A20616C726523
:100A30006164792073746172746564006970616CBB
:100A40005F626173655F696E697469616C69736522
:100A500028293A206D697373696E672063666700A1
:100A600010B544F2F854C1F200042046FFF796FE98
:100A700010B1FF2040B210BD606FD8B1A16F002946
:100A800046D0E16F002943D0D4F8801000293FD030
:100A9000804744F2D061C1F200010860A0B9226F22
:100AA00032B14CF27B01C0F60601E02090470BE02A
:100AB000FEE700BF44F2D0610020C1F20001C4E9AA
:100AC0001E00C4F88000086044F2F850C1F2000033
:100AD00000F06EFB0028CCD144F2F850C1F20000C7
:100AE00000F032F90028C4D144F2F850C1F20000FD
:100AF00000F0A8F90028BCD144F2F850C1F200007F
:100B000000F036FB002818BF4FF0FF3040B210BD98
:100B1000226F4AB14CF24F01C0F60601E320904724
:100B2000FF2040B210BD00BFFEE700BF70B5C8B1E6
:100B30000C460546FFF72EFE0646284600F034FB1D
:100B40000644284600F0FCF80644284600F076F9F2
:100B50000644284600F008FB3044002C18BF2060F3
:100B600070BD00BF44F2F850C1F20000026F3AB10C
:100B70004BF6E771C0F60601E1209047002070BDFA
:100B8000FEE700BFFFF786BE0020704700207047D9
:100B900010B5416F41B3816FA1B1C16F91B1D0F870
:100BA000800078B144F2F854C1F20004606F30B1B3
:100BB000804744F2D061C1F20001086000B3002117
:100BC00048B210BD44F2F850C1F20000026F4AB1C1
:100BD0004CF24F01C0F60601E3209047FF2148B2D6
:100BE00010BD00BFFEE700BF0021C0E91E11C0F824
:100BF000801044F2D060C1F20000016048B210BD24
:100C0000226F4AB14CF27B01C0F60601E02090470A
:100C1000002148B210BD00BFFEE700BF10B544F28E
:100C2000F854C1F20004606FA0B1804744F2D06173
:100C3000C1F200010028086018BF10BD226F3AB150
:100C40004CF27B01C0F60601E020BDE810401047E1
:100C5000FEE700BF10BD00BF80B544F2F850C1F2FE
:100C60000000D82101F04EFA44F2D061C1F2000137
:100C7000002200200A6080BD44F2D060C1F2000072
:100C80000068002808BF704744F2F851C1F2000123
:100C90008A6FD1F88010104744F2D060C1F2000092
:100CA0000068002808BF704744F2F851C1F2000103
:100CB000C96F08470068704710B582B044F2D4612C
:100CC000C1F200010978FF240190A9B144F2F85162
:100CD000C1F2000191F82C1071B1C0B2EF280BD114
:100CE000FFF7CAFF01A839F051FD0024002808BF12
:100CF0004FF0FF34FFF7D0FF60B202B010BD00BF6D
:100D000010B582B044F2D461C1F200010978FF2429
:100D1000019091B144F2F850C1F2000090F82C001B
:100D200058B1FFF7A9FF01A839F058FD00240028A9
:100D300008BF4FF0FF34FFF7AFFF60B202B010BD45
:100D400000207047002070470020704790F82D1059
:100D5000062982BFFF2040B2704780B500F0FCFA40
:100D60000020BDE8804040B27047000080B544F2EA
:100D7000F850C1F20000406870B144F2D460C1F292
:100D80000000017801290FD10BA1E020FFF778FDC9
:100D9000FF2040B280BD00BF11A1E120FFF770FD30
:100DA000FF2040B280BD00BF0121017039F0CAFFB1
:100DB000002040B280BD00BF6970616C5F737973C1
:100DC0005F737461727428293A2063616E6E6F7468
:100DD00020737461727420616761696E00000000A5
:100DE0006970616C5F7379735F73746172742829C1
:100DF0003A206D697373696E6720636F6E66696709
:100E000075726174696F6E0080B5FFF735FF3AF057
:100E1000B5F9BDE88040FFF73FBF00BF80B5FFF7E1
:100E20002BFF3FF055FEBDE88040FFF735BF00BF08
:100E300044F2F850C1F2000040687047002070474B
:100E4000002070470020704710B50189B1F5C05FE0
:100E500002D9FF2460B210BD44F2D461C1F2000196
:100E600000240C7000F0E2FA60B210BD10B544F23C
:100E7000D461C1F20001097881B3102101EA400177
:100E8000082241EA401102EA50021144042202EA17
:100E9000D0000C18FFF7F0FE40F6E162E0B2C0F6B9
:100EA000020201213FF038FE4FF0000488B145F204
:100EB000701200EB4001C1F2000202EBC10101F827
:100EC000180DC1E903444C61C1F80640C1F8024065
:100ED0000C46FFF7E1FE204610BD00BF002010BD0C
:100EE00070B584B01446C21F12F1060F23D345F229
:100EF000701200EB4000C1F2000202EBC00050F89B
:100F0000082CC2B1A0F1180508461E46FFF7D2FE14
:100F1000EA683146034622B193420CD12889A042A7
:100F200009D1089AD5E904600391ADF8082002AA16
:100F300029460094B047002004B070BDF0B581B0E0
:100F400060B30446007848B3FFF796FE264636F8AD
:100F5000020F20B120783FF0C1FD00206080207892
:100F60003FF03CFE2178054601EB410045F270114F
:100F7000C1F2000101EBC000002700F8187C2770C7
:100F8000C4E90377676177603760FFF785FE002D5E
:100F900008BF4FF0FF3778B201B0F0BDFF2778B23D
:100FA00001B0F0BDF0B581B0D0B314464FF0FF06EC
:100FB00092B30546007878B30F46FFF75DFE688868
:100FC00020B128783FF08AFD0020688045F270103B
:100FD000C1F200004188FF26A1421BD0418BA142F3
:100FE00018D0418EA14215D0B0F84A10A14211D0BC
:100FF000B0F86210A1420DD0B0F87A00A04209D03A
:10100000287821463FF0ACFD00060FBFFF266C801C
:101010006F600026FFF740FE70B201B0F0BD00BF68
:10102000FF2670B201B0F0BD70B5B8B105460078CA
:10103000A0B114460E46FFF71FFE688830B9284657
:1010400000212246FFF7AEFF01300BD02C81002497
:10105000EE60FFF721FE60B270BD00BFFF2460B2FA
:1010600070BD00BFFF24FFF717FE60B270BD00BF68
:10107000B0B558B10446007840B1FFF7FDFD00253A
:101080002581E560FFF708FE68B2B0BDFF2568B2B4
:10109000B0BD00BFB0B14288A2B1C26892B10289AE
:1010A00082B1B0B504460D46FFF7E6FDE26823893C
:1010B0002046294600F00AF80446FFF7EDFD2046D9
:1010C000B0BD00BF4FF0FF30704700BFF0B583B038
:1010D000029268B302785AB34FF0FF0421B34288FA
:1010E00012B34A6802B30A88F2B106461C460F469C
:1010F000FFF7C2FD38883D463FF006FDE0B1696864
:101100002A882F46054600F0D5FE30783F8802A990
:1011100022462B4600973FF079FD0024002808BFA7
:101120004FF0FF34FFF7B8FD60B203B0F0BD00BF71
:10113000FF2460B203B0F0BDFFF7AEFDFF2460B244
:1011400003B0F0BD70B5064600284FF0FF0009D08F
:101150000D4639B11446FFF78FFDC6E90454FFF779
:101160009BFD002040B270BD0020704700207047FA
:101170000020704790F83010062982BFFF2040B24F
:10118000704710B545F27011C1F2000104460846DF
:10119000902100F0B7FF204600F098F90020BDE84C
:1011A000104040B270470000002070470020704798
:1011B000D0F88C1061B1D0F8901049B1D0F89410EB
:1011C00031B1D0F8980000281EBF002040B270470F
:1011D00080B504A1E120FFF753FBFF20BDE880406C
:1011E00040B270476970616C5F6574685F6869647C
:1011F0005F696E697428293A206D697373696E6737
:10120000206574682066756E6374696F6E73000084
:1012100080B500F08BF8002080BD000044F2F8504B
:10122000C1F2000090F8220001280CBF0020704796
:1012300032F0A6BD10B5044644F2CC30C1F2000035
:101240004FF4E07100F05EFFD4E909014DF68362CE
:10125000C4F21B32A0FB0203A1FB020142F2606256
:1012600094F82000C1F2000294F82140D080980C3C
:101270001081890C00201470517010BD00291CBF12
:101280000020704732F0DABD80B584B042F6F040FD
:1012900044F2F85CC0F60600C1F2000C00689CF84D
:1012A0000A2000908DF8002044F21972C1F2000269
:1012B0005178D2F8023045F6B44012780902C0F6EF
:1012C000060041EA03410190180C1144DCF88C201F
:1012D000039068460291904704B080BD44F2F851F3
:1012E000C1F20001D1F89810084700BF10B544F2D0
:1012F000F854C1F20004D4F890008047D4F8880074
:10130000002808BF10BDBDE81040004710B544F2EA
:10131000F854C1F20004D4F88400002818BF8047B4
:10132000D4F89400BDE81040004700BF818A44F221
:101330001972C1F2000291800169002011607047AA
:1013400044F2F851C1F2000191F82C10012918BFA4
:1013500070473CF05DB800BFB0B542F26065C1F2C5
:101360000005044605F12800242100F0CBFE60684A
:1013700044F24021C0F20F01B1FBF0F04CF6CD4138
:1013800080B294F82D204843810C00206A81A97016
:10139000B0BD00BF05280BD84CF2674140F0F00209
:1013A000C0F6060101EB40111046FFF769BA00BF15
:1013B00001A1E020FFF764BA756E6B6E6F776E2047
:1013C00073797374656D206572726F72000000002E
:1013D00010B539F0E7FC44F2F854C1F2000494F877
:1013E0002C00012808BF39F0EFFC94F82F000128E9
:1013F00008BF39F011FD94F82200012818BF10BD74
:101400000020BDE8104032F0BBBC00BF80B53DF00D
:10141000BDFE44F2F850C1F2000090F82C00012803
:1014200018BF80BDBDE880403DF008BFB0B544F2B4
:10143000D865C1F20005044628463C2100F062FE52
:1014400042F2AC60C1F200004FF4C05100F05AFE0D
:1014500042F26061C1F200010022C1E90822D4E930
:10146000060328604AF6C000A881A88047F26900F8
:10147000AB604CF2FE03C6F66140A5F80F30A8231E
:10148000886146F264506B74FE23C0F27600EB7400
:10149000C8612089EB710861606844F24025C0F2A0
:1014A0000F05B5FBF0F0012388810020CB70CA81C5
:1014B000B0BD00BF44F2F851C1F2000191F82F1005
:1014C000012918BF70473BF0E3BF00BF10B50446C9
:1014D00045F2DC60C1F20000482100F013FE94F8F0
:1014E000301042F26062C1F200020020117110BDA2
:1014F00044F2F850C1F20000D0F89C00002808BF68
:101500007047004700487047C024001070B5A0FB2A
:101510000140B4F1805170F1000024BF002070BD83
:10152000204600F006FF05001CBF214600F0C8FD64
:10153000284670BD70B516460D46041F002808BF2A
:1015400070BD002E1CBF05F10800AFF300802B46D4
:101550005868002818BFA04238BF0346F8D319685E
:10156000CA18A24218BF5C6003D122681C4611440D
:10157000196021680A19824218BF606004D142686C
:101580006260006808442060002E1CBF05F108005E
:10159000AFF3008070BD10B5044600F035FE016861
:1015A0002046BDE810400122C4E70844401E491E01
:1015B000884370470821001DF7E72DE9F0410F46E9
:1015C0008046041F00F020FE066807B3B8F1000F44
:1015D000384622D0FFF7EEFFB84205463CBF002058
:1015E000BDE8F08106F10800AFF300802268AA424E
:1015F00038BF314615D3511B082931D36019002259
:1016000040F8041B31462560FFF794FF28E0404670
:10161000FFF7C1FF0020BDE8F081BDE8F04100F018
:1016200088BE4868002818BFA04238BF0146F8D3DA
:10163000131983421BD103681A44954217D8531BD0
:10164000082B0AD343686219536023680068184462
:10165000401B106025604A6002E0226040684860DC
:1016600006F10800AFF30080201DBDE8F0810022E4
:101670003146384600F01CFE05000AD0414620687D
:10168000021F284600F09DFC00223146201DFFF776
:1016900051FF06F10800AFF300802846BDE8F08155
:1016A00053EA020C00F069802DE9F04B4FF0000680
:1016B000002B1FBFB3FA83F503FA05F424FA05F6ED
:1016C0005E4012BF1643B2FA82F502FA05F4C5F184
:1016D00020051EBF22FA05FC44EA0C04203556EA18
:1016E000044C4FEA144418BF641C4FF000084FF03C
:1016F0000009904271EB030C39D3002919BFB1FAEC
:1017000081F701FA07F6B0FA80F700FA07F6C7F199
:1017100020071EBF20FA07FC46EA0C062037B6FB5E
:10172000F4FCA7EB0507103F07F01F0BCBF12006D9
:101730002CFA06F60CFA0BFB44BFB3460026202F0A
:10174000A4BF5E464FF0000B5BEA060C08BF4FF0EB
:10175000010B19EB0B0948EB0608ABFB027C06FBFF
:1017600002CC0BFB03CCC01B71EB0C01C1E70B4699
:10177000024641464846BDE8F08B13B5084318BF02
:101780004FF0FF300146AFF30080BDE81C407047CA
:101790000FB41CB5084B06AA7B4469460090059817
:1017A00001F0FDF804460020694601F00BF92046DF
:1017B0001CBC5DF814FB0000291200000FB41CB51E
:1017C0000C0007AA009007D04142A14202D3204456
:1017D000401E01E04FF0FF30074B7B44694601900B
:1017E000069801F0DCF80021002C01D0009A11705D
:1017F0001CBC5DF814FB0000F111000070B504463C
:1018000085690068C10601D5302600E02026C007A2
:1018100007D070BDD4E9012130469047206A401CB2
:1018200020626D1EF6D570BD70B5044685690078DE
:10183000C00707D170BDD4E9012120209047206A5C
:10184000401C20626D1EF6D570BD70B50C46054675
:10185000012A05D02878800600D5EA69002302E035
:10186000012305E05B1C934202D2E05C0028F9D121
:10187000A869E618C01AA861286A18442862284690
:10188000FFF7BCFF04E0D5E9012114F8010B9047F4
:10189000B442F8D32846FFF7C7FF70BD2DE9F041E9
:1018A0000646002410687529314616A510D001F0AF
:1018B00066F9002802DA404213A507E031688A077A
:1018C00001D512A502E0490704D511A5012401E0C4
:1018D00001F05EF900210A2206F1240709E0B0FBBD
:1018E000F2FCB0FBF2F302FB1C00303078541846D7
:1018F000491C0028F3D123462A463046BDE8F04172
:1019000000F0E0BD000000002D0000002B000000F2
:10191000200000002DE9F0418046D21D22F0070290
:101920000025D2E90002F52915A614D0011E72F196
:10193000000106DA0023D0EB030063EB020211A6DC
:1019400008E0D8F800108B0701D50FA602E0490780
:1019500001D50EA601251146002408F1240704E054
:1019600000F05BFD30323A55641C50EA0102F7D1B9
:101970002B46324621464046BDE8F04100F0A2BD6C
:10198000000000002D0000002B00000020000000DF
:10199000F0B40D460188090502D5214C7C4402E0D3
:1019A0001F4C7C440E34002100F1240608E002F0B4
:1019B0000F071209E75D42EA03721B097754491CBD
:1019C00052EA0307F3D102780023120704D5702DE1
:1019D00006D009B1022311342246F0BC00F072BDDA
:1019E00001231034F8E770B504460D46214610680F
:1019F00001F0CEF8024629462046BDE8704000239B
:101A0000C6E7D21D22F00703D3E90023C0E703682D
:101A1000126843F0200303600823C3610023B7E783
:101A2000620904002DE9F05F894604464FF0000A80
:101A3000DFF874B1FB44C0F820A02046E168884775
:101A4000002874D0252806D0D4E901219047206AC7
:101A5000401C2062F1E700265F462046E168884787
:101A60002028054607DB312D05D2781910F8200C07
:101A700008B10643F1E7B00701D526F00406C4F823
:101A80001CA00027C4F818A02A2D09D0284631F040
:101A9000D7FE38B304EB8708303DC8F8185019E07A
:101AA00059F8041B204604EB87029161E1688847DE
:101AB000012F054618D1E069002820DA26F020061B
:101AC0001DE0D8F8180000EB800005EB400030382E
:101AD000C8F818002046E1688847054631F0B0FE96
:101AE0000028EED1012F0AD02E2D08D12046E16822
:101AF00088477F1C0546022F46F02006C4DBA069FC
:101B0000002803DA404246F00106A061F00701D048
:101B100026F010066C2D0BD0682D09D04C2D39D035
:101B20006A2D35D0742D35D07A2D33D016E038E0BB
:101B3000E1682F4620468847B842054609D16C2FF8
:101B400026D04FF48060E16806432046884705466A
:101B500004E06C2F1AD04FF4807006430DB3A5F14A
:101B60004100192802D8203546F400664A46294625
:101B7000204626604E46FEF7BFFB80B101280BD001
:101B8000F61D26F0070000F1080956E74020E4E7BB
:101B90008020D8E70020D6E706F104094DE7284663
:101BA00052E7206ABDE8F09FF20804000FB400B5C8
:101BB0008DB010A9099000910B904FF0FF300A9062
:101BC00000200C90064878440690064878446A46FF
:101BD00007900F9909A800F02DFF0DB05DF814FBD8
:101BE0008B0E0000A30E00002DE9FF5F1D464FF095
:101BF000FF3B91464FF000085F46D5E90146A969D1
:101C000001987F1C8847296A824688470028F6D1B8
:101C1000BAF1FF3F0CD0002E24F4C06419DD600639
:101C200014D5BAF12B0F09D0BAF12D0F0ED103E064
:101C3000584604B0BDE8F09F44F48064A969019857
:101C40007F1C8847761E8246002E02DDBAF1300FD7
:101C500003D0B9F1000F26D032E0A969761E0198B1
:101C60007F1C44F400748847002E824605DDBAF1DB
:101C7000780F06D0BAF1580F03D0B9F1000F10D089
:101C80001EE0B9F1000F02D0B9F1100F18D1A96907
:101C9000761E01987F1C24F4007488478246102029
:101CA00002E0082000E00A20814609E0A96908FB5B
:101CB0000908761E01987F1C44F400748847824608
:101CC000002E05DD4946504600F09FFE0028EDDA63
:101CD000E96901988847A00502D46FF00100A8E7E0
:101CE000E00725D1600613D5600502D5C8F10000D4
:101CF00000E0404629680A1D2A600968220501D5CE
:101D0000087015E0220701D5088011E008600FE097
:101D10002868011D29600068210502D580F800802F
:101D200006E0210702D5A0F8008001E0C0F800809D
:101D300038467EE72DE9FF5F4FF0000899461446CC
:101D400046469169D2E901A7DDF838B00198884785
:101D5000054659EA0B0005D009E0A1690198761CF7
:101D600088470546216A284688470028F5D1681C1F
:101D700003D05FEACA7005D015E04FF0FF3004B021
:101D8000BDE8F09F2068011D2160D0F800800AE0C6
:101D90005FEACA7001D108F8015BA169761C01985D
:101DA0007F1E88470546002F1ADD681C18D0B9F140
:101DB000000F0DD0E81705EBD060421120F01F0096
:101DC00059F822102A1A012090400142E0D107E080
:101DD000BBF1000FDCD12846216A88470028D7D004
:101DE000E16901988847BBF1000F07D1002E05DD9E
:101DF0005FEACA7002D1002188F80010A068B842DA
:101E000003DDBBF1000F03D017B16FF00100B6E79F
:101E10003046B4E70B460146184600F046BE40EA9D
:101E2000010310B59B070FD1042A0DD310C808C9B0
:101E3000121F9C42F8D020BA19BA884201D9012059
:101E400010BD4FF0FF3010BD1AB1D30703D0521CA4
:101E500007E0002010BD10F8013B11F8014B1B1BDF
:101E600007D110F8013B11F8014B1B1B01D1921E49
:101E7000F1D1184610BD10B5431C02E010F8011B4B
:101E800071B18107FAD14FF0013202C88C1A8C432C
:101E900014EAC211F9D0C01A0A0603D0C01E10BD40
:101EA000C01A10BD0A0401D0801E10BD0902FCD06A
:101EB000401E10BD032A40F2308010F0030C00F0E9
:101EC000158011F8013BBCF1020F624498BF11F874
:101ED00001CB00F8013B38BF11F8013BA2F104022D
:101EE00098BF00F801CB38BF00F8013B11F00303A5
:101EF00000F06780083AC0F0088051F8043B083AC7
:101F000051F804CBA0E80810F5E7121D5CBF51F8AA
:101F1000043B40F8043BAFF30080D20724BF11F824
:101F2000013B11F801CB48BF11F8012B24BF00F889
:101F3000013B00F801CB48BF00F8012B7047431A62
:101F400028BF9A427FF6B6AF10441144032A40F2EC
:101F5000268010F0030F1EBF11F8013D521E00F83D
:101F6000013D10F0030F7FF4F6AF11F0030300F012
:101F70006D80083AC0F00B8051F8043D083A51F8E2
:101F800004CD40F8043D40F804CDFFF7F3BF121D27
:101F90005CBF51F8043D40F8043DAFF30080D20728
:101FA00024BF11F8013D11F801CD48BF11F8012CF3
:101FB00024BF00F8013D00F801CD48BF00F8012C16
:101FC000704710B5203AC0F00B80B1E81850A0E877
:101FD0001850B1E81850A0E81850203ABFF4F5AFF7
:101FE0005FEA027C24BFB1E81850A0E8185044BF53
:101FF00018C918C0BDE810405FEA827C24BF51F8C0
:10200000043B40F8043B08BF7047D20728BF31F8B3
:10201000023B48BF11F8012B28BF20F8023B48BF04
:1020200000F8012B7047431A28BF9A427FF6C9AFC8
:102030001044114410F0030F1EBF11F8013D521E51
:1020400000F8013D10F0030F7FF4F6AF103AC0F036
:102050000A8010B531E9185020E91850103ABFF441
:10206000F9AFBDE81040530724BF31E9081020E95B
:10207000081044BF51F8043D40F8043D12F0030F2E
:1020800008BF7047D20728BF31F8023D48BF11F89A
:10209000012C28BF20F8023D48BF00F8012C7047F2
:1020A00002F0FF0343EA032242EA024200F00AB8C8
:1020B00002F0FF0343EA032242EA024200F024B89E
:1020C0004FF000020429C0F0128010F0030C00F061
:1020D0001B80CCF1040CBCF1020F18BF00F8012BDF
:1020E000A8BF20F8022BA1EB0C0100F00DB85FEAAD
:1020F000C17C24BF00F8012B00F8012B48BF00F879
:10210000012B70474FF0000200B5134694469646E7
:10211000203922BFA0E80C50A0E80C50B1F12001FA
:10212000BFF4F7AF090728BFA0E80C5048BF0CC0A8
:102130005DF804EB890028BF40F8042B08BF704706
:1021400048BF20F8022B11F0804F18BF00F8012B78
:10215000704700000000000030B44FF0013C50F820
:10216000042B51F8043BCCFA52F4D51A20D1FCB917
:1021700050F8042B51F8043BCCFA52F4D51A17D17D
:10218000B4B950F8042B51F8043BCCFA52F4D51AE8
:102190000ED16CB950F8042B51F8043BCCFA52F430
:1021A000D51A05D1002CDAD030BC4FF000007047B2
:1021B00029BAB1FA81F111F01801D1F1200084405F
:1021C000F2D1CA40CB4012F0FF0213F0FF0330BC43
:1021D000D01A7047704770477047000008487CB5B8
:1021E0007844009007487844009C0546019004E03C
:1021F0002046016808448047241DAC42F8D17CBDCC
:10220000A8A40400A6A4040010B5FFF77BF90830C9
:1022100010BD704770477047704738B504460A468E
:1022200000206946AFF30080002808BF38BD024691
:102230000099204600F078FC012038BD012001F013
:10224000D3B8F8B5AFF30080054600200C460C204B
:1022500000BF0646A819A0420DD9324669460020A3
:10226000AFF30080070008BF01F0BEF80098A0425D
:1022700018BF0546C419FFF7C7FF05600746F01DE4
:1022800020F007004619284600F03EFCB44208BF83
:10229000F8BDA21B31463868BDE8F84000F044BCE8
:1022A0000844401E491E884370470821001DF7E777
:1022B0002DE9F04117460E460446FFF7F6FFA0420F
:1022C000054633D9002F1CBF06F10800AFF300808C
:1022D00030467468F4B12168A94217D305F10802A9
:1022E00091423CBF6168416007D3626861194A60EE
:1022F0002268521B0A6041602560002F1CBF06F156
:102300000800AFF30080201DBDE8F081204664681E
:10231000002CE0D129463046FFF77FFF0028D7D1B7
:10232000002F1CBF06F10800AFF300800020BDE8BD
:10233000F08110B50446FFF767FF01682046BDE84D
:1023400010400122B4E70844401E491E88437047EC
:102350000821001DF7E72DE9F04791460C4680461D
:10236000FFF752FF0668604234EA000001D1042CF6
:1023700002D20520BDE8F087601E40F007074846FE
:10238000FFF7E6FF484505469CBF0620BDE8F087FD
:1023900006F10800AFF3008074683046002C2FD09F
:1023A0002368211D494207EA0102934224D9991A60
:1023B0008D4221D84AB1214614440B689B1A2360F0
:1023C0004B6863600A6041600846226805F10801B5
:1023D0008A4205D36119521B0A6025604160084694
:1023E0006168416006F10800AFF30080241D002001
:1023F000C8F80040BDE8F08720466468002CCFD1C3
:1024000029463046FFF709FF0028C5D106F108002C
:10241000AFF300800620BDE8F08730B5B0F10A02C6
:1024200071F100034FEA900E4EEA817EB0EB0E0090
:1024300061EB91014FEA101E4EEA017E10EB0E0097
:1024400041EB11114FEA102E4EEA016E10EB0E0017
:1024500041EB11214FEA104E4EEA014E10EB0E00F7
:1024600041EB1141401841F100014FEAD00040EA30
:1024700041704FEAD1014FEA810444EA907410EBB5
:10248000800544EB01046D1944EB0404521BA34185
:102490004FF0000348BF0A3200D530BD401C41F167
:1024A000000130BD10B5FDF7A9FE006810BD10B5E4
:1024B0000446FDF7A3FE046010BD0B460146184616
:1024C00001F0F4BC2DE9F0470D46994692460446CA
:1024D00000F124080168880604D5E06921F01001A4
:1024E000216000E00120A84201DD471B00E0002739
:1024F000A1697A1902EB0900081AA0612078C006C8
:1025000002D42046FFF77AF9002608E0D4E9012139
:102510001AF806009047206A401C761C20624E453F
:10252000F4DB2078C0060AD52046FFF767F906E0FD
:10253000D4E9012130209047206A401C2062381ED7
:10254000A7F10107F4DC07E0D4E9012118F8050040
:102550009047206A401C2062281EA5F10105F3DC8B
:102560002046FFF761F92078000602D50220BDE879
:10257000F0870120FBE72DE9FF4F0C461E464FF088
:10258000FF378BB0D2E90001DDF860800A908A46FF
:10259000C1F30A5505B93D46002108464FF0000039
:1025A000BAF1000F00F4400005DA00EB80004FF4B0
:1025B000400101EA50004FEA9059B9F1010F00DDE6
:1025C000B9460A9850EA4A000ED044F61050A5F2D7
:1025D000FF3545432F14B8F1000F1ED07542291E58
:1025E0001EDDC9F100021CE0B8F1010F4FF0000040
:1025F00001D0302103E0F24305E02154401CB042F9
:10260000FBDB30460022002121540B99C1F80880E1
:10261000C1E900200FB0BDE8F08FBD1B6D1CDEE7E7
:102620004A4600DA694206A800F060FD06AB93E86E
:10263000070003AB83E8070050460A992EF0D2FC4E
:102640008DE80700A0F500501F3800900398002D7A
:102650000ADD42F21F014A460844002303A9039001
:1026600068462EF03BFF09E0A0F500504A461F38AF
:10267000002303A9039068462EF045FF8DE807006C
:102680000004000C03D04FF0FF30410800E010467A
:10269000B8F1000F03D00022009215461EE0751E0F
:1026A00005D4FFF7BAFE303262556D1EF9D5B34638
:1026B0000122084302D000227F1C04E02078302849
:1026C00001D100227F1E002A099784D01DE0112D20
:1026D00007DAFFF7A2FE303262556D1C50EA0102A4
:1026E000F5D1084302D00098C8B10EE00021681E61
:1026F00005E0235C625C63542254401E491C814205
:10270000F7DBAB46A81B401E0990002004F80B0025
:102710000B98099AC0F80880C0E9002B7AE71126C7
:102720004FF0000857E72DE9F04F88460446D21DC8
:1027300022F0070191B0D1E90001CDE90A0130F0A2
:10274000EFFD02460B98C00F01D02D2007E0206856
:10275000810701D52B2002E0202101EAC000032AD5
:10276000099001D0072A05DB03464146204600F0C8
:102770002DFA0BE12078800601D5E06900E0062003
:10278000B8F1650F814606D0B8F1660F18D0B8F1E0
:10279000670F70D131E00020B9F1110F009001DB1B
:1027A000112301E009F101030AAA01A90CA8FFF70E
:1027B000E2FEDDE90C70002609F10105834647E0E1
:1027C00001204B4600904FF000470AAA01A90CA82F
:1027D000FFF7D1FEDDE90DB00C995D46002610B97A
:1027E00009F101000D18B9EB050003D4C0F1FF3663
:1027F00009F10105A5EB09002BE0B9F1010F01DAA0
:102800004FF001090020B9F1110F0090484601DD99
:10281000112300E003460AAA01A90CA8FFF7ABFEAA
:10282000DDE90C704D4600268346207800070AD467
:10283000AB4500DA5D4601A8012D04DD411911F810
:10284000011C302907D04F4502DA17F1040F04DAD2
:10285000012082460FE06D1EEEE7002F02DCED1B2B
:102860003E4403E0781CA84200DD7D1CB81B00F14B
:10287000010A4FF000472078000703D4AA4501DB86
:102880004FF0FF3A0021B7F1004F0DF143088DF8EA
:10289000431024D002202B23002F01DA7F422D2366
:1028A0000A21021EA0F1010000DC5FB197FBF1FCE0
:1028B00097FBF1F201FB1C7C17460CF1300C08F879
:1028C00001CDEEE7A8F1010003702188090501D5CB
:1028D000452100E06521A0F1010800F8011C0998DC
:1028E0000FA9A1EB0807FF1D00B10120411901EB61
:1028F000EA70A1693844081A401EA0612078C00619
:1029000002D42046FEF77AFF099828B1D4E90121C4
:102910009047206A401C20622078C00622D52046BD
:10292000FEF76CFF1EE0002E04DBB34502DD01A8BC
:10293000805D00E03020D4E901219047206A401CEE
:102940002062761CAAF101005FEA000A0AD100F0B9
:10295000D1F8C0680168405CD4E901219047206A41
:10296000401C2062281EA5F10105DCDC07E0D4E94B
:10297000012118F8010B9047206A401C2062381E84
:10298000A7F10107F3DC2046FEF74EFF032011B04C
:1029900041E6000001694A1C02610878704700B5F1
:1029A0008FB0CDE901310021059105497944CDE988
:1029B000031011466846FFF735F80FB000BD000060
:1029C000E5FFFFFF0A6802F8010B0A607047D1E9D2
:1029D00000239A4202D2531C0B601070704710B54E
:1029E000436913B1AFF3008001E0FEF72EFF012031
:1029F00010BD127800F124010A7000224A700122F1
:102A0000EDE711684FF0FF32E9E73A2800D230389D
:102A100020F02002412A01D3A2F13700884201D3DD
:102A20004FF0FF30704700000268114413780160D6
:102A300018467047D1600549794451610449794489
:102A4000116200211161114600F096B9EDFFFFFF00
:102A50002B010000426842B1016811F8013B23B12B
:102A6000521EC0E90012184670470121C160881E3D
:102A7000704742685AB1C368016843B983688B42A2
:102A800005D0491E521CC0E90012002070474FF0CB
:102A9000FF30704710B5002000F09FFCFDF7A7FB4A
:102AA000BDE81040012000F017B82DE9F0410746BD
:102AB00015460E461020FFF73CFC04000AD0676064
:102AC000C4E9026500F01BF8016821600460002081
:102AD000BDE8F0810120FBE701491820ABBEFEE70D
:102AE0002600020010B500F005F8001D10BD00BF63
:102AF00055E2030010B5FEF705FD203010BD10B5FE
:102B0000FEF700FD383010BD002140F8041B40F8EE
:102B1000041B11F0DCBE0C207047801A0844401ED4
:102B2000491E88431044704770B5144605468C46CC
:102B30004368002B18BF634538BF1846F8D30268B6
:102B40001044604508D06646604604220821FFF71D
:102B5000E4FF811B8446641A2946CCF80040BDE896
:102B6000704000220CF10400FEF7E4BC10B50446EE
:102B7000FFF7B8FF0068005D00F0010010BD0968B4
:102B80004A0501D540B27047C905FCD500B270476F
:102B900009684A0501D5C0B27047C905FCD580B2A5
:102BA000704711680268006A530501D508700AE091
:102BB000D30501D5088006E0130603D5C217C1E985
:102BC000000200E008600120704700002DE9F0419C
:102BD0001F46044603260168072A01F4006004DB4F
:102BE00008B116A505E016A503E008B115A500E09B
:102BF00015A521F010002060A069C01EA0610FB1D2
:102C0000401EA0612046FEF7F9FD4FB1D4E9012135
:102C100038469047206A401C2062C01C206206E0B3
:102C2000206AFAE7D4E9012115F8010B9047761ED6
:102C3000F8D22046FEF7F8FDBDE8F0814E414E0087
:102C40006E616E00494E4600696E66002DE9FF5FB9
:102C500015468A460446DFF8AC80F8440027D8E9D8
:102C600000103E46CDE9001010E03AF816106A4612
:102C700002A800F07BFE411C07D02178890603D50D
:102C8000E269391891420DD80744761C20788006F5
:102C900002D5E069B84205DDAE42E6DB3AF816003F
:102CA0000028E2D1A069C01BA0612046FEF7A6FD66
:102CB000D8E90010CDE90010002017E03AF818100C
:102CC0006A4602A800F052FEB0F1FF3F81460BD0E9
:102CD00000250DF1080B05E0D4E901211BF80500E2
:102CE00090476D1C4D45F7D308F10100B042804676
:102CF000E4DB206A384420622046FEF795FDBDE8FB
:102D0000FF9F00003AF7030030B4002100F12404D3
:102D100008E002F00705D208303542EA4372DB08CA
:102D20006554491C52EA0305F3D10468002310A23C
:102D3000250708D504F020040C4304D0C4690123FE
:102D40000CA2641EC46130BCFFF7BCBB10B50446C6
:102D500021461068FFF71CFF02462046BDE81040E0
:102D60000023D1E7D21D22F00701D1E90023CBE7F0
:102D700000000000300000002DE9F34F4FF0000A82
:102D80000C4656468DB001200C9001F10C000B90C2
:102D900062690B9801219047051E2DD0252D2CD05E
:102DA000216A8847C0B162690B9801219047216A66
:102DB00088470028F7D16269411E0B98904700E0D0
:102DC000761CA1690D988847216A88470028F7D1A9
:102DD000E1690D988847DBE7A1690D988847A8420B
:102DE000074601D1761CD3E7E1690D9888477F1C1F
:102DF00002D1BAF1000F6FD06BE162690B98002726
:102E00003D46394690472A2804D162690B98012132
:102E100090470125DFF8D08262690B980121904725
:102E2000A0F130010A290AD24745E5DC07EB87010A
:102E300000EB4107303FDFD445F01005ECE7E90631
:102E400001D46FF000476C280AD04C2814D06828B1
:102E500015D06A280DD074281CD07A281AD01DE00D
:102E600062690B98012190476C2802D045F0040557
:102E700014E045F002050DE045F020050AE0626926
:102E80000B9801219047682802D045F0080505E01D
:102E900045F4006562690B9801219047C4E9015728
:102EA00065283DD019DC58287AD00CDC452837D06D
:102EB00004DC252826D041289ED131E046282FD099
:102EC000472899D12CE05B2877D0612828D0632847
:102ED0007CD0642823D15AE0F6E06F2848D008DC83
:102EE00066281DD067281BD0692821D06E2816D1EE
:102EF00027E0702845D0732868D0752847D07828F7
:102F00000DD14DE0A1690D988847252805463FF46D
:102F100069AFE1690D9888476D1C3FF46AAFD8E04E
:102F20000D9923466A466FF00100AFF30080C5E0BB
:102F300045F0400023464FF000026060A80736D4F9
:102F40003EE0E8077FF447AF2068011D216000687C
:102F5000290501D506701BE7290701D5068017E76B
:102F6000A90703D5F117C0E9006111E706600FE773
:102F700045F0400023464FF008026060A80716D4D1
:102F80001EE040F60E0125EA0100606016E045F003
:102F9000400023464FF00A026060A80707D40FE004
:102FA00045F040006060A80708D5234610220D991F
:102FB0006FF00100AFF3008080E007E010222346AD
:102FC0000D996FF00100FEF70FFE77E04FF000095A
:102FD00063284F46C8464B46CB4602D05B2806D0F6
:102FE00038E0E80601D40120A060012732E06269E0
:102FF000D4F80CB00B98012190475E2807D14FF010
:10300000010949466269D4F80CB00B9890472169D0
:1030100039B900210A4603AB43F82120491C08298D
:10302000FADBD8B3216949B308F1010862690B984A
:10303000012190475D28F4D1B9F1000F09D000209B
:1030400003A951F82020D24341F82020401C082831
:10305000F7DB03AB2069002820794FEA40701ED0CF
:103060005B462246CDF80080CDE901970D990028F6
:103070006FF0010020DAAFF300801FE0C11703AA50
:1030800000EBD1614B1121F01F0102EB8302411AC9
:1030900013680120884003431360C7E719E00D99C6
:1030A000224600286FF00100009702DAAFF300809B
:1030B00004E0FEF73FFE01E0AFF3008000280ADAEB
:1030C000401C06D10C9820B14FF0FF300FB0BDE886
:1030D000F08F5046FAE7E90701D10AF1010A0644E8
:1030E00000200C9054E60000CCCCCC0C2DE9F0472D
:1030F000814616468AB0354878440DC88DE80D00E3
:1031000032487844801C03AC0DC884E80D0041F6B9
:103110009B300844372190FBF1F290FBF1F5A5F1CB
:10312000800501FB12041B3C02D56442012000E033
:103130000020DFF898A080460027FA44AAF1BE0AD2
:103140000EE0E0070AD03246684607EB470101234C
:103150000AEB81012EF0D7F98DE8070064107F1C7F
:10316000002CEED1194F7F44AE3F19E0E80715D08F
:1031700007EB04100DF1180A90E80E008AE80E0023
:10318000C068F04201D1981908903246012306A97F
:1031900003A82EF0B8F903AB83E807006D10641C98
:1031A000002DE3D14FF0010332466946B8F1000F1C
:1031B00003A802D02EF092F901E02EF0A4F9C9E99B
:1031C0000001C9F808200AB0BDE8F08720F3030029
:1031D00010B565485421FEF795FF64485421FEF769
:1031E00091FF63485421FEF78DFF62485E49624AB1
:1031F000624B01605D4810605D4A1A60431C0B65BC
:10320000511C01650120106557484C3011F05FFBDF
:1032100056484C3011F05BFB55484C3011F057FBD1
:10322000574811F054FB58484F4A56A1784400F0D3
:1032300051FB20B9544878440A3800F0E1FB544867
:103240004A4A52A1784400F045FB20B950487844DE
:103250000A3800F0D5FB4F48454A4CA1784400F0AD
:1032600039FB20B94B4878440A3800F0C9FB4023A9
:103270003D48DC000021224600F09EFA20B1424881
:103280007844543800F0BCFB3848224640230021E3
:1032900000F092FA20B13E487844543800F0B0FB78
:1032A000334822461023002100F086FA002806D079
:1032B00038487844BDE81040563800F0A1BB10BD36
:1032C0002B482DE9F041006D2D4E20F001043046D1
:1032D000AFF30080244D4C352846AFF300802248E0
:1032E00000F044FA2846AFF300802846AFF3008090
:1032F0001E4D4C352846AFF300801C4800F036FACE
:103300002846AFF300802846AFF30080184D4C35B7
:103310002846AFF30080164800F028FA2846AFF39D
:1033200000802846AFF3008014E0206D20F00105F6
:1033300004F14C000746AFF30080204600F016FA77
:103340003846AFF300803846AFF300802046FEF7E2
:1033500022F92C46002CE8D13046AFF30080084813
:10336000AFF30080BDE8F081202500107425001027
:10337000C8250010D4040010D8040010DC0400108C
:10338000E00400107200000004F203007700000067
:10339000F0F10300DCF103002DE9F0410646FFF7F0
:1033A000AEFB8046454613E016B1E068B0420ED150
:1033B00020682860D4E90101D8F8007088472046C9
:1033C000FEF7E9F8D8F80000B842EBD100E0254656
:1033D0002C68002CE8D1BDE8F08110B500F0F8FAB7
:1033E000BDE8104000F0EFBA10B500F011FBBDE8E9
:1033F000104000F0E8BA70477546FEF783F8AE4615
:1034000005006946534620F00700854618B020B5F0
:10341000FDF7CAF8BDE820404FF000064FF0000766
:103420004FF000084FF0000BAC46ACE8C009ACE828
:10343000C009ACE8C009ACE8C00921F007018D461D
:10344000704700002DE9F04F04460D46D21D22F0D2
:10345000070089B0D0E90097484639462FF060FF51
:103460000246F80F01D02D2307E02068810701D51F
:103470002B2302E0202101EAC0038DF820300BB19C
:10348000012000E00020032A824601D0072A04DB45
:1034900029462046FFF79AFB3FE12078800601D4B9
:1034A0000D2500E0E569C7F30A560D2D49DA002124
:1034B0004FEA175B08464FF00000002F00F4400071
:1034C00007DA00EB80004FF4400100EBD07001EA16
:1034D00060008115012901DD4FF0FF3100224FEA24
:1034E000850CBCF1180F06D31346ACF118004FF051
:1034F0008052C24003E04FF4801323FA0CF30CF126
:103500000C0CBCF1200F04D3ACF1200C09FA0CF028
:1035100001E007FA0CF000294FF0004801DD18B96E
:103520000FE00ED140450CD319EB02095F4121B9E0
:10353000404502D19F4329EA0209BBEB175F00D047
:10354000761C2088000502D57B48784402E07A4842
:103550007844193808AA302302F80A30037C0AF1AB
:103560000101002E0AF1020A53546A4602DC4FF0B0
:10357000300101E04FF031014FF001088DF80010EB
:1035800002D0A6F2FF3603E059EA470100D06B4EA5
:10359000002D02DC2178090704D54FF002082E2106
:1035A0008DF80110C44600210BE0C7F303433F012F
:1035B000C35C491C6D1E02F80830052908F101089A
:1035C00001DA002DF1DC00210CE000EB1973491C3D
:1035D0001B786D1E082902F808304FEA091908F116
:1035E000010801DA002DF0DC21688B0602D516E017
:1035F000A8F10108E04505DD02EB080313F8013CE2
:10360000302BF5D0B8F1000F09DD02EB080313F8F9
:10361000013C2E2B03D1090701D4A8F10108002D8C
:1036200005DD3E2102F808106D1E08F10108407CFE
:10363000002E02F8080008F1010804DA2D20764275
:1036400002F8080002E02B2002F808000A214FF4DB
:103650007A70864208F101080BDB96FBF0F33033F9
:1036600002F8083096FBF0F308F1010800FB13663E
:1036700001E0642E0CDB642096FBF0F3303302F89B
:10368000083096FBF0F308F1010800FB136601E037
:103690000A2E06DB96FBF1F0303002F8080008F144
:1036A000010896FBF1F001FB1060303002F80800D1
:1036B000A16908F1010808EB050202EB0A00081AEB
:1036C000A0612078C00602D42046FEF797F8216A50
:1036D00008AE01EB0A00206204E0D4E9012116F8EB
:1036E000010B9047BAF1010AF7D22078C00602D543
:1036F0002046FEF783F86E4609E016F8010B3E28D7
:103700000FD0D4E901219047206A401C2062B8F113
:103710000108F2D22046FEF787F809B00320BDE881
:10372000F08F206A2844206203E0D4E90121302090
:1037300090476D1EEBD3F8E705EF030002FCFFFF97
:1037400010B5436913B1AFF3008001E0FFF77EFAD3
:10375000012010BD128800F1240182840022C2845D
:103760000122EDE711684FF0FF32E9E72DE9F0475C
:1037700004464FF0FF380026C568D4E90497A8072F
:1037800018D0204600F01AFB384611F0A2F80028A5
:1037900000DA4646280502D54846FDF7FCFE4C21D6
:1037A0002046FEF7AFFC206D20F00100206530467A
:1037B000BDE8F0874046FBE72DE9F04704461E468A
:1037C00090460D46C7684C308146AFF30080B8077D
:1037D00014D0780212D44046B8F5807F09D0B0F5F5
:1037E000007F06D0B8F5806F08D1012604F12405CA
:1037F00006E0701E6FF07F41884201D3012409E08A
:103800002561E6616560E06820F4706040EA0800C8
:10381000E06000244846AFF300802046BDE8F08712
:103820002DE9F04716468846070010D006F14C00F7
:103830008146AFF300803046FFF798FF18F8010B80
:1038400061280DD0722805D0772841D105E00020ED
:10385000BDE8F0870125002405E00225042402E0EC
:10386000082448F2020518F8010B2B2806D062281C
:1038700009D018F8010C74280AD00BE045F00305B4
:1038800044F00204EFE745F0040544F00104EAE7E0
:1038900044F010043846214611F022F8411C17D09C
:1038A0000021316171604FF40071F560F161706168
:1038B000200704D530460222002100F0C3F9306D04
:1038C00040F0010030654846AFF300803046BFE766
:1038D0000026F8E72DE9F04115460E460746214C33
:1038E0002046AFF300802A4631463846FFF798FF5E
:1038F00005462046AFF300802846BDE8F0812DE95B
:10390000F0410E468046174D2846AFF30080164C16
:10391000206DC10704D0410804D020F00104F7E76E
:10392000224612E05420FEF704FD070017D0206D58
:1039300047F001010843542120653846FEF7E2FBB9
:1039400007F14C0010F0C3FF3A4631464046FFF7FE
:1039500067FF04462846AFF300802046CDE70024E9
:10396000F8E70000E0040010202500102DE9F041E8
:1039700016460C460546FFF7B5F8036893F80101B3
:10398000012807D0FF2C12D8185D80B101202C70BF
:10399000BDE8F081D3F807013246214603F2071350
:1039A000C7182846BC46BDE8F041002360474FF0E9
:1039B000FF30EDE710B50446AFF300802046BDE8C8
:1039C0001040FCF704BD002801D0FFF785B8704710
:1039D00010B5002102A000F035FA012010BD000052
:1039E000534947414252543A2041626E6F726D61B1
:1039F0006C207465726D696E6174696F6E00000091
:103A000010B500F039FABDE81040FFF7DCBF000048
:103A100010B5012805D0002103A000F013FA012001
:103A200010BD09A1F8E7000053494752544D454DD8
:103A30003A204F7574206F662068656170206D654F
:103A40006D6F7279000000003A2048656170206D4A
:103A5000656D6F727920636F727275707465640042
:103A60002DE9F05F054617460C46C86820F4201083
:103A700040F48000C860800602D5084600F0C1F915
:103A8000E06841F282014FF0FF3A0140022903D081
:103A9000204600F053F9B9E000F42041B1F5004FA1
:103AA0000FD1C00306D56168E06A884200D8084695
:103AB000606006E02069E0626060606910F00BFF02
:103AC000A061A0680022EEB200280DDAE1688B0543
:103AD0000AD4C043A06041F490302260E060606886
:103AE000411C61600670AAE0E0689146226040F4E3
:103AF0000050E060206978BB606910F0EFFE04F1CF
:103B000024054FF00108A8B1A08910F4407F08D027
:103B1000E069FEF70EFC206118B1E06840F4006037
:103B200017E0C4F81C802561E06820F4407040F480
:103B300080600EE0E069FEF7FCFB00282061F0D019
:103B4000E06840F4006010F4407FE06002D140F48F
:103B50008070E06020696060E06825696FF0010BAB
:103B6000C1051ED56168E06A884200D80846411B3D
:103B700004D02246284600F0EBF8E8BB1FB1E5620E
:103B8000C4E9015959E0681CE0626060E069401EC8
:103B9000A060E06840F48030E06030462E70BDE800
:103BA000F09F17B100F480320AE06068411C616048
:103BB0000670E0680A2E40F48030E06006D00022F3
:103BC000E16A6068814203D90B4602E00122F7E70F
:103BD0000346B4F80CC05B1B5FEA4C5C04D4D4F819
:103BE0001CC09C4500DD02B3814200D80146002B79
:103BF000A1EB0008E56200E008E0C4E9015907DD37
:103C000022461946284600F0A3F808B15046C6E7F8
:103C1000B8F1000F09D0A169E5626560A1EB080069
:103C2000A061E06840F01000E06047B16168A06901
:103C3000E562491B08446560A0615846AFE730461D
:103C4000ADE700002DE9F041044616460D464769F0
:103C5000007B80072ED0384610F040FE50BB3EB3AC
:103C6000012E02D0022E25D104E0204600F03EF9BC
:103C700005441DE0384610F02EFEE168002841F0B2
:103C80001001E16005DA204600F058F80120BDE897
:103C9000F081C9030BD56268E16A914200D81146F0
:103CA000A26911442269891A814200DD084605444F
:103CB000002D01DA0220EAE7E16A6068E2688142E9
:103CC00006D29103E06203D522F4003141F01002E4
:103CD000A6690027AE4213DCE16A814201D90B4696
:103CE00000E0034603EB060C2369ACEB030CAC4588
:103CF00006DD814201D98C4600E084469C4505D111
:103D0000A760276042F02000A5620DE0AD1BE669C8
:103D1000AE1B8142A66000D90846C01A281A20604E
:103D20005819606022F0200003490840E06000203C
:103D300084F84870ABE70000BFCFD7FFC16821F41B
:103D4000001141F08001C160002181600160704775
:103D50002DE9F74F15460C464FF0FF3B3848D76822
:103D6000D2F814A0074209D05046A96910F0BAFD54
:103D7000002819DB3248C0430740EF604FF000498C
:103D80006FF000484C4501D3464600E026460099B6
:103D90003B465046324610F0A8FDA96920F000428B
:103DA000B21A1144A96128B12846FFF7C7FF584647
:103DB000BDE8FE8FA41BE5D10020F9E770B50446ED
:103DC0000569C06A6168884200D80846E16821F444
:103DD0002011E160C90312D5A84208D02246411B38
:103DE0002846FFF7B5FF10B14FF0FF3070BD00203F
:103DF000E562C4E90150E06820F48030E060002012
:103E000070BD10B50446C06820F02000E060A16AD3
:103E1000A06988420DD02046FFF7D0FFE06820F46B
:103E2000405040F01000E060A06AA0612069E062AC
:103E3000606044F24001E0688843E06010BD00002B
:103E40001000020070B505460C460A2000E06D1C0B
:103E500010F04DFD35B128780028F8D102E0641C3F
:103E600010F045FD14B120780028F8D1BDE870406D
:103E70000A2010F03CBD000010B5014602A0FFF77B
:103E8000E1FF012010BD0000534947525452454400
:103E90003A2052656469726563743A2063616E27E3
:103EA00074206F70656E3A20000000002DE9F0412B
:103EB00014460D46074601F14C063046AFF300802C
:103EC000094B7B44224629463846FEF768FD0446E6
:103ED000287B000601D54FF0FF343046AFF3008059
:103EE0002046BDE8F08100000F00030010B5014638
:103EF000C268900703D0900607D5886A0AE0FCF7ED
:103F00007DF901210160881E10BD8B694868184445
:103F10000B69C01A91F848301BB191F84910401A4A
:103F200010BD1103FCD50028FADD401E10BD042091
:103F30007146084202D0EFF3098001E0EFF30880F8
:103F4000816901F0FAB80A2027F09DBA0420714671
:103F5000084202D0EFF3098001E0EFF308808169A5
:103F600001F0EFB810B545F2D462C1F20002136857
:103F70008C4693F84E10D3E9092E0029014609D04A
:103F8000187B98244843135C13FB04E393F85F30D9
:103F900013B110BD187B4843105C982210FB02E05F
:103FA0006246BDE8104002F0C9BB00002DE9F04FA9
:103FB0009FB0044645F2D4602178C1F20000D0F8E9
:103FC00000B0481E0E288BF84D102DD80C94DFE859
:103FD00000F01F2B30082B2B2B2B2B2B082B2B39D6
:103FE000120004F10C0013F0CEF80E90A07B00211B
:103FF0000D9124212FE004F10C0013F0C4F80E9071
:1040000013F0C2F824220B92012201210D9224E028
:1040100004F10C0013F0B7F800210E90A07B0D9175
:1040200024210B91012118E0FF208BF84D0000F0B6
:1040300005BC201D13F0A7F80E90A07900210D916A
:104040001C2108E004F11C0013F09DF80E90A07FE5
:1040500000210D9134210B9102219BF84D208BF80A
:104060000100FF2A8BF800008BF802008BF84C103F
:1040700000F0E483002800F0058100254FF0010ADC
:104080004FF40C7700244FF000094FF0000800BFF8
:104090005FFA88F60E98314613F073F8817801F0D4
:1040A000E001202902D1012106E000BF017901F0E1
:1040B000E001202918D10321415C01390C2913D8D2
:1040C000DFE801F007121E4C12125527353E077A21
:1040D0007100DBF834104C2308FB031208FB03F3D8
:1040E00001F803A073E000BFDBF834104C2308FB99
:1040F000031208FB03F382F83DA001F803A068E077
:10410000DBF834104C2308FB031208FB03F30327EE
:104110005AE0DBF834100022214400BF8B1801F86C
:1041200002A04C32E42A83F83D50F7D151E0DBF88D
:1041300034104C2308FB031208FB03F3092743E068
:10414000DBF83410002249448B1801F802A04C32ED
:10415000B2F5987F83F83D50F6D13AE0DBF83410A1
:104160004C2308FB031208FB03F304272CE0DBF8C5
:10417000341098224FEA480C08FB021308FB02F7A0
:104180000CF101024FF04C0C83F83D5002FB0C1374
:1041900002FB0CF201F807A04FF40C7701F802A023
:1041A00083F83D5015E0DBF834104C2308FB031274
:1041B00008FB03F30D2707E0DBF834104C2308FB62
:1041C000031208FB03F30C27CF544FF40C7782F84B
:1041D0003D509BF84C20DBF82C10931E08FB071178
:1041E000B3FA83F3012A4FEA531318BF5A00012A86
:1041F0004A7013D0022A40F021830A7802F0F802B4
:1042000002320A70DBF82C1008FB07F28B5C007896
:1042100003F00F0343EA00101BE000BF0D9B027880
:1042200023B10A7016E000BF000000000B7802F016
:10423000010203F0F8031A440A70DBF82C1008FBA3
:1042400007F200788B5C00F01E0003F00F0343EAD6
:10425000C000885413F018FA314613F033FADBF833
:1042600030104FF42D7208FB021108F10108C1F85B
:1042700048029BF8010009F59879804504F1E404AF
:10428000FFF406AFDDE90B1000EB010945F2D46045
:10429000C1F20000D0F800800020002119F80020B1
:1042A000CBB29A4288BF1346FF2A00F1010018BF23
:1042B00019460428F2D1D8F84840481C09F1C40531
:1042C000002688F8020000BF002700BFE85912F05E
:1042D000D3FD54F8260038440437182F80ED000A27
:1042E000F4D10136042E05F11805EDD1D8F83C00C3
:1042F00009F1440108F06EFFD8F8380009F184058F
:10430000294608F067FFD8F84000294608F062FF08
:10431000CDF83480D8E910180DF13C0A002253463C
:10432000002700BF51F8270058F82760002500BF7C
:10433000445972515C510435102DF9D10137042FC5
:1043400003F11003EED100204FF07E5158F8002009
:10435000115004301028F9D11FED4D1A0AF1100C3C
:104360000026BFEE000A5146D64600BF4FF0FF328E
:104370007346B0EE412A374693ED003A103323EEF0
:10438000033AB4EE423AF1EE10FAC4BFB0EE432A5B
:104390003A460137042FEFD1501C00F0B68058F890
:1043A0002640B2420FD058F822000AEB0212002336
:1043B000D558CF58CD50D750C558E758E550C750BD
:1043C0000433102BF4D10AEB061000EB860090EDBD
:1043D000002A624680EE022A334600BF01330AEB10
:1043E000031000EB860090ED003A58F8237022EE9F
:1043F000033A0025481990ED004A501990ED005AF3
:1044000023EE044A34EE054A80ED004A601990ED2F
:10441000004A781990ED005A23EE044A043534EE30
:10442000054A102D80ED004AE4D1032B02F1100261
:10443000D4D101360EF1140E1031032E0CF1100CF4
:1044400094D10AF1200C0AF130024FF0030E00BFA4
:104450000AEB0E1000EB8E0090ED001A58F82E605B
:1044600080EE011A614673461F46013B0AEB0310BA
:1044700000EB8E0090ED002A58F8235021EE022A1E
:10448000002000BF141894ED003A0C1894ED004A77
:1044900022EE033A33EE043A84ED003A341894EDF8
:1044A000003A2C1894ED004A22EE033A043033EE21
:1044B000043A102884ED003AE4D1012FA1F1100153
:1044C000D2DCBEF1010EACF1100CA2F11002BFD88B
:1044D0000021B7EE000A00BF0AEB011000EB8100DB
:1044E00090ED001A58F8210080EE011A002200BF5A
:1044F000831893ED002A043221EE022A102A83ED5C
:10450000002AF5D101310429E6D145F2D468C1F27F
:104510000008D8F80050DDE90DA7002019F80010B8
:10452000FF2903D02A6A1154EA6911540130042882
:10453000F4D16878E8B10024002600BFE1B2384623
:1045400012F01FFE407823F059FC012898BF01208B
:1045500019F80420F1B250FA86F000BF6B6A0136F8
:104560005A54F1B28842F9D8697801348C4206462F
:10457000E4D338460021002412F003FE407823F0F3
:104580003DFC012898BF01206978AA782873484328
:1045900028704AB1002000BFA9680C54A9780130E6
:1045A0008842F9D328780C46000610D0002000BFBE
:1045B000696AAA68095CAB69575C53F821307E1CB4
:1045C0005654D855297801308842F1D3AC784FF051
:1045D000000044B1002100BF6A685054AA7801313C
:1045E0009142F9D31046697881B10020296A6A683E
:1045F000095C6B69575C53F821307E1C5654D855C2
:10460000697801308842F1D3A87800E0002140B1F8
:10461000002000216A685054AA7801319142F9D3F0
:10462000697879B1002000BFE9696A68095C2B6983
:10463000575C53F821307E1C5654D85569780130A8
:104640008842F1D39AF80200A8B309F104040025C6
:10465000002600BFA078DAF82810C0F3011248192C
:104660008263A1788909C163617801F00301416324
:104670006178C1F3810101646178C1F30111416482
:10468000617889098164A17801F00301C164A1788E
:10469000C1F3810101652178C1F3400180F85E100A
:1046A000211D05F053F89AF802000136983586422C
:1046B00004F11004CED3D8F8009099F80280B8F134
:1046C000000F56D0D9F828E000234FF0980C4FF493
:1046D0002D75012403FB0CE191F8621001292FD004
:1046E000032917D0022941D1D9F80470F95C0029B7
:1046F0003CD0D9F81000D9F8306050F823200021C0
:10470000505C013110FB056080F82642F85C814264
:10471000F6D32BE0D9F80470F85C38B3D9F8100060
:10472000D9F8306050F82320002100BF505C0131DF
:1047300010FB056080F82642F85C8142F6D315E054
:10474000D9F80470F95C89B1D9F81010D9F8306043
:1047500051F82320002100BF505C013110FB05609F
:1047600080F82642F85C8142F6D300BF013343450E
:10477000B0D1DBF8487001200021B7EE000A00BF7D
:1047800057F82120002602EB810300BFB14205D17A
:1047900093ED001AB4EE401A04E000BF92ED001A47
:1047A000B5EE401AF1EE10FA06F1010618BF00202E
:1047B000082E02F10402E9D101310429E0D10028D8
:1047C00018BF00279BF802000B97B8B3DDF82C90B8
:1047D00000250026DBE90A01DBE904380D91DBF84E
:1047E000381000EB050EDBF818000C91DBF83C10DC
:1047F00058F8268050F82600DBE90C7A0E91DBE9A8
:10480000104CDBE9011253F82630CDE900800D98F9
:104810000297CDE9030A0C980E9F31443244CDE94A
:1048200005047046CDE908C9079701F09BFB9BF88A
:1048300002000136864205F19805CBD31FB0BDE8D2
:10484000F08F00002DE9F04F83B045F2D466C1F23D
:10485000000637680446386B4FF42D7804FB0800D7
:104860000D4604F07DFF30682946006B04FB08000C
:1048700004F00EFE30682946006B04FB080004F0CB
:1048800007FE30684FF40C76C06A05F1500104FB56
:10489000060004F007FEF86A95F8C61004FB06004F
:1048A00003F068FCF86A05F1A40C04FB060095ED22
:1048B000270AD5ED280A9CE80E10D5F8B460CDE99A
:1048C00000C604F035F9386B5FFA84F904FB080080
:1048D00049462A4600F0CAFF387B90B34FF04C0A95
:1048E000002604FB0AFB4FF0000800BF97F84D10AC
:1048F000042908D1796B604300FB0A10304405F0AD
:10490000F9FFB8B9387B796BD5F898200BFB00100C
:1049100095ED320A3044494601F024FC45F2D4605A
:10492000C1F20000006895ED330A406B04FB0A00F9
:1049300005F0D7FF387B08F10108804506F14C06E9
:10494000D4D303B0BDE8F08F45F2D462C1F20002C7
:1049500012684FF42D73126B00FB032003F0EEBBC3
:1049600045F2D463C1F200031B6800EE101AD3F8BD
:1049700030C04FF42D7300FB03C001EE102AB8EED7
:10498000C00AF8EEC10A01F093BBF0B581B045F260
:10499000D466C1F2000632680446106B4FF42D77DE
:1049A00004FB07000D4604F0DBFE30682946006B6F
:1049B00004FB070001B0BDE8F04004F069BD0A4601
:1049C00045F2D461C1F2000109684FF40C73C96A61
:1049D00000FB0313C1B2184601F00EB845F2D462D1
:1049E000C1F2000212684FF40C73D26A00FB03207C
:1049F00003F09EBF10B582B045F2D462C1F200024E
:104A000012684FF40C73D26A91EC020A00FB032087
:104A1000D1E902C2D1E9043E8C696146CDE900E4E6
:104A200004F086F802B010BD45F2D461C1F2000175
:104A300009684FF40C72C96A00FB021004F0C0BE92
:104A400045F2D462C1F2000212684FF40C73D26ACC
:104A500000FB032004F084B900F07EB870B545F285
:104A6000D464C1F200042268907858B10025002671
:104A7000906A284400F0CAFD226801369078983583
:104A80008642F5D3D06A517892F84C20BDE8704048
:104A900001F02EB945F2D462C1F200021368024659
:104AA000186B4FF42D7302FB03000B4611461A4698
:104AB00001F072BA45F2D460C1F20000006890F8CB
:104AC0004E00704745F2D462C1F2000212684FF402
:104AD0000C73D26A00FB032001F083BAF0B581B0F9
:104AE00045F2D467C1F2000716463A680446106BD7
:104AF0004FF42D7204FB02000D4603F0E1FA40B1C1
:104B000038684FF40C71C06A04FB0100294603F0B9
:104B100034FB46B138684FF40C71C06A04FB0100E5
:104B2000D0F89C00286101B0F0BD000070B545F2DE
:104B3000D464C1F200042068817861B100250026A8
:104B4000806A0D21284405F0DBFE2068013681785B
:104B500098358E42F4D370BDF0B581B02DED048B45
:104B600045F2D460C1F200000468002C00F07F80A0
:104B700060789FED419A01250026B7EE008A4FF438
:104B80002D77A070257300BF606800228555E0690D
:104B90008655606A8655206950F826000670206C9C
:104BA000A16B50F8260051F8261000BF9642B0EED7
:104BB000490A02F1010208BFB0EE480AA0EC010A5E
:104BC000A1EC010A042AF1D1A06C002150F82600C2
:104BD0008E42B0EE490A01F1010108BFB0EE480A69
:104BE000A0EC010A0829F3D1206B06FB070000F0B6
:104BF00016FBA0688555A06950F82600067001369E
:104C0000042EC1D100254FF40C7600BF206A00228B
:104C10004555606950F825000570606CE16B50F8EF
:104C2000250051F8251000BF9542B0EE490A02F167
:104C3000010208BFB0EE480AA0EC010AA1EC010A8B
:104C4000042AF1D1E06A05FB060000F082FB013581
:104C5000042DDBD1002500BF606B284401F05FF913
:104C60004C35B5F5187FF7D1FF2084F84D00BDEC29
:104C7000048B01B0F0BD00BF00000000F0B581B0B2
:104C800045F2D465C1F200052A68137B8BB10C464E
:104C9000516B58434C2200FB02100026214600F1C4
:104CA0004C0701F0FEFC28680136007B864238463E
:104CB000F4D301B0F0BD45F2D462C1F20002126833
:104CC0004FF40C73D26A00FB032004F073BD45F26D
:104CD000D462C1F2000212684FF40C73D26A00FB76
:104CE000032005F08BBF45F2D462C1F200021268C6
:104CF0004FF40C73D26A00FB032006F0C6B945F2EC
:104D0000D462C1F2000212684FF40C73D26A00FB45
:104D1000032004F039B845F2D462C1F200021268EF
:104D20004FF40C73D26A00FB032004F0BBBB45F2C6
:104D3000D461C1F2000109684FF40C72C96A00FB2A
:104D4000021003F000BF0000F0B581B045F2D46757
:104D5000C1F200073C680E4605465CB916F054FBEC
:104D600004215022012316F059FB04460028386024
:104D700000F0DF80042026706570A57000F040FD13
:104D8000A06216F041FB04210122042316F046FB29
:104D9000606016F039FB04210122042316F03EFB6B
:104DA000A06016F031FB04210422042316F036FB28
:104DB000206116F029FB04210422042316F02EFBA7
:104DC000606116F021FB04210422042316F026FB67
:104DD000A06116F019FB04210122042316F01EFB2A
:104DE000E06116F011FB04210122042316F016FBEA
:104DF000206216F009FB04210122082316F00EFBA5
:104E00006062042008F0B0F92063042008F0C4F9BF
:104E1000E062082000F0FCFF606316F0F5FA042160
:104E20000422042316F0FAFAA06316F0EDFA042126
:104E30000422042316F0F2FA206416F0E5FA0421A5
:104E40000422042316F0EAFAE06316F0DDFA0421E6
:104E50000422042316F0E2FA606416F0D5FA042165
:104E60000422042316F0DAFA0025A06416F0CCFA26
:104E700004210122042316F0D1FA216941F825000A
:104E800016F0C2FA04210422042316F0C7FAA16B1B
:104E900041F8250016F0B8FA04210422042316F084
:104EA000BDFA216C41F8250016F0AEFA0421042267
:104EB000082316F0B3FAA16C41F825000135042D42
:104EC000D4D1002516F0A0FA04210122042316F003
:104ED000A5FA616941F8250016F096FA042104222A
:104EE000042316F09BFAE16B41F8250016F08CFACA
:104EF00004210422042316F091FA616C41F8250084
:104F00000135042DDED1002516F07EFA04210122A0
:104F1000082316F083FAA16941F825000135042D14
:104F2000F2D1002084F84E00FFF716FE204601B0B3
:104F3000F0BD0024FAE745F2D462C1F20002126823
:104F4000D369926A185C982310FB032005F0D8BC43
:104F500045F2D462C1F200021268D369926A185C09
:104F6000982310FB032006F0BBB845F2D461C1F2D0
:104F7000000109684FF42D72096B00FB021001F06B
:104F8000DBB945F2D461C1F2000109684FF42D721A
:104F9000096B00FB021001F0E4B945F2D461C1F2E3
:104FA000000109684FF42D72096B00FB021001F03B
:104FB00006BA45F2D461C1F2000109684FF42D72BE
:104FC000096B00FB021001F029BA45F2D461C1F26D
:104FD000000109684FF42D72096B00FB021001F00B
:104FE00032BA45F2D461C1F2000109684FF42D7262
:104FF000096B00FB021001F03BBA45F2D461C1F22B
:105000000001096881F84E00704745F2D461C1F291
:10501000000109684FF42D72096B00FB021000F0CB
:105020008EB9000070B545F2D464C1F20004216865
:105030000A7B7AB1496B50434C2200FB02100025D9
:1050400000F14C0601F05EFB20680135007B8542D3
:105050003046F5D370BD0000F0B581B045F2D4669E
:10506000C1F200063268137B8BB10C46516B58437A
:105070004C2200FB0215002734F82710284601F0C7
:1050800095F830680137007B4C358742F4D301B086
:10509000F0BD45F2D461C1F2000109684FF42D72F0
:1050A000096B00FB021006F0BFB845F2D461C1F2F3
:1050B000000109684FF42D72096B10FB021004F017
:1050C000EAB945F2D462C1F2000212684FF40C73DF
:1050D000D26A00FB032004F077BB45F2D462C1F230
:1050E000000212684FF40C73D26A00FB032006F032
:1050F000F1B845F2D462C1F2000212684FF40C73A9
:10510000D26A00FB032003F061BC45F2D462C1F215
:10511000000212684FF40C73D26A10FB032003F0F4
:1051200039BE45F2D462C1F2000212684FF40C732A
:10513000D26A00FB032005F0C3BF0146082026F019
:10514000BAB90146062026F0B6B90146072026F076
:10515000B2B90146092026F0AEB9042071460842D2
:1051600002D0EFF3098001E0EFF308808169FFF7D7
:10517000ECBF052026F087B90B2026F084B9042067
:105180007146084202D0EFF3098001E0EFF3088096
:105190008169FFF7DEBF70B543F6C064C1F2000459
:1051A00020464FF4A871FCF7ADFF40F2FF10C0F2AB
:1051B000023020644FF6FF700125A4F8610004F16D
:1051C0007000902184F85450FCF79CFF002604F5F1
:1051D000967084F8286184F8296184F82A610EF0B9
:1051E00030F94FF47A70C4F838014FF4C8704FF4B6
:1051F0002F716423C4E9500140F2657040F200024F
:1052000084F83061A4F83251C0F60300C0F60202FF
:105210002146C4F84831BDE87040FCF7FBBD2DE9DC
:10522000F0474FF0000A0446C0F8C4A0EC30122149
:1052300004F5807504F5B278FCF764FF2846602118
:10524000FCF760FF404600F0D7FD04F5B87948460A
:1052500000F0D2FD04F5BE76304600F0CDFD04F539
:10526000C477384600F0C8FD04F5CA75284600F03A
:10527000C3FD4046642105F057FE4846642105F011
:1052800053FE3046642105F04FFE3846642105F098
:105290004BFE2846642105F047FE404600F037FEED
:1052A000304600F034FE484600F031FE384600F04B
:1052B0002EFE284600F02BFE04F5D07000210022BF
:1052C000002300F0A6FE201D07F049FF04F1640052
:1052D00007F045FF0B2004F50675A4F808022846E0
:1052E000A4F824A284F80AA200F086FD04F503764F
:1052F000304600F081FD284641F2883105F014FE69
:10530000304641F2883105F00FFE284600F0FFFDDF
:10531000304600F0FCFD04F1CC00202104F51175AD
:1053200084F826A284F8C8A0FCF7ECFE28462821C1
:10533000FCF7E8FEFF2084F86802BDE8F08790EDF6
:105340004A0A00F5D070BDEEC00A10EE101A00F047
:105350007FBEB0B54FF40C710446FCF7D3FE4FF09E
:105360007E50606040F20110A4F800014BF2B000E2
:10537000A4F81C01002504F5907084F80451C4E9D8
:105380004255C4E9445500F037FD04F5A27000F021
:1053900033FD04F596701421FCF7B4FE04F5B870E3
:1053A0002A21C4F8A45184F8A851FCF789FE0AF018
:1053B00051FF0020C4F2C8204DF20A7147F2A40246
:1053C00004F5AC73C3F62341C3F67D7227C384F89A
:1053D0006851C4F86C51B0BDB0B52DED0A8B0D46C7
:1053E00091F82410012202FA01F100EE101AB8EE31
:1053F000C00AB7EE008A88EE009AA96904460160E7
:1054000095ED000A95ED033A95ED011A95ED022A06
:10541000142120EE09AA29EE030A80ED01AA80EDED
:10542000040A143029EE02BA29EE01CAFCF76AFE1A
:1054300028699FED252AA06295ED070A95ED081AC7
:1054400029EE000A84ED0D0A29EE010A84ED0E0A08
:105450009FED1E0AB2EE041A2BEE000A2AEE011A84
:1054600031EE001A80EE011A696900202CEE022A42
:10547000B5EE400A9FED163AC4E9141084ED032AF4
:10548000F1EE10FA4FF00001B5EE40AAA06584F8E5
:105490005C0084ED020A38EE412A18BF0121F1EECA
:1054A00010FA18BF012020EE020AB0EE432A08408D
:1054B0001CBFB0EE412AB0EE403A84ED0B2A84EDD9
:1054C0000C3ABDEC0A8BB0BD6F12033A00007A446F
:1054D0000000000090ED081A90ED033A90ED094AA3
:1054E00031EE005A23EE055A90ED0A3A90ED012A6A
:1054F00035EE044AB4EE434A22EE002AF1EE10FAE9
:1055000080ED094A06DCB1EE433AB4EE434AF1EECF
:1055100010FA03DAB0EE434A80ED093A32EE042A7B
:1055200090ED074A90ED0B5A90ED0C6A30EE411A5F
:1055300025EE044A26EE011A90ED003A31EE041AE7
:1055400032EE014A90ED142A80ED071A34EE031A68
:10555000B4EE421AF1EE10FA80ED080A02DDB0EE68
:10556000421A08E0B1EE420AB4EE401AF1EE10FA27
:10557000B8BFB0EE401A90F85C10B0EE410A0139A5
:1055800003292ED8DFE801F0021D0B1490ED160A56
:1055900090ED152A9FED193A9FED194A19E090ED0B
:1055A000160A90ED152A9FED113A9FED114A10E071
:1055B00090ED160A90ED152A9FED123A9FED124AD2
:1055C00007E090ED160A90ED152A9FED0A3A9FED3F
:1055D0000A4A31EE000A20EE030A22EE042A32EED5
:1055E000000A80ED150A80ED161A70471F4C243B07
:1055F00068B77E3F75B2613B9B3C7E3F72FA183CB8
:105600002C387B3F8F90CD3A6F327F3F2DE9F047AA
:10561000044602F0D7FD204603F0D2FF94F85F0065
:1056200020B12046BDE8F04702F0F0BA94F86810C7
:10563000FF2904D1002084F85F00BDE8F087D4F88A
:105640000080E26E98F800A047F230539A4218DAD0
:10565000606890F80080501CE066C81E01220B288C
:1056600084F85F2000F26D80DFE800F00706860610
:10567000067E82768A7A8E72DCE7204605F034FF59
:1056800085E0FE2921D1BAF1000F53D0A1686269EB
:1056900000234FF42D7E4FF40C7C5546CE5C16FB58
:1056A0000E2696F86872062F0CD106F51375E6687B
:1056B000A769F65C686916FB0C76F063A86930642C
:1056C00098F800500133AB42E8D3FF2084F868001B
:1056D0004FF00B080020BAF1000F84F85A8084F8CC
:1056E0005F0025D000274FF42D794FF40C7600BFD2
:1056F000D4E90201D4E90523C05D10FB092080F83C
:105700000882C85D002110FB063000F064FFE068ED
:10571000A169C05D10FB061000F0D3FBE068A16931
:10572000C05D10FB061000F09BFF0137BA45DFD1CA
:10573000BDE8F087FF2084F868000B2084F85A0049
:1057400078E7FE297FF476AF204607F0C7F81EE021
:10575000204606F011FC1AE0204606F06DFA16E02D
:10576000204606F0D1FB12E0204605F0FBFE0EE0DD
:10577000204606F027F80AE0204605F0D1FE06E0B4
:10578000204606F001FB02E0204606F0D9FB002887
:1057900084F85F0008BFBDE8F087B8F1000F0ED0B5
:1057A00000274C262069E169C05D10FB061003F05C
:1057B00000FF00283FF43EAF0137B845F2D1FF208B
:1057C00084F86800204602F0FDFC0020BAF1000FCA
:1057D00084F85A000DD0A16862694FF42D7300BFA0
:1057E00011F8017BBAF1010A17FB032787F80802B9
:1057F000F6D120460121BDE8F04705F081B8000050
:105800002DE9F04F81B0054615F0FEFD04219822E8
:105810002B46982615F002FE04461DB305FB06FB39
:1058200000264FF00B084FF001094FF0FF0A002748
:10583000E51905F114002021E651C5E90166EE6085
:10584000FCF760FC05F134002021C5F85A80FCF714
:1058500059FC9837BB45A5F85E90A5F8616085F8BE
:1058600068A0E5D1204601B0BDE8F08F2DE9F047F2
:10587000044690F8FD001546217050B19FED571A6F
:105880009FED573A9FED572ADFED570A9FED570AD4
:1058900013E095ED1F1A95ED1E0A95ED202A95ED62
:1058A000213AF8EEC10A95ED251AB8EEC00AB8EE15
:1058B000C22AB8EEC33AB8EEC11A04F1EC0084ED86
:1058C000400AC4ED410A84ED422A84ED433A80EC5B
:1058D000030A95ED222A49F28060C4F61830C4F814
:1058E000F80084ED562AD5F88C00B7EE003AC4F8DB
:1058F0005C01D5F89000DFED3F1A83EE023AC4F860
:105900005401B5EE402A04F5D0709FED394AF1EE0E
:1059100010FA08BFB0EE443A84ED583A03F0C8FFDD
:10592000B5F8BC1004F5BE79484605F0FDFAB5F8A7
:10593000BE1004F5CA78404605F0F6FAB5F8C01076
:1059400004F5C47A504605F0EFFAB5F8C21004F534
:10595000B877384605F0E8FAB5F8C41004F5B27621
:10596000304605F0E1FA484600F0D1FA384600F03A
:10597000CEFA504600F0CBFA404600F0C8FA304666
:1059800000F0C5FA0020C4F86001D5F8D000C4F8D2
:10599000C40095F8D40084F8C800E8B1D5F8E01048
:1059A000D5E93602C4F8D410C4E93302D5F8EC10B6
:1059B000D5E93902C4F8E010C4E93602D5F8F000A0
:1059C000C4F8E400D5F8F41004F51B70C4F8E8102E
:1059D000BDE8F0470AF04BB8BDE8F087000080460C
:1059E0005575D8465575D8C65555D5465555D5C65D
:1059F000000000008096184B2DE9F04188B08170BE
:105A00000446106D4FF0FF31606092F86500154656
:105A1000C0F340002074506DB0F1FF3FC8BF0121BA
:105A2000616592ED1A0A92ED051A84ED160AB2F834
:105A30007200BDEEC11A6082506FE063906F206407
:105A4000906D84ED1B1AE065B2F96000A067B2F9B1
:105A50005C10B2F95E20B5F97000E2676278C4F8B4
:105A60008010022A81B200F0B980012A40F0D4806F
:105A700008B2B0F5FA4FA8BF4FF4FA40A061A5F8FC
:105A80007000002084F8500195F86500C0F3800094
:105A900084F8500195F86510CA0704D0023084F8E4
:105AA000500195F865100A0704D5083084F85001B4
:105AB00095F865108A0705D540F0040084F8500178
:105AC00095F86510CA0604D5103084F8500195F891
:105AD0006510490644BF203084F85001686DB2EE6D
:105AE000041AA4F85101B5F8620020EE010AA4F8E6
:105AF000530195F86400BDEEC00A84F8550110EE1C
:105B0000100A84F856012046294608F099F905F153
:105B10002801204608F02EFA2078B5F872200303F9
:105B200000F007013FFA83F343EA0121084406909D
:105B300006A8ADF81C200CF0B4FF2078EA6D07032E
:105B400000F007013FFA87F747EA0121B5F8603016
:105B50000844CDE9030203A8ADF814300CF08DFF22
:105B6000207840F20073020242EA0032C0F20F03D2
:105B70001A401044E96E009001208DF804000027BF
:105B80006846CDF80510ADF809700CF012FF2078CA
:105B9000D4F85021060300F007013FFA86F646EAE2
:105BA00001210844D4F854318DE80D0068460CF00A
:105BB00028FF04F5A2763046322105F0B5F93046CB
:105BC00000F0A5F904F590763046322105F0ACF9E5
:105BD000304684F81D7100F09AF92FE008B2B0F554
:105BE000526FA8BF4FF45260A06195ED1B0AA5F853
:105BF0007000B5EE400AF1EE10FA11D095ED031ADF
:105C0000B5EE401AF1EE10FA0AD0B7EE002A82EE95
:105C1000011A84ED670A08E0A061A5F870100DE094
:105C20009FED321A0020C4F89C012178002084F8EE
:105C30001C01080984ED681A2FF08EFD0020C4F8BD
:105C4000A40195ED1F0AB5EE400AF1EE10FA47DD0A
:105C500010EE100A3BF038FE41EC100B05F1800805
:105C600084ED700B98E8C1013BF02EFE41EC100B67
:105C7000304684ED720B3BF027FE41EC100B3846AA
:105C800084ED740B3BF020FE41EC100B404684ED9C
:105C9000760B3BF019FE41EC100B84ED780BD5F838
:105CA00090003BF011FE41EC100B84ED7A0BD5F81F
:105CB00094003BF009FE41EC100B84ED7C0BD5F811
:105CC00098003BF001FE41EC100B84ED7E0BD5F803
:105CD0009C003BF0F9FD41EC100B012084ED800BA2
:105CE00084F8A80108B0BDE8F08100BF0000000002
:105CF000B0B58AB00C46012A14D0022A4AD1002C31
:105D000048D000F19C0500BF296815F89C0C45F8A7
:105D1000801C000909B230F04DF8013C05F50C7506
:105D2000F2D137E0002140F2077208910191009210
:105D3000CDE90221CDE90421CDE906218DF821101C
:105D40002CB300F19C01EC46042C28BF042400BFB6
:105D5000002814BF11F89C3C07239DF82050032D08
:105D600011D81A033FFA82FE03F007024EEA02221C
:105D700002EB030E6B1C0A688DF820300CEBC50398
:105D80004CF835E05A60013C01F50C71E0D16846F1
:105D90000CF0A0FD0AB0B0BDB0B5044640780128B3
:105DA00003D194F81421D2071AD101398AB2022AF8
:105DB00016D8C90040F6503289B2C0F20602022855
:105DC00022FA01F50ED001280AD1E9B2204607F0E7
:105DD00078FF04F5907084F81D5100F098F809E000
:105DE0000020B0BD30F0ACF8207800092FF04CFD59
:105DF00084F81C510120B0BD4CF60021C3F69A3145
:105E00000022C0E900128260704721F035BF000017
:105E100070B5044615F0F8FA04214C2223464C25AF
:105E200015F0FCFA5CB304FB05F100224FF0010C05
:105E30006FF0802E4FF07E53002400BF051995F8B7
:105E4000406000F804C006F0F0064C340736A1426A
:105E5000A5F83B2085F83D2085F83A202A87C5E93A
:105E60000122C5E90322C5E90622C5E90832C5E9D0
:105E70000A22C5E90C2E6A6485F84060DED170BD47
:105E8000B0B5D0E90B3CD0E902E5A3EB0C04036309
:105E90000EF1010305EB040C9342C0E9023C0DD95D
:105EA000BCF1000F48BFCCF1000C00228C454FF034
:105EB0000001B8BF0121C0E9022200E0002108462C
:105EC000B0BDB0B50446407802280FD0012818BFF5
:105ED000B0BD20460021002507F0F3FE04F59070C8
:105EE00084F81D51BDE8B04000F011B820780009D9
:105EF0002FF032FC94F81C012A21A0281CBF00209E
:105F000084F81C0104F5B870FCF7DAF8B0BDD0E9EC
:105F10000021914238BF01608168416070470122D1
:105F2000002102706FF08022C0E90C1290F840202E
:105F30004FF07E53A0F83B1080F83D1080F83A10E7
:105F40000187C0E90111C0E90311C0E90611C0E9E8
:105F50000831C0E90A11416402F0F001073180F80C
:105F6000401070472DE9F04FDDE911ECDDE90F98A5
:105F7000DDE90DBADDE90B54DDE9097680E88E0034
:105F8000C0E90465C0E9064BC0E908A8C0E90A9E5B
:105F9000C0F830C0BDE8F08FB0B50446B0F80802D4
:105FA0001546908404F5D07001F0E0FD002818BF7C
:105FB000012094ED4A0A94ED4B1A94ED4C2ABDEE63
:105FC000C00ABDEEC11ABDEEC22A85F8260085EDD5
:105FD000000A85ED011A85ED022AD4F83401E86043
:105FE000B0BD10B50C46D0F81CC0826A416F436B3F
:105FF0004FF0000E84E80C40A181A4F810C006F018
:1060000009FB28B142F69070C0F606000068606196
:1060100010BD80B500EE101A01EE102A02EE103A03
:10602000B8EEC00AB8EEC11AB8EEC22A002200F1DA
:10603000300180ED050A80ED061A80ED072AC0E9DF
:10604000082280F8282008461421FCF75BF880BD60
:1060500090ED000A90ED011A02EE101AB4EE410A1A
:10606000F1EE10FAB8EEC22A0ED0B4EE420AF1EE0A
:1060700010FA0BDCB4EE421AB0EE420AF1EE10FA5E
:10608000B8BFB0EE410A01E0B0EE420A10B500F12F
:10609000180180ED040A80ED050A00F1300408467D
:1060A0001121FCF72FF820461421FCF72BF810BD26
:1060B000014690F8FD009FED0B1A9FED0B2A00287A
:1060C00004BFB0EE401AB0EE602A81ED3B1A9FED9E
:1060D000071A01F5D070F0EE411A81ED3C2A03F069
:1060E000E7BB00BF5555D5C65555D5460000000045
:1060F00010B504464078022811D0012816D1204658
:10610000092107F0DEFD002084F81D0104F59070E0
:10611000FFF7FDFE04F5A270FFF7F9FE06E0207818
:1061200000092FF019FB002084F81C01002084F8DE
:106130000401C4E94400A4F80601A4F84001A4F84D
:10614000020110BD90F81C1101200B2905D800FA9E
:1061500001F212F4446F18BF704750291CBF002091
:106160007047704710B5044690F83D0084F83B1026
:1061700048B194F840204FF07E500121C4E9071047
:1061800022F004000DE04FF0FF30B2F1FF3FC8BF36
:106190000120E061204684ED090A05F04BF994F8EE
:1061A000400000F0FE0084F8400010BD002800F020
:1061B000B98070B586B0044690F83D00002840F0E4
:1061C000AE8094F84000C20740F0A9800022430747
:1061D000226313D4B4F934006282A289A18130B160
:1061E0008A1A12B2824242DC404290423FDCE2898B
:1061F0002046914220D150F82C1F3EE022780D2AF3
:1062000000F28B80012303FA02F243F602631A4282
:1062100072D094F83C20002A06BFA1810B46A389C6
:10622000B4F934605B1AB3421ADB7642B34217DC2E
:10623000002084F83C0070E050F82C3F8A1A20F8C7
:106240001E1C50F8041C20F81A2C01FA82F140F8A8
:10625000041CC3EBC3014FF47A7313FB02110EE06D
:10626000013253B20A2B84F83C2048DA55E020462C
:1062700050F82C1F828901328281C1EBC101C91003
:10628000016020F0F1F920F0F8F905460E4620F003
:10629000EBF920F0F9F90246284631460023FBF7D6
:1062A000FFF952EA03003AD1208FC0B394F93B10B2
:1062B0000025ADF80E10CDE9040502200A21ADF845
:1062C0000C501FF0ACF8029011F04AFC02AE032112
:1062D00000220023009611F020FC208FE18E8842DE
:1062E00008D994F8440040F0100084F844000120DC
:1062F00084F83A00258712E012F0180F0DD0228A98
:10630000A181E181891A89B2A162002100F0FA001D
:10631000618284F83C1084F840000020E06206B0FE
:10632000BDE87040704790F82C0100F00300013880
:10633000B0FA80F04009704710B52DED028B04468D
:1063400000F5CA70B0EE408AFFF7E1FD94F808024C
:10635000062806BF84ED458A01200020BDEC028B93
:1063600010BD90F8081209291CBF00207047B0EE3C
:10637000401A90ED3B0A90ED3C2AB4EE420AF1EE51
:1063800010FA0ED0B4EE410AF1EE10FA0BDCB4EEC6
:10639000412AB0EE410AF1EE10FAB8BFB0EE420A5F
:1063A00001E0B0EE410A80B5002180ED460AC0F858
:1063B0001C1100F5D07002F0B5FD012080BD90F8F1
:1063C00008220021082A27D8012303FA02F212F436
:1063D000C17F21D090ED3B1A90ED3C2AB4EE421AD9
:1063E000F1EE10FA0ED0B4EE401AF1EE10FA0BDC1A
:1063F000B4EE402AB0EE401AF1EE10FAB8BFB0EE9B
:10640000421A01E0B0EE401A80B5B0EE410A06F043
:1064100084FF0121BDE880400846704710B52DED8E
:10642000028B044600F5C470B0EE408AFFF76FFDA2
:1064300094F80802502806BF84ED458A0120002008
:10644000BDEC028B10BD10B52DED028B044600F59E
:10645000B870B0EE408AFFF75AFD94F8080203289E
:1064600006BF84ED498A01200020BDEC028B10BDDF
:1064700010B52DED048B044600F5BE70B0EE608AB9
:10648000B0EE409AFFF743FD94F8081200200E2961
:1064900047D8012202FA01F144F28412114240D09D
:1064A00094ED3D0AB4EE490AF1EE10FA02DAB0EECC
:1064B000409A08E0B1EE400AB4EE490AF1EE10FA53
:1064C000C8BFB0EE409A94ED3E0AB4EE480AF1EE31
:1064D00010FA02DAB0EE408A08E0B1EE400AB4EEFB
:1064E000480AF1EE10FAC8BFB0EE408AB5EE408A15
:1064F00084ED479A84ED488AF1EE10FA04F5D074E1
:1065000007D1204603F0E7F920460021FFF7A0FD60
:1065100006E02046B0EE490AF0EE480A02F02EFDF1
:106520000120BDEC048B10BD90F8021109B10120CF
:1065300070474178022906D001290AD190F8140148
:1065400000F0010006E080B52FF032FABDE880408F
:1065500000E00020002818BF0120704780B586B0F9
:10656000C2B200F0F00160F30A2242EA0130019069
:1065700040F20170ADF80800002110EE102AADF8CD
:106580000F0001A88DF80A10CDF80B208DF811101E
:106590008DED050A0CF010FB06B080BDD0E90F327E
:1065A00093420AD0D0F828C0B1F1FF3FD8BF9C4534
:1065B0000CDB0129A8BF944508DCC26E53428A4215
:1065C000A8BF0A468B42C8BF1A4600E000220267F5
:1065D000C0F89C207047D0E90F3293420AD0D0F81F
:1065E00028C0B1F1FF3FD8BF9C450CDB0129A8BFF3
:1065F000944508DC826953428A42A8BF0A468B420E
:10660000C8BF1A4600E000220262C0F89C20704712
:10661000D0E90F3293420AD0D0F828C0B1F1FF3F41
:10662000D8BF9C4515DB0129A8BF944511DC00EEBD
:10663000101A90ED011AB8EEC00A9FED082A21EE5B
:10664000000A80EE020A0166BDEEC00A10EE101AC2
:1066500001E000210166C0F89C10704700007A44F8
:1066600041780122012980F8012118BF704780B5C7
:1066700084B00078020300F007013FFA82F242EA98
:1066800001210844009000208DF804000290684623
:106690000CF0DFF904B0BDE88040704780F85C1072
:1066A000704710B190F83D2002B1704790F840203B
:1066B000D307FAD11229F8D012F00202F5D1028ED6
:1066C000332A39BF01320286012280F83A2002299A
:1066D0004FF0020204DC71B1022908BF012205E07B
:1066E000032902D00F2906D000E0082290F84410B8
:1066F000114380F84410002180F83C10704790F856
:106700003D00704710B190F83D1001B1704790F80E
:1067100040108907FAD1418E332939BF01314186B2
:10672000012180F83A1090F8441041F0040180F8FB
:106730004410002180F83C10704700002DE9F04F14
:1067400081B02DED068BACB0044640690D464FF488
:106750002D71164615FB0101FE2291F808B294F83E
:106760005AA081F80822002184F85A2084F85F108A
:106770003178CA1E0B2A00F23385DFE812F0470297
:1067800031056A025F0294010C000C00D7008702F9
:106790008A00F802130194F868208A4200F02085EC
:1067A000002284F86810A1686265E2660F784FF4F1
:1067B0002D7517FB0507FE232269D4F81CC087F846
:1067C00008324F7817FB050787F80832897811FBE4
:1067D000050080F8083210784C2510FB05C004F045
:1067E00074F82069E169407810FB051004F06DF839
:1067F0002069E169807810FB051004F066F8706884
:10680000A1692067B0684FF40C75A067F0686067F5
:10681000E068007810FB0510FFF722FFE068A1692F
:10682000407810FB0510FFF71BFFE068A169807836
:1068300010FB0510FFF714FFE068A169007810FB5A
:1068400005100121FFF7A8FAE068A169407810FB64
:1068500005100121FFF7A0FAE068A169807810FB1C
:1068600005100121FFF798FAE068A169027812FB90
:106870000512926CE267427812FB0512926CC4F822
:106880008020807810FB0510806CC4F8840000F034
:10689000A7BC10F0F9FE294610F021FFD6E901212E
:1068A000002A00D5524200EE102A90ED331AB8EEBD
:1068B000C00A21EE000ABDEEC00A10EE102A48F20E
:1068C0000003D0F89800CFF6FF73B2F5004FB8BFC1
:1068D0004FF4004300280FF6E010C8BF043090EDDD
:1068E000000A03EB020880EE010A46F2BF720DF1C6
:1068F0006009C0F606022B46BDEEC00A10EE100A73
:106900000F1848465021CDE90087FAF757FF0023BA
:106910004846294600220093019304F0E3FAE06917
:106920004C2115FB010041463A4675E10A2184F8E5
:1069300068100021E1664FF42D7115FB010002F093
:1069400013FFA0694FF40C7715FB0700002104F03A
:106950000BFAA069012115FB0700FFF71DFAD4E926
:106960000601726815FB07004C27426215FB0710F1
:10697000FFF7C5FE002800F04982E06915FB07001B
:1069800003F0A3FFB068C4F88C007068C4F88800F6
:1069900042F6E060C4F890004FF47A70C4F89400B6
:1069A00000F01EBC96ED020A4FF42D77B8EEC00A37
:1069B00015FB070080ED940A6069B16915FB0700BB
:1069C000C0F854124FF000090E20C4F86C9084F8FF
:1069D00068006069317815FB070080F868120121B2
:1069E00080F84C1260690DF1600815FB070080F813
:1069F0004D9240464621FBF785FB606915FB070079
:106A0000D0F850023AF060FF41EC100B70680FF6BE
:106A100018020290404646218DED000BFAF7CEFE9B
:106A2000404629460022CDF80090CDF8049004F0AD
:106A300059FA16F0FFFE17F09DF9002800F00482C5
:106A40000DF1600840464621FBF75CFBD6F804C018
:106A5000B7690FF2F872404646212B46CDE900C7D0
:106A6000FAF7ACFE404629460022CDF80090CDF85A
:106A7000049004F037FAD6E90478384621F0CEF9CC
:106A8000814600F0FE000E2840F0CC8218AC204673
:106A90004621FBF737FB46F61702C0F606022046F2
:106AA00046214B46B8E2FE2184F868104FF42D7160
:106AB0004FF0000C15FB01000722C4F86CC080F8F1
:106AC000682280F84DC26069012215FB010080F840
:106AD0004C22606915FB0100D0F84802D0E91E1075
:106AE000431A012BC0F27881D6E90327BE1A00EEC3
:106AF000106AB8EEC01A00EE103AB8EEC00A81EE85
:106B0000008AB5EE408AF1EE10FA00F065819FED43
:106B1000DF1A9FEDDF2A31EE400AB6EE001A20EEB2
:106B2000010A30EE020ABDEEC00A10EE103A002B48
:106B300040F3528143F6E306B342B5EE408AB8BF54
:106B40001E46F1EE10FAB8BF3A4601EE102AB0EE3A
:106B5000C80AB8EEC11A81EE000A01EE106AA6EB6F
:106B600001073044B8EEC11AB8BF474218EE100A08
:106B700030EE419A3AF0A8FE41EC100BCDE90376D5
:106B800046F2F87218AEBDEEC99AC0F6060230465B
:106B900050218DED000B8DED029AFAF70FFE0023C8
:106BA0003046294600220093019304F09BF90BF034
:106BB000BCFD0E218DF818508DF819108DED188A36
:106BC0008DED199A016818AA4B6A06A99847E069E1
:106BD0004C2615FB0600B0EE480A04F035FAE069D1
:106BE00015FB060090F8401041F0040180F84010B9
:106BF00060694FF42D7115FB0100C0F85072606997
:106C000015FB0100012180F84D12E9E2E0694C23F7
:106C1000D6E9031215FB030004F054FAA0694FF4FF
:106C20000C7715FB0700002104F09EF8A069B4F969
:106C3000401015FB0700FFF7AFF8C9E0318B0129C1
:106C400000F02A814FF6FF72914240F0DD810C2165
:106C500023E10020E066A0694FF40C71331D15FBA1
:106C600001000ECBD21A05F09DFC6169002800F0EE
:106C700008814FF42D7015FB001002F075FDE069DE
:106C80004C2115FB010003F020FEA1E0E069E421A6
:106C900015FB0107F8697168C0EBC032384604F093
:106CA00011FABA6EB16807F14C00C2EBC23204F0BF
:106CB00009FAD7F8B420F16807F19800C2EBC232A4
:106CC00004F000FA204601F07DFAA0694FF40C7739
:106CD00015FB0700002104F047F8A069012115FB0E
:106CE0000700FFF759F8A06915FB0700FFF7B8FC8C
:106CF00060694FF42D7115FB01004FF4F851C0F895
:106D00003012716990ED4A1A9FED622AC0F8341270
:106D100031EE021A316990ED3C0ABDEEC12AB8EE9F
:106D2000C21AC0F840124FF46171B4EE410AC0F8C3
:106D30003812F1EE10FA80ED8F2ABEBFBDEEC00A08
:106D400080ED8F0AB8EEC01A90ED3B0AB4EE410A0E
:106D5000F1EE10FAC4BFBDEEC00A80ED8F0A3078A4
:106D600084F86800012060650020E06638E2E06990
:106D70004FF4987115FB0107F8697168C0EBC032D8
:106D8000384604F09FF9BA6EB16807F14C00C2EBC7
:106D9000C23204F097F9D7F8B420F16807F19800EF
:106DA000C2EBC23204F08EF9D7F80021316907F145
:106DB000E400C2EBC23204F085F9204601F002FA89
:106DC000A0694FF40C7115FB0100002103F0CCFF0A
:106DD000307884F8680003E24CF25040C0F60600B8
:106DE00090E88E000DF1600E06698EE88E00818AB3
:106DF000807D1C96ADF874108DF87600CDF800C03B
:106E000018A829460022CDF804C0E7E1B068E1697E
:106E1000C4F88C007068C4F888004FF47A70C4F825
:106E20009000C820C4F8940015FB071004F01EF968
:106E3000E069B16815FB07002CB0BDEC068B01B012
:106E4000BDE8F04F06F058B84CF2DC30C0F6060052
:106E500090E88E00D0E90464D0F818C0808B0DF162
:106E6000180E8EE88E00ADF8340006A829460022E0
:106E7000CDE90A64CDF830C0CDF80090CDF804908B
:106E8000ACE14FF42D7015FB001029E100FF7F47A6
:106E9000000036C30000614410213144FE2291ED10
:106EA000000A84F868204FF42D72002115FB0200BF
:106EB0000623E16680F86832012380F84C3260696D
:106EC000B8EEC09A15FB020080F85812606915FBF5
:106ED0000200D0F8487213F088FB13F0FFFD002881
:106EE00000F00381D7E91EC1A1EB0C07012FC0F20E
:106EF0002181D6E90332D01A00EE100AB8EEC01A8A
:106F000000EE107AB8EEC00A81EE008AB5EE408A33
:106F1000F1EE10FA00F00E819FEDE91A9FEDE92ADB
:106F200031EE400AB6EE001A20EE010A30EE020AF7
:106F3000BDEEC00A10EE107A002F40F3FB8043F63E
:106F4000E3008742B5EE408AB8BF3846F1EE10FA4A
:106F5000A8BF1A4600EE102AB0EEC8AAB8EEC00AC2
:106F600080EE0A0A0144C1F10007A8BFA0EB0C079C
:106F7000BDEEC00A10EE101AA1EB00080BF0D5FB15
:106F80000E218DF818508DF819108DED188ACDF856
:106F90006480016818AA4B6A06A99847E0694FF017
:106FA0004C0915FB0900B0EE480A04F04DF889EED3
:106FB0000A0AE06901EE108A15FB090090F84010FA
:106FC000B8EEC11A41F00401B5EE408A80F84010D5
:106FD000F1EE10FA4FF42D7130EE410AB1EE401A85
:106FE000A8BFB0EE401A606900EE107A15FB0100F0
:106FF000C0F85C726069B8EEC00A31EE400A15FB59
:10700000010080ED940A83E046F2E17218AC0BB205
:10701000C0F6060220464621FAF7D0FB0023009373
:107020002046D8E0812107EB0800C8F2080151FB97
:1070300000019FED911ACA1302EBD171C1EB01312E
:10704000C0EB011000EE100AB8EEC00A20EE010AF3
:10705000B2EE041A20EE010ABDEEC00AB9F10F0F1C
:1070600010EE107A00F2DC80012000FA09F04CF2F8
:107070000F01084208BF4FF00F0916F0DBFB337B0E
:1070800029464A46009716F0BFFA002865D00DF150
:10709000600808F121002521FBF712F877480DF16F
:1070A0006409189075A0071D8ECF00F1140E90F89A
:1070B00020009EE8405089E88E008DF88000002373
:1070C000404629460022CDE91D6CCDF87CE00093B6
:1070D000019303F007FF60694FF42D7115FB010068
:1070E00080F808B284F85AA07AE016F0A3FB16F0F4
:1070F00041FE00284ED060694FF42D7115FB010050
:1071000080ED949A606915FB01000021C0F85C12C3
:1071100096ED020A60694FF42D71B8EEC00A15FBB6
:10712000010080ED950A606915FB0100012180F8DE
:10713000581255E04CF23840C0F6060090E88E0038
:107140000DF1600C06698CE88E00818A807D1C96AA
:10715000ADF874108DF876003AE0D4E905104FF4DC
:107160002D7715FB071191ED940A4FF40C7271689D
:10717000BDEEC00A15FB020010EE102A05F012FA4F
:10718000A0B3606915FB070002F0EEFA606915FB19
:10719000070037E54CF2FC30C0F6060090E88E00A0
:1071A000D0E904640DF16008D0E906CE88E88E00CD
:1071B00000F12007CDE91C64DECF90F83800CDE95E
:1071C0001ECE0DF1800C8CE85E0025978DF898009E
:1071D000002318A8009329460022019303F082FEA1
:1071E0002CB0BDEC068B01B0BDE8F08F18AE304678
:1071F0004621FAF787FF2AA23046462100234FF0A6
:107200000008FAF7DBFA304629460022CDF8008064
:10721000CDF8048003F066FE606915FB07005FE7A8
:107220004FF00F0929E700BF476F696E6720746F41
:10723000206861726473746F70506F733A252E32D8
:107240006620772F2050574D3A2564004D6F7665A4
:10725000206872645F737470206D6F746F723D2567
:107260006420776974682070776D3D256420616EB5
:107270006420637A3D2564000000B43B4572726F60
:107280007220696E20726563616C696272617465F7
:1072900020504F5320656E636F64657200000000DC
:1072A0004572726F7220696E207365742068733A3C
:1072B000207265743D256400000000C7000000478F
:1072C00000FF7F47000036C3B0B582B0044690F897
:1072D00008020B282BD0FE2829D094ED3B0A94ED10
:1072E0003C1AB4EE410AF1EE10FA20D094ED421AA5
:1072F0009FED902A94ED4A0A31EE021AB4EE410A4B
:10730000F1EE10FA0ADB94ED431A9FED8B2A31EE71
:10731000021AB4EE410AF1EE10FA08DD94F84502C3
:1073200040F0020084F845020A2084F8080294F82C
:107330002512002900F0DB8004F5B27001F080FE18
:10734000002800F0D2800020C4F83401C4F82401E1
:10735000C4F84C01012094F84512084384F8450212
:107360000A2084F80802B4F8460241F2883201305B
:1073700081B29142A4F8460205D90020A4F8460241
:1073800084F8450201E094F8450294F844128842DA
:1073900000F0A880227844F22005C1F20005EA80BE
:1073A0000022C007C5E90222AA8017D011F001000F
:1073B00014D1022007211EF032F8286010F0D0FB13
:1073C000042100220023009510F0A7FB10F05CF9C7
:1073D000217810F0CBF908B12968416194F8450291
:1073E00080061CD594F84402800618D400200121A0
:1073F000C5E90210022014211EF011F8286010F0D7
:10740000AFFB042100220023009510F086FB10F052
:107410003BF9217810F0AAF908B12968416194F884
:107420004502C0061CD594F84402C00618D40020BA
:107430000221C5E90210022014211DF0F0FF28608E
:1074400010F08EFB042100220023009510F065FB54
:1074500010F01AF9217810F089F908B12968416112
:1074600094F8450200071CD594F84402000718D48C
:1074700000200321C5E90210022014211DF0CFFFD6
:10748000286010F06DFB042100220023009510F00D
:1074900044FB10F0F9F8217810F068F908B1296878
:1074A000416194F84502800718D594F8440280079A
:1074B00014D4022010211DF0B2FF286010F050FB00
:1074C000042100220023009510F027FB10F0DCF8C7
:1074D000217810F04BF908B12968416194F8450210
:1074E00084F84402012002B0B0BD94F8080250288C
:1074F00011D0062808D0032816D104F5B87001F081
:107500009FFD78B1202026E704F5CA7001F098FDB0
:1075100040B110201FE704F5C47001F091FD08B1DF
:10752000082018E794F808020A283FF41CAF00204E
:10753000D9E700BF0080E3C40080E34410B50446EF
:107540000020A4F8440204F5BE70FEF7E0FC04F548
:10755000B870FEF7DCFC04F5C470FEF7D8FC04F547
:10756000CA70FEF7D4FC04F5B270BDE81040FEF717
:10757000CEBC10B50446043005F025FE04F16400CD
:1075800005F021FE94ED4A0A04F5D070BDEEC00A64
:1075900010EE101AFEF75CFDD4F82801D4F834116F
:1075A0000022C4E94520C4E94722C4F82411C4E9F3
:1075B0005122C4E9532210BD2DE9F04F81B0044699
:1075C00090F81C01A02804BF012084F80201607813
:1075D00002280BD12EF0ECF994F8141100F0010000
:1075E00001F0FE01084484F8140101E094F814014C
:1075F00010F001001CBF002184F81D1161780129E1
:1076000050D194F81C1194F81D21914204D094F8A3
:107610000211084300F030814FF0000804F590702B
:1076200084F80481FEF773FC04F5A27001F008FDF4
:10763000002807BF4FF0000B84F803B14FF0010B97
:1076400084F802B194F81801C10704D0B4F80A1103
:107650000131A4F80A11410704D5B4F80C11013125
:10766000A4F80C11000704D5B4F80E010130A4F8F9
:107670000E01B4F8080142F21172013081B2914258
:10768000A4F8080112D3D4F80A21B4F80E3152EA52
:10769000030003D0A0780B2105F0B9FD0020C4E958
:1076A000420003E04FF000084FF0000B94F8140183
:1076B000C00702D194F8020198B36078022803D180
:1076C000207800092EF048F8B4F8060141F288321B
:1076D000013081B29142A4F8060108D900200021AE
:1076E000A4F80601C4F81001A4F8030102E0D4F8DC
:1076F0001011C8B2D4F81471B94200F0B480FDB2D0
:10770000E90714D010F001002E4611D1A078002115
:107710000022002305F07BFD05F0FE0694F81451CD
:1077200006E00020C4F81001A4F80301A1E02E46F1
:1077300028074FEA17490BD594F81001000707D422
:10774000A07801210022002305F061FD06F0F70674
:1077500094F8160180070BD594F81201800707D41E
:10776000A07802210022002305F051FD09F0FD0957
:1077700094F814014FEA172A410603D594F8101122
:10778000490605D5C1060DD594F81011C90609D4CE
:10779000A07803210022002305F039FD94F814019C
:1077A00006F0AF0640B2B0F1FF3F0BDC94F91001D8
:1077B000002807D4A07804210022002305F027FD2B
:1077C00006F07F0694F8150141060ED594F81111C4
:1077D00049060AD4B4F91420A078D317122105F071
:1077E00016FD94F815010AF0BF0A40B2B0F1FF3F50
:1077F0000BDC94F91101002807D4A0781321002292
:10780000002305F004FD0AF07F0ABBF1000F08D049
:1078100094F8030128B9A07806210022002305F07E
:10782000F6FCB8F1000F07F07F4508D094F804018A
:1078300028B9A0780F210022002305F0E8FC5FFAA8
:1078400089F045EA00405FFA8AF140EA012050EAF7
:10785000060204D0A0780E21002305F0D8FCD4F84D
:107860001401C4F8100194F8020184F8048184F82A
:1078700003B101B0BDE8F08F04F5907001F0E0FBBA
:1078800000281ABF4FF0010884F802814FF0000869
:10789000CAE6A03005F097BC80B586B0C2B200F051
:1078A000F00160F30A2242EA013001904FF4E060F7
:1078B000ADF80800002110EE102AADF80F0001A865
:1078C0008DF80A10CDF80B208DF811108DED050AFA
:1078D0000BF072F906B080BD90ED081A90ED090A20
:1078E000B4EE410AF1EE10FA30DA90ED113A90ED73
:1078F000167A90ED156A20EE033A27EE037A90EDA2
:10790000145A37EE066A26EE036A90ED134A36EEF5
:10791000055A25EE033A9FED945A90ED062A33EE70
:10792000043A23EE054A90ED051A34EE022A22EEBF
:10793000054A34EE011A30EE050A80ED051A80ED95
:10794000062A80ED073A80ED090A03E04FF0000CAB
:10795000C0E906CC90ED0F1A90ED100AB4EE410A82
:10796000F1EE10FA42DA90ED123A90ED195A20EE4B
:10797000030A90ED186A25EE005A90ED173A35EE9D
:10798000065A25EE000A9FED785A90ED0D4A30EE2A
:10799000030A20EE053A90ED0C2A33EE043A90EDFE
:1079A000051A23EE054A34EE022A80ED0E0A32EE65
:1079B000010A80ED0C2A80ED0D3A81ED000A90ED70
:1079C000060A90ED0D1A30EE010A82ED000A90EDE4
:1079D000070A90ED0E1A30EE010A83ED000A90EDD1
:1079E000100A30EE050A80ED100A2FE090F828C04A
:1079F000BCF1000F1ED090ED0D1A9FED5B2A90EDAB
:107A00000C3A90ED050A21EE021A31EE031A4FF0FE
:107A1000000C31EE000AC0F838C080ED0C1A81ED80
:107A2000000A90ED060A90ED0D1A30EE010A82ED83
:107A3000000A07E0D0F814C0C1F800C0D0F818C0A0
:107A4000C2F800C0D0F81CC0C3F800C080B590EDEB
:107A5000001A90ED010AB4EE401AF1EE10FA0BD0C4
:107A600091ED002AB4EE412AF1EE10FA07DDB4EEF2
:107A7000402AF1EE10FA3FDA4FF0000E39E092EDB5
:107A8000000AB5EE400AF1EE10FA25DA90F828C0A7
:107A9000BCF1000F08D190ED0F0A90ED101AB4EE72
:107AA000401AF1EE10FA13DA90ED050A90ED0C1A77
:107AB0004FF0000C31EE000A80F828C0C0F83CC03E
:107AC000C0F840C080ED050AC0E90DCCC0E90BCC80
:107AD0004FF0000CC2F800C093ED000A4FF0FF0E0B
:107AE000B5EE400AF1EE10FA01DA00221A600068E1
:107AF00008604FFA8EF080BD92ED000A00F1040C90
:107B0000B5EE400AF1EE10FA23DD90F828E0BEF160
:107B1000000F08D190ED0F0A90ED101AB4EE401A44
:107B2000F1EE10FA13DA90ED050A90ED0C1A4FF011
:107B3000000E31EE000A80F828E0C0F83CE0C0F802
:107B400040E080ED050AC0E90DEEC0E90BEE002033
:107B5000106093ED000A4FF0010EB5EE400AF1EE11
:107B600010FA6046C1DCC2E76F12833A90ED080A52
:107B700090ED091A0020B4EE401AF1EE10FAA8BFF9
:107B80000120704780B5B0F912E0D0E901C39E44EE
:107B90000CF101039342C0E9013E0DD9BEF1000F83
:107BA00048BFCEF1000E00228E454FF00001B8BF55
:107BB0000121C0E9012200E00021084680BDC16921
:107BC000826A90ED081A514300EE101AB8EEC00A0E
:107BD00080EE010A90ED061AB8EEC11A30EE410AA5
:107BE000BDEEC00A10EE100A7047C169C26A90ED7E
:107BF000081A514300EE101AB8EEC00A80EE010ACE
:107C0000BDEEC00A10EE100A704700002DE9F04FDB
:107C100081B02DED048B86B08346B0F85800013852
:107C2000032800F23382DFE810F00400CB010D00DE
:107C30008C01584606B0BDEC048B01B0BDE8F04F96
:107C400001F066BADBF8000002780020002A114635
:107C500001928BF8610000F06B8100264FF42D74C7
:107C6000012700BFDBF80800DBF81410805D10FB73
:107C70000415284604F0CAFA9BF85D0018B99BF871
:107C80005A00062805D1284600F054FA08B18BF8AE
:107C9000617001980136B042E4D19FEDE98A4FF05E
:107CA000000A4FF42D784FF40C7400BFDBF80C0081
:107CB0009BF85D20DBF8201010F80A90002A41D0D4
:107CC00000295BD0DBF82400DBE905C44FF40C731A
:107CD00050F8295019FB0340DBF8082090ED012AE9
:107CE000019CB0EE481AB0EE480AF0EE480A00BF18
:107CF00012F8017B013C51F8276017FB08C306EB23
:107D0000890696ED003A93ED494A93ED4D5A23EEDC
:107D1000044A05EB870734EE000A23EE053A93ED9B
:107D20004B4A97ED005A73EE200A25EE043A23EEF3
:107D3000023A33EE011ADBD100F020FE4FF40C744E
:107D400036E000BF69B3DBF80800DBF81420019BC4
:107D5000B0EE480A10F8017B013B51F8276017FB91
:107D6000082706EB890696ED001A97ED542A21EEB6
:107D7000021A31EE000AEDD11AE000BFDBE905017D
:107D800019FB080219FB041090ED011A92ED4B2A21
:107D900092ED490AD2ED4D0A22EE011A00F0EEFDF5
:107DA00006E0DBF8140019FB080090ED540A00BF50
:107DB000DBF81800BDEEC00A19FB040010EE101A23
:107DC000FEF7ECFB01980AF1010A82457FF46EAFE1
:107DD0009BF86100002800F0AB809FEDB88A4FF05F
:107DE00000094FF40C770DF1080A4FF42D7800BF0D
:107DF000DBF80810DBF82C0011F80950E0B1DBF8D3
:107E00000C10DBF81820019BB0EE489A11F8014BDA
:107E1000013B50F8246014FB072406EB850694ED23
:107E20001C0A96ED001AB8EEC00A21EE000A30EEE8
:107E3000099AEBD108E000BFDBF8180015FB07003A
:107E400090ED1C0AB8EEC09ADBF814000AEB85042A
:107E500015FB080084ED009A00F06CF960B3DBF8C4
:107E60001400002115FB080090ED440A0022B5EE35
:107E7000400AF1EE10FAB4EE490AC8BF0121F1EE52
:107E800010FA00F50670B8BF0122514018BFB0EEDD
:107E9000409A84ED009A01F0D3F868B1DBF8140041
:107EA00015FB080005F035F8DBF8140015FB080099
:107EB00000F50670FEF72BF8019809F101098145DC
:107EC00096D19FED7E8A00254FF40C76DBF80C00EE
:107ED000DBF82010405DC9B1DBF80820019BB0EE53
:107EE000480A00BF12F8017B013B51F827400AEB1A
:107EF000870704EB800494ED001A97ED002A21EE29
:107F0000021A31EE000AEDD104E000BF0AEB800155
:107F100091ED000ADBF81810BDEEC00A10FB061048
:107F200010EE101AFEF73AFB019801358542CDD1CB
:107F30009BF86200012800F0B880022800F0AC80B5
:107F4000A4E0DBF800000778002F00F09F80DBF84A
:107F50000800DBF814104FF42D7200233D4600BFDB
:107F600010F8016B013D16FB0216C6E94633C6F850
:107F70002431C6E95133C6F84C31C6F85031EFD13F
:107F800000244FF40C7600BFDBF80C00DBF818106F
:107F9000055D15FB06100021FEF700FBDBF818005D
:107FA000002115FB0600FEF716FBDBF81800002188
:107FB00015FB0600FEF72CFB0134A742E4D165E077
:107FC000DBF8000090F80090B9F1000F4DD00025CB
:107FD0004FF42D76DBF80800DBF81410405D10FB41
:107FE000061000F05BFB0135A945F3D19FED338A04
:107FF00000264FF42D774FF40C7800BFDBF80C000F
:10800000DBF82C3010F806C0E3B1DBF80810DBF821
:10801000142053F82C304D46B0EE480A11F8014BAD
:10802000013D03EB840090ED001A14FB072090ED56
:10803000542A21EE021A31EE000AEFD108E000BF07
:1080400000000000DBF814001CFB070090ED540A50
:10805000DBF81800BDEEC00A1CFB080010EE101A79
:10806000FEF7D6FA01364E45C8D19BF862000128CA
:108070001BD0022810D0032808D1584606B0BDEC0A
:10808000048B01B0BDE8F04F07F0B6B806B0BDEC08
:10809000048B01B0BDE8F08F584606B0BDEC048BF0
:1080A00001B0BDE8F04F06F0D7B9584606B0BDECB8
:1080B000048B01B0BDE8F04F06F098B80000000056
:1080C00090F8242262B190ED460ABDEEC00A81ED1F
:1080D000000A90ED510ABDEEC00A10EE102A01E030
:1080E00000220A6010B58A6090F825226AB190EDEE
:1080F000490A4FF0010EBDEEC00A10EE103A4FF0E3
:108100000C0C4FF4A672042408E000234FF0100C6E
:108110004FF4A8720C244FF0000E4B600B5110442A
:1081200090ED000A7046BDEEC00A10EE102A41F82C
:108130000C2010BD90F90A027047000091ED000A72
:10814000B7EE001A80ED560A4A689FED092AC0F87A
:108150005C218968B5EE400A81EE001AC0F854111E
:10816000F1EE10FA18BFB0EE412A80ED582A7047A0
:1081700000000000A030FEF791BA90ED240ABDEE99
:10818000C00A81ED010A90ED260ABDEEC00A81ED1C
:10819000030AD0F89C000861704790F80101B0FA1A
:1081A00080F04009704780B5DDE902EC00F13C0742
:1081B00080ED050AC0ED060A87E80E40C0F84CC005
:1081C00080BD00002DE9F04F81B02DED048BA6B0ED
:1081D0000168D0F828B091F800A0BBF1000F099019
:1081E0004DD0BAF1000F6ED0D0E90212D0E90507E8
:1081F0009FED530ACDE906214FF40C710024059040
:108200000798059A005D4FF42D7310FB032200269A
:10821000C2E94F665BF820C092F8C8E0DDF818901C
:1082200002F59E735546B0EE401AB0EE402A089013
:1082300019F8010BBEF1000F10FB01780CEB800662
:1082400098ED123A96ED004AB8EEC33A24EE033A9E
:1082500033EE022A83ED002A0BD198ED193A96ED00
:10826000004AB8EEC33A24EE033A33EE011A82ED27
:10827000501A013DDCD101345445C1D123E0BAF19B
:10828000000F20D08768D0E905214FF40C7C4FF413
:108290002D70554617F8013B13FB0C1613FB0024F9
:1082A00096ED120A089394F8C830B8EEC00A84ED2F
:1082B0004F0A2BB996ED190AB8EEC00A84ED500AA0
:1082C000013DE7D1FFE7099E706A00284CD0BAF162
:1082D000000F69D09FED1A8A9FED1A9AAAF1010842
:1082E0004FF0000B4FF40C744FF42D79D6E90201D6
:1082F000B26910F80BC001250023B0EE480A00BF98
:10830000C85C10FB042696F8A8711FB901339A4582
:10831000F6D119E0099F96ED692A7F6A984557F8CA
:10832000200003F1010300EB8C0090ED001A4FF0E8
:10833000000521EE021A31EE000AE1D106E000BF8D
:108340000000000000247449E80707D1099820EED6
:10835000090A40691CFB090001F09DF80BF1010BB3
:10836000099ED345C2D11FE0BAF1000F1CD09FED8A
:10837000C98A00244FF40C754FF42D77F068B16969
:10838000005D10FB051090F8A81151B1B168726939
:10839000095D90ED690A11FB072020EE080A01F043
:1083A0007AF80134A245E9D1306B0028049000F03E
:1083B000B78070680078002807904AD000244FF4F6
:1083C0002D780AAD4FF04C0B1AAF00BFD6E904016F
:1083D00010F8049019FB0810D0F83C01F16945F839
:1083E000290019FB0B10FEF78AF938B1706919FBE7
:1083F0000800D0F83C1147F8291012E0F06919FB89
:108400000B00FFF7DCFB00EE100A96F85E00B8EEFA
:10841000C00A07EB890181ED000A70B1706919FB90
:10842000080090ED500A079912A8013400EB89006A
:10843000A14280ED000AC9D109E0F06919FB0B00E7
:10844000FFF7D3FB00EE100AB8EEC00AEBE7306B83
:108450000490BAF1000F60D009989FED8D0A8168F1
:108460004069069105901AA812A90022069B4FF4B4
:108470002D769F5C059B002517FB0633079EC3E9FD
:108480004A55002E22AE089746F8275042D0089D44
:1084900022AC04EB8508099C03F5947CD4F8109079
:1084A000049C03F5967E54F825B093F8C870079B9A
:1084B000B0EE401AB0EE402AB0EE403A19F8015B37
:1084C0000BEB850600EB850496ED004A94ED005A0F
:1084D00001EB850424EE054A34EE033A8CED003AB4
:1084E00096ED004A94ED005A24EE054A34EE022A35
:1084F0008EED002A67B10AAC04EB850496ED004AC4
:1085000094ED005A24EE054A34EE011A88ED001A63
:10851000013BD3D101325245A8D1DDE9085656E0DE
:10852000089DBAF1000F52D0706900274FF42D74E6
:108530000DF188084FF04C094FF40C7B3169CD5D8B
:10854000F16915FB0400D0F83C0148F8250015FB43
:108550000910FEF7D4F838B1706915FB0401D1E9B0
:108560004F23C1E94A232FE0F06915FB0900FFF70B
:1085700026FB00EE100A7069B8EEC00A15FB040174
:1085800081ED4A0A96F85E2022B1D1F84021C1F867
:108590002C2119E0F06915FB0900FFF726FB00EE1E
:1085A000100AD6E90501B8EEC00A15FB040282EDF7
:1085B0004B0A15FB0B1191ED011A21EE000ABDEEDD
:1085C000C00A81ED0D0A00BF0137BA45B6D1706906
:1085D0004FF42D7105FB010191F8C810B1B396F865
:1085E0005E1099B30021BAF1000FCDE91B111A9169
:1085F00047D000244FF42D7B0DF188080DF1680958
:10860000B1680F5DCDF80C9017FB0B0505F1E8067E
:1086100005F51B7005F1C80108EB870205F1CC03D5
:1086200005F1D80CE4350096099ECDE901C507F0A7
:1086300023FA70691B9917FB0B02C2F82C111C99C5
:108640000134A245C2F83011DAD11AE0BAF1000FB4
:1086500017D0B1689FED100A4FF42D7211F8013B4D
:10866000BAF1010A13FB020393ED4B1A93ED4E2A64
:1086700083ED4E1A31EE422A22EE002A83ED4C2A77
:10868000ECD126B0BDEC048B01B0BDE8F08F00BF8B
:10869000000000000024744900007A4470B590F88E
:1086A000081204220E2908BF64220929044608BFC3
:1086B000642200200E2984F80A0200F2A680012319
:1086C0008B4044F28416334204EB020609D004F5D1
:1086D000BE7000F0B5FC40B104F5D07001F0FBF8BD
:1086E00003E040F2022213425DD004F58E7504F5DA
:1086F000D07004F58C7104F590732A46FFF7ECF8FE
:1087000094ED461A94ED470A94ED4A2A94ED4B3ABB
:1087100094F8090231EE421A30EE433A84ED511AD0
:1087200084ED523A08B394ED3B4A94ED3C3AB4EEF2
:10873000434AF1EE10FA09D0B4EE442AF1EE10FAF1
:1087400059DDB4EE432AF1EE10FA72DA94ED4D2AB7
:1087500094ED583A96ED014A23EE022A32EE011AC0
:1087600024EE011A31EE000A70E094F808020021AC
:108770000828C4F82411C4F84C1153DC411E022906
:1087800002D3082840F08D80B5EE400AF1EE10FAD1
:1087900061D194ED310AB4EE401AF1EE10FA6DDDBC
:1087A00031EE400A75E003292FD194ED3B1A94ED88
:1087B0003C0A94ED492A94ED4D3AB4EE401A32EE5B
:1087C000433AF1EE10FAC4F81801C4E9510084EDFF
:1087D000533A0BD094ED4A2AB4EE412AF1EE10FA46
:1087E00074DDB4EE402AF1EE10FA7DDA94ED580A09
:1087F00020EE430A85E096ED010A9FED4B1AFF201B
:1088000020EE010A34EE421A1CE09FED480AC4E94A
:108810004600C4F82401C4E95100C4F84C01C4F86E
:10882000500170BD0E2821D009283AD196ED010AD9
:1088300033E096ED010A9FED3C1A012020EE010A7B
:1088400033EE421A84F80A0221EE000A94ED3D1A32
:1088500084ED470A27E096ED012A96ED043A21EED1
:10886000021A23EE000A30EE010A18E096ED041A0F
:108870000020C4F8440120EE010A10E0B1EE402AC5
:10888000B4EE421AF1EE10FAB4BF31EE000A9FEDD9
:10889000270A96ED011A84ED510A21EE000A85EDB2
:1088A000000A94ED3D1AB4EE410AF1EE10FA06DC2E
:1088B000B1EE411AB4EE410AF1EE10FA03DA85ED99
:1088C000001AB0EE410A84ED540A70BD96ED010A1B
:1088D0009FED153AFF2020EE030A31EE421A84F88C
:1088E0000A0221EE000A0CE096ED011A9FED0E3A05
:1088F000012021EE031A30EE420A84F80A0220EE2B
:10890000010A94ED3D1A84ED470AB4EE410AF1EEF6
:1089100010FA06DCB1EE411AB4EE410AF1EE10FA9B
:10892000D1DA84ED471ACCE7CDCCCC3D0000000075
:1089300043784FF0FF32B1F1FF3FC8BF0122012B56
:10894000426518BF704780B584B00278A0F8511115
:10895000130302F00701D0F850C1D0F854013FFAD8
:1089600083F343EA01211144039001A8CDE9011CDE
:108970000AF047F804B0BDE880407047B0B52DED6F
:10898000048BB0EE418A30EE601A00F1900100F1E4
:10899000A005044681EC030A2846B0EE410AFCF724
:1089A00099FDD4ED240AB0EE409A2846B0EE480A6C
:1089B00000F078F839EE000ABDEC048BB0BD90ED04
:1089C000590ABDEEC00A10EE100A704770B5C26AAF
:1089D00048F200058C1ACFF6FF7514F5004FD8BF8A
:1089E0002C461444641A4FF6FF7E744424EA0E04A5
:1089F00021448C1A4FF40043B4F5004FB8BF23460E
:108A00001344C91A71446FF30F01631A991801EEE8
:108A1000101A90ED010AB8EEC11A81EE001A90ED1D
:108A20000E2A4FF47A7CB8EEC22A046D03FB0CF2D6
:108A3000C1624FF40041426331EE421ABDEEC11AE9
:108A400011EE102A1CB90023144680F80031436D42
:108A5000141B04FB03F616F5004FC8BF354604FB94
:108A60001355866C754425EA0E0504FB0353026515
:108A7000B3F5004FB8BF1946591A71446FF30F018F
:108A8000591A721801EE102AB8EEC11A20EE010A26
:108A900001FB0CF1BDEEC00A8264416680ED0A0A5A
:108AA00070BD000090ED132AB1EE421AB4EE401AE8
:108AB000F1EE10FA19DA90ED061AB4EE402AF1EE52
:108AC00010FA29DA90ED112A9FED173A90ED0F4A2E
:108AD00022EE032A90ED043A24EE000A32EE000A58
:108AE00023EE202A32EE000A1AE090ED102A90EDD3
:108AF000123A22EE000A9FED0D2A90ED041A23EEA1
:108B0000022A90ED064A30EE020A21EE201A31EEDA
:108B1000000A24EE000A704790ED040A20EE200AB5
:108B200021EE000A704700BF00247449002474C974
:108B300080B582B0DDE904CEA030CDE900CEFFF7EC
:108B400032FB02B080BD10B50446007800092CF05D
:108B500003FE94F8160140F0020084F81601A020EC
:108B600084F81C0110BD50B140F6B05CC1F2000C9D
:108B70009CF8010028B1062906D9FF2002E0FE205A
:108B800000E0002040B27047DCF8C00101F0BAB844
:108B900010B504460078042807D111F026FD11F025
:108BA0009DFF10B9012084F83A0094F83A0078B19A
:108BB000B4F8460041F28832013081B29142A4F803
:108BC000460007D90020A4F8460084F8450003E0D9
:108BD000002010BD94F8450094F8442090422ED017
:108BE000C10702D112F0010109D1810702D412F0AC
:108BF000020104D100070AD412F0080007D094F84B
:108C00003B000821002304F066FB94F84420500741
:108C100008D594F83B0009210022002304F05BFBF7
:108C200094F84420D00608D594F83B000A2100228D
:108C3000002304F050FB94F8442084F845200120E0
:108C400010BD00002DE9F04186B090F80822CDB2A9
:108C5000AA4201D1012006E00446FE2A4FF000009E
:108C600018BF0B2A02D106B0BDE8F0810A2A05D14F
:108C70000D2DF8D12046FEF761FC0DE00E2D13D826
:108C80000FF20401DFE805F025250B1A0A0A201867
:108C900025250A0A0A080B0000251AE0E3E704F577
:108CA000BE70FDF734F914E0502DDCD104F5C4702A
:108CB000FDF72DF950250CE008250AE004F5B87001
:108CC000FDF725F9032504E004F5CA70FDF71FF947
:108CD000062527780420012184F808524FF0010866
:108CE0001CF09DFB002602908DF80C608DF80D7035
:108CF000ADF80E50CDE904560EF032FF02AF14A2CB
:108D00000221002300970EF008FF94F808120E29A4
:108D100010D808FA01F044F2863210420AD001203D
:108D2000032984F824020AD094F80902012805D105
:108D3000012004E0032984F82462F9D0002084F89B
:108D400025022046FEF715FC204602F06DFA81E769
:108D500053455420434F4E54524F4C4D4F444500C1
:108D600002464078022807D001280AD1B1F5FA4F0F
:108D7000A8BF4FF4FA4104E0B1F5526FA8BF4FF419
:108D8000526108B2906170474278012A18BF70475B
:108D900005F0F0B8B0B5054600F5A2700C46FDF739
:108DA000B6F86068C5F814012078617885F81C0170
:108DB000B4F9020085F81811E861C1F3001085F8D4
:108DC0000101B0BD90F8281041B990ED0F1A90ED57
:108DD000102AB4EE412AF1EE10FA10DA90ED051ADD
:108DE00090ED0C2A002132EE011A80F82810C163A0
:108DF000016480ED051AC0E90D11C0E90B1190ED79
:108E0000001AB4EE401AF1EE10FA0ADC90ED012AD5
:108E1000B0EE401AB4EE402AF1EE10FAB8BFB0EE50
:108E2000421A90ED020AB4EE600AF1EE10FA02DA8C
:108E3000F0EE400A08E0B1EE400AB4EE600AF1EE4E
:108E400010FAC8BFF0EE400A90ED050AF5EE400AB0
:108E500031EE400AF1EE10FA4FF00001B5EE400A93
:108E6000C8BF0121F1EE10FA4FF00002B1EE602A06
:108E7000C8BF0122514018BFF0EE420A30EEA02ACE
:108E800080EE020A9FED253A002180ED041AB4EE2F
:108E9000430AF1EE10FA80ED080A07DA9FED200A86
:108EA00080ED051AC0E90611016233E0B7EE001A41
:108EB00081EE001A90ED063A90ED074A33EE422A11
:108EC000B6EE086AB1EE400A23EE015AB8EE0E3A49
:108ED00022EE032ABFEE043A80ED111A35EE045A51
:108EE00024EE033A22EE011AB6EE002A25EE065AC7
:108EF00031EE031A24EE022A32EE453A32EE012A0E
:108F0000B1EE422A80ED133A80ED142A80ED155A15
:108F100080ED161A80ED090A704700BF6F12833A80
:108F20000000000090ED001A90ED012AB4EE421A04
:108F3000F1EE10FA0ED0B4EE401AF1EE10FA0BDC9E
:108F4000B4EE402AB0EE401AF1EE10FAB8BFB0EE1F
:108F5000421A01E0B0EE401A10B500F1180180EDA0
:108F6000041A80ED051A00F1300408461121F9F7C2
:108F7000C9F820461421F9F7C5F810BD90ED0D1A77
:108F8000F5EE400A30EE412AF1EE10FA4FF0000102
:108F9000B5EE402AC8BF0121F1EE10FA4FF00002F1
:108FA000B1EE601AC8BF0122514018BFF0EE410A6D
:108FB00030EEA01A82EE012A9FED1F3A012180F8BF
:108FC0002810002180ED0B0AB4EE432AF1EE10FACE
:108FD00080ED0F2A08DA9FED191AC16380ED0D0AA2
:108FE0003821B0EE410A20E0B7EE000A80EE023AE6
:108FF000B1EE420A90ED0E2AB6EE084A21EE041AAE
:10900000642180ED123ABEEE003A22EE032AB6EE5B
:10901000003A22EE033A31EE031A80ED171A32EECF
:10902000011AB1EE411A80ED182A014481ED001AAF
:1090300080ED100A704700BF6F12833A00000000F5
:10904000816819B1416819B1013941600020704748
:109050000120704700284FF0FF004ED0B0B582B01D
:109060000C46062946D80020012A88BF0120B2F10B
:109070000E0118BF012108424FF0FF003AD11D46F2
:10908000C3B300208DF807008DF8060001F0E1FD64
:109090000DF107020DF10603214602F0BDFD9DF81A
:1090A0000700042816D09DF80610042912D00328C2
:1090B00018BF03291DD101F0CCFD95ED000A214612
:1090C00003F0E7FFB0B901F0C4FD6A68214603F080
:1090D00041FF0FE001F0BDFD95ED000A214603F0D0
:1090E000AAFF38B901F0B5FD6A68214603F0DCFE3D
:1090F00000E0FF2002B0BDE8B04040B27047002160
:1091000080F83A10A0F8441001630187704700000E
:109110002DE9F04F81B02DED048B86B083460068B9
:1091200002780020002A114601928BF8610000F0BD
:10913000838100244FF42D76012700BFDBF808005F
:10914000DBF81410005D10FB0615284603F05EF8EE
:109150009BF85D0018B99BF85A00502805D12846A5
:10916000FEF7E8FF08B18BF8617001980134A04266
:10917000E4D10198002800F05C819FEDC48A4FF093
:10918000000A4FF42D784FF40C7400BFDBF80C008C
:109190009BF85D1010F80A90002943D0DBF820C03E
:1091A000BCF1000F5CD0DBF82400DBE905354FF49F
:1091B0000C7150F8294019FB0150DBF8082090EDA4
:1091C000012A019DB0EE481AB0EE480AF0EE480AB6
:1091D00012F8017B013D5CF8276017FB083106EBB4
:1091E000890696ED003A91ED494A91ED4D5A23EEEC
:1091F000044A04EB870734EE000A23EE053A91EDAA
:109200004B4A97ED005A73EE200A25EE043A23EEFE
:10921000023A33EE011ADBD1FFF7B0FB4FF40C74C6
:1092200038E000BFDBF824206AB3DBF80800DBF885
:10923000141052F82920019BB0EE480A10F8017B67
:10924000013B02EB870617FB081796ED001A97ED16
:10925000542A21EE021A31EE000AEFD11AE000BFC3
:10926000DBE9050119FB080219FB041090ED011A56
:1092700092ED4B2A92ED490AD2ED4D0A22EE011AE7
:10928000FFF77CFB06E0DBF8140019FB080090ED0B
:10929000540A00BFDBF81800BDEEC00A19FB040039
:1092A00010EE101AFDF797F901980AF1010A8245AC
:1092B0007FF46CAF9BF86100002800F0BD8001983E
:1092C000002800F0B9809FED718A4FF000094FF43B
:1092D0000C770DF1080A4FF42D7800BFDBF8081069
:1092E000DBF82C0011F8095000B3DBF80C20DBF898
:1092F0001830019C0AEB850CB0EE489A12F8011B5D
:10930000013C50F8216011FB073106EB850691ED19
:10931000080A96ED001AB8EEC00A21EE000A30EEF7
:10932000099AEBD18CED009A0CE000BFDBF8180035
:1093300015FB070090ED080A0AEB8500B8EEC09A0D
:1093400080ED009ADBF8140015FB0800FEF7F2FE32
:1093500078B3DBF81400002115FB080090ED440AF7
:109360000AEB8502B5EE400AF1EE10FAB4EE490AB6
:10937000C8BF0121F1EE10FA4FF0000300F50370B1
:10938000B8BF0123594018BFB0EE409A82ED009A51
:10939000FFF756FE68B1DBF8140015FB080003F078
:1093A000B8FDDBF8140015FB080000F50370FCF7AE
:1093B000AEFD019809F1010981458FD10198D8B31B
:1093C0009FED328A00254FF40C7600BFDBF80C00CD
:1093D000DBF82010405DC9B1DBF80820019BB0EE3E
:1093E000480A00BF12F8017B013B51F827400AEB05
:1093F000870704EB800494ED001A97ED002A21EE14
:10940000021A31EE000AEDD104E000BF0AEB800140
:1094100091ED000ADBF81810BDEEC00A10FB061033
:1094200010EE101AFDF7D7F8019801358542CDD11D
:1094300002E09BF8610000289BF86200012815D02B
:1094400003280AD002281AD1584606B0BDEC048B76
:1094500001B0BDE8F04F04F0FFBF584606B0BDECC8
:10946000048B01B0BDE8F04F05F0C6BE584606B00B
:10947000BDEC048B01B0BDE8F04F04F0B7BE06B000
:10948000BDEC048B01B0BDE8F08F00BF0000000010
:109490006430FBF7A1BF014600F5B27081ED4D0AC3
:1094A000FCF735BDA030FBF797BF4178022907D004
:1094B000012912BF002090F8140100F0010070474C
:1094C0002CF076BA48B190F82810012903D090F812
:1094D0003000012801D1002070470120704748B1B9
:1094E00040F6B050C1F2000043782BB1062906D9EE
:1094F000FF2002E0FE2000E0002040B27047D0F8DC
:10950000C00101F01FBD2DE9F0418CB000284FF0E3
:10951000FE074AD00C46002947D020461D46164675
:109520000DF032FE042801D9FF273EE040F6B05787
:10953000C1F20007D7F87001DDF8488018F0BEFFCF
:1095400020464146C7E90167BD70C7F8C48104F0F1
:10955000F5FDD7F8C00101F085FB04AD28462021B8
:10956000F8F7D0FD21F0A2F921F0A9F94EF23D2142
:109570000346C0F60201284622460BF022FD43F6C0
:109580003422C0F60602D7F8A80143F62021176856
:10959000C0F60601D1E9002307EB87018900002707
:1095A000CDE90017029518F015FF78B20CB0BDE8B0
:1095B000F08190F84000012121EA5000704700003E
:1095C0002DE9F04F81B00446D0E90001002590F864
:1095D000008091F80090B8F1000F84F8605034D00A
:1095E0004FF42D7A01274FF40C764FF0000B00BF9B
:1095F000A068616910F80B0010FB0A10FDF764FE0B
:109600000028E068A16910F80B0018BF3D4610FB68
:109610000610FDF7D1FF48B1A068616910F80B0092
:10962000012510FB0A100A2180F80812E068A169E0
:1096300010F80B0010FB0610FFF737FF08B184F895
:1096400060700BF1010BD845D2D1B9F1000F27D0D2
:1096500000264FF04C0A4FF0010B00272069E1690A
:10966000805D10FB0A10FFF793FA002806F101064F
:109670001CBF5F465D46B145F0D18FB1B8F1000F18
:109680000ED0A06861694FF42D720A23474600BFCF
:1096900010F8016B013F16FB021686F80832F7D16D
:1096A000280623D0B8F1000F1ED000264FF42D79E4
:1096B0004FF40C77A0686169805D10FB09100021F0
:1096C000FFF7C0FAE068A169805D10FB0710FCF7A6
:1096D00039FD30B1E068A169805D10FB0710FCF72F
:1096E000F0FB0136B045E5D10A2026E094F8600091
:1096F00040B3B8F1000F1FD000264FF42D794FF47E
:109700000C7700BFA0686169805D10FB0910002123
:10971000FFF798FAE068A169805D10FB0710FCF77D
:1097200011FD30B1E068A169805D10FB0710FCF706
:10973000C8FB0136B045E5D1002084F85A0000206E
:10974000A4F85C00E8B201B0BDE8F08F91ED010A29
:109750000A78BDEEC00A80F8622080ED190A7047D1
:109760000430FBF739BE00000146012081F8FC00FF
:1097700091F8FD009FED0C1A9FED0C2A91ED420A25
:10978000D1ED430A002804BFB0EE401AB0EE602AC3
:1097900081ED3B1A9FED061A01F5D070F0EE411AEB
:1097A00081ED3C2A00F084B85555D5C65555D546AF
:1097B000000000004278012A18BF704704F040BB47
:1097C00080ED010A7047000070B590ED680A06460A
:1097D000B5EE400AF1EE10FA18DD96ED671AB5EE17
:1097E000401AF1EE10FA11DD96ED0D3A96ED072ACA
:1097F000B8EEC33AB8EEC22A21EE031A32EE411A8D
:1098000020EE010ABDEEC00A10EE101AB6F998015A
:1098100046F2676206EB4000A0F87011B6F99801B5
:10982000C6F26662013050FB02F2D30803EBD2723B
:1098300002EB8202A0EB8200A6F8980148F2010038
:1098400047F6FF730022B8251BB236F9154099423E
:1098500000B2B8BF0B46814205F10105C8BF0846FA
:10986000CC2D2244F0D119B201FA80F048F63961CA
:10987000101AC3F6E30150FB01F0811001EBD07028
:1098800005B2002D284600D56842B16F88420CDD34
:10989000307800092BF060FF96F8140140F00800C2
:1098A00086F81401A02086F81C012846756770BD53
:1098B000B5EE401AF1EE10FAF5EE401A80ED000A0E
:1098C000C0ED010A18BF80ED021AF1EE10FA18BFC0
:1098D000C0ED031A704790ED050A90ED0C1A0021B7
:1098E00031EE000A80F82810C163016480ED050A9A
:1098F000C0E90D11C0E90B11704700002DE9F04FD0
:1099000087B000284FF0FE0400F0F7810E460029D2
:1099100000F0F3818046304691460DF035FC072873
:1099200001D9FF24E9E130460DF02DFC40F6383135
:10993000C1F2000149780646012902D1404601F0F2
:1099400021FA30460DF020FC4FF0000788F808009F
:10995000CDF80090A8B10025E9B230460DF011FC19
:1099600048B1B0F8011008EB8502A2F80910B0F870
:109970000300A2F80B0098F808400135A542EBD38C
:1099800000E0002408F1250A08F129000121FF2246
:109990004FF0FF330025ADF8107003970AEBC706B0
:1099A000C9072AF83720B570F57040F837304FF006
:1099B00001074FF00001F1D1002CCDF8088000F034
:1099C000D08008F10C080020012343F2022101900D
:1099D00018F8039CB9F10D0F2DD803FA09F00842CD
:1099E00029D018F8020C00F01F071F2F23D002986F
:1099F0004568E819C678FF2E1DD0484605F020FFBF
:109A000003AA0AF83600A819D25D40780AEBC6010D
:109A100088700AB101230CE04A780123824205D202
:109A200003A8C355881801324A70077101980130A4
:109A3000019043F2022118F8017C0D2F32D803FA6D
:109A400007F008422ED098F8000000F01F0BBBF181
:109A50001F0F27D00298456805EB0B00C678FF2E34
:109A600020D0384605F0ECFE03AA0AF83600A81903
:109A700012F80B2040780AEBC60188700AB1012366
:109A80000EE04A780123824207D203A800F80B3087
:109A9000881801324A7080F804B0019801300190B2
:109AA00043F20221A9F10700012825D818F8020C79
:109AB00000F01F051F2D1FD002984068284490F821
:109AC00003B0BBF1FF0F17D0484605F0B9FE03AA5B
:109AD000525D01230AEBCB010AF83B008B7042B9BF
:109AE000487818B903A843554B700D71019801309F
:109AF000019043F2022100BFF81F012822D898F8F4
:109B0000000000F01F051F2D1CD00298406828445B
:109B1000C678FF2E16D0384605F092FE03AA525D95
:109B200001230AEBC6010AF836008B7042B9487867
:109B300018B903A843554B700D710198013001907D
:109B400043F20221013C08F104087FF441AFDDF843
:109B500008800199D8F80400C9B20078814200F267
:109B6000748003AE301D4DF66D774EF235280190AE
:109B70000124C0F60207C0F6020800201AF83010CF
:109B8000052958D80AEBC009DFE801F0151E0303C8
:109B9000302805208DF80C008DF81810002199F858
:109BA0000400ADF819108DF81B103146CDE9047989
:109BB0002DF09CF83FE005218DF80C100199002252
:109BC000C1E900228A6019E005218DF80C100021FE
:109BD000CDE904110121C7F276710EE005220021C2
:109BE0008DF80C20CDE90411069207E005218DF8CF
:109BF0000C100021CDE904110421069102994FF0C7
:109C0000000B01EBC00500BF05EB0B0191F829002B
:109C1000FF280BD011F82A2FFF2A424604BF3A46EC
:109C20004946CDE9042131462DF060F80BF1010BD6
:109C3000BBF1030FE8D10120E1074FF000049DD1F3
:109C4000DDF8088098F80800B8B1002408EB840516
:109C5000687A052804D1A87A00F01F002CF040FB98
:109C6000E87A052804D1287B00F01F002CF038FB8F
:109C700098F8080001348442E8D3009E40F6383753
:109C8000C1F20007F0B2330A0122310C87F8DB3051
:109C9000002304287A7087F8DA60A7F8DC1087F8C8
:109CA000D8300AD002280DD143F63423C0F606037B
:109CB0001B6887F8D820594302E0002187F8D82094
:109CC000C7E938110338B0FA80F04FEA50104FF06E
:109CD00000044FF0000108BF0F21C8E90F40FF202A
:109CE00088F8381088F8440088F8460008F15000D9
:109CF0001421A8F84840F8F705FA60B207B0BDE8AB
:109D0000F08F00002DE9F04F81B02DED068BA8B04B
:109D1000804600284FF0FE0018BF002A00F0A985F9
:109D2000002B00F0A68508EB81000C4600F109012C
:109D3000CDE9241200F10B01CDE9261300F16801F1
:109D40000E9140F63831A030C1F200010C9001EBC9
:109D5000440000F5D2720A9200F5CB720B9200F526
:109D6000C472119200F5BD72139200F5B6720D9295
:109D700000F5AF72D8310F9201EB840210320592D8
:109D800001EB440221441C31049100F5A1711091B2
:109D900000F59371089100F59A71079100F58C71A7
:109DA000099108F18401069108F1BC0100F5A87041
:109DB000039108F160011290C4EBC4001A912101D3
:109DC00008EB8000179108F1500100F5DA7A9FED59
:109DD0001CAAA00016910E211832B6EE008AB2EE2F
:109DE000049A189001FA00F0002701254FF00009AD
:109DF000149202901994CDF85480CDF86CA000BF55
:109E000024A951F839B001EBC90046689BF800005D
:109E10001DF0F4FF70749BF8010011214009B0742B
:109E20003046F8F76FF99BF8000028B19BF8010065
:109E300000F01F001D2805D10F20307400F002BD76
:109E4000610B36432397CDE921779BF80000013859
:109E50000C2800F26E81DFE810F00D006C01A0000C
:109E600079006C006C014D005A00CB00DD003C0114
:109E70002C0132009BF8010021A900F01F0022AA4A
:109E80002CF0ECFD002840F01F81219800210022D9
:109E9000317400BF20FA01F3DBB20131122982EAEA
:109EA0000302F7D1D10740F0C08200F03801202929
:109EB00040F0DC839BF80110C0F38B10FEE145F20B
:109EC000D060C1F2000000680168096888479BF80B
:109ED000010021A900F01F0022AA2CF0BFFD0028DC
:109EE00000F02C811099088801300880132030740C
:109EF00000270EE29BF8010021A900F01F0022AA12
:109F00002CF0ACFD002800F035810720DDE01E9725
:109F1000CDE91C779BF801001CA900F01F0022AAC4
:109F20002CF09CFD00284FF0000100F05381082028
:109F3000CBE09BF8010000F01F002CF09DF9411CC4
:109F4000219000F08C819BF80110B7E19BF8014053
:109F50000DF09AFB002100270DF0DEFB002800F039
:109F6000808104F01F01062900F29F83199CDDF80F
:109F70006CA000F10807DFE811F007009F038203DF
:109F80008B037F03AC03C1033846002100270BF08D
:109F900033FB002840F07A83D0E39BF8010000F007
:109FA0001F002AF0D5FA411C219000F05E810C9927
:109FB00091ED000AB5EE400AF1EE10FA00F0C78309
:109FC000B1EE401AB5EE400AF1EE10FAB8BFB0EEAD
:109FD000410A01EE100AB8EE411A81EE000A039818
:109FE00050F82400BCEEC00A10EE101A081ACAE39A
:109FF0009BF8010021A900F01F0022AA2CF02EFDE1
:10A00000002800F037810920DDF8508030740020EE
:10A01000019052E29BF801400DF036FB00210DF05B
:10A02000C3FB002800F088808179062940F08480F5
:10A0300004F01F01012900F0E78200297CD1B0F96A
:10A040000810B0F90A2000EE101AB8EEC00AB0F9F4
:10A050000C30B0F90E0080EE090A01EE102AB8EEBD
:10A06000C11A81EE091A02EE103A03EE100AB8EE98
:10A07000C22AB8EEC33A82EE092A83EE093A0421D5
:10A0800020EE0A0ABCEEC00A86ED000A21EE0A0A9A
:10A09000BCEEC00A86ED010A22EE0A1A23EE0A0A75
:10A0A000BCEEC11ABCEEC00A86ED021A10EE100A10
:10A0B000C9E29BF8010021A900F01F0022AA2CF0A0
:10A0C000CDFC002800F0F58001204FF6FF773074BA
:10A0D000D0E29BF801400120376070740DF0D4FA93
:10A0E00000210DF053FB002800F0A481071D384625
:10A0F0000BF01CFB0E2840F09D8104F01F01072986
:10A1000080F0958138460BF077FA002800F09281B4
:10A11000B0F9000000EE100AB8EEC00A80EE090A9D
:10A12000012020EE0A0ABCEEC00A86ED000A707417
:10A1300082E10E20307427E30A207CE19DF88C0038
:10A14000410705D51022089B32741A8801321A8003
:10A15000820700F1CD80C20740F0D380002900F1D2
:10A16000D6809BF8011021984A09214604F0E9FDA8
:10A170003060BDE6219C3774A7B238460CF03DFF35
:10A18000C00740F0AC804FEA144840460CF035FF61
:10A19000C00740F0A4803846012101270CF01AFFC7
:10A1A000199CDDF86CA0012800F09D80404601213B
:10A1B00001270CF00FFF012800F0958021984FF641
:10A1C000F07101EA80003060219801EA90307060FF
:10A1D000002115E2DDE91C071E9C1FFA80F84046AD
:10A1E00031740CF00AFFC0076DD1BFB238460CF0D5
:10A1F00004FFC00767D1A4B220460CF0FEFEC007E2
:10A2000061D14046012101944FF001080CF0E2FEBB
:10A21000199CDDF86CA001285AD0384601214FF076
:10A2200001080CF0D7FE012852D0019801214FF00F
:10A2300001080CF0CFFE01284AD01C984FF6F071AF
:10A2400001EA800030601D98DDF8548001EA80004A
:10A2500070601E98002701EA8000B0600AE20420C6
:10A2600004E0199CDDF86CA068E2052030744FF022
:10A27000FF37FFE19DF88800DDF85080032800F0EB
:10A28000E180022840F0F880BDF88C10481E0228BA
:10A290000F98C0F0EE800D98082900F0EA800D9824
:10A2A000042900F0E6800F990888013008800D9895
:10A2B000DFE021989BF80110C0F34D004A092146C8
:10A2C00004F03FFD5FE2199CDDF86CA04FF002083E
:10A2D000BDF8707086F81080DDF85480CAE1199CD2
:10A2E000DDF86CA002273774BDF88470002188E186
:10A2F0001121079B31741988C20701F101011980EE
:10A3000005D01221099A317411880131118000F0B1
:10A310000707129A42F211731088013081B29942F4
:10A32000108071D3DDF840800021B8F800001D9145
:10A3300000289DF88C001C9100F00700ADF87640D5
:10A34000CDE91E1002D00424062142E0DDF8208071
:10A35000B8F80000B0B1012003211BF060F8B8F894
:10A3600000101E9A1C9042EA01001E900DF0F8FBAE
:10A370000421002200231CAC00940DF0CEFB002031
:10A38000A8F80000DDF81C80B8F80000B0B101208A
:10A3900004211BF044F8B8F800101E9A1C9042EA01
:10A3A00001001E900DF0DCFB0421002200231CACF8
:10A3B00000940DF0B2FB0020A8F80000DDF8248026
:10A3C000DDF86CA0B8F80000B0B1DDF824800124FD
:10A3D000052101201BF023F8B8F800101E9A1C90EC
:10A3E00042EA01001E900DF0BBFB21460022002333
:10A3F0001CAC00940DF091FB0021A8F800101298FD
:10A40000DDF85480199C018045F2D060C1F2000053
:10A4100000680168496888479DF88C009DF888109D
:10A4200000F0070040EA0141B0E102211FE10020F5
:10A43000306070740B20307400210027199CDDF807
:10A440006CA0A3E1239810F0060F03D00A9A11889C
:10A4500001311180010703D50B9A11880131118058
:10A46000410603D5119A1188013111800006139815
:10A4700002D5018801310180FE20012100222346FE
:10A480001EF08CF990ED330A219830EE080ABDEEEB
:10A49000C00A10EE101A402905D089B2202908BF41
:10A4A000C0F34D0001E06FF39F309BF80110019065
:10A4B0004A09214604F045FC306044F23002C1F202
:10A4C000000232F8140042F21173013081B2994255
:10A4D00022F8140071D30F98CDE91C770088ADF8ED
:10A4E00076401F971E9710B90D98008818B3012069
:10A4F00007211AF094FFDDF83480DDF83CA01C90B1
:10A50000B8F80000BAF80010CDE91E100DF028FBD5
:10A5100003210022002327461CAC00943C460DF08A
:10A52000FCFA00200027AAF80000A8F80070DDF867
:10A530005080DDF86CA01398008840B9119800880D
:10A5400028B90B98008810B90A98008878B30120C0
:10A5500008211AF064FF1C9013981199DDF82C80E3
:10A56000DDF828A000880988B8F80020BAF8003083
:10A5700041EA004043EA0241CDE91E100DF0F0FA35
:10A5800003210022002327461CAC00943C460DF01A
:10A59000C4FA1399002008801199A8F800000880D7
:10A5A0001B99DDF85080AAF800008A46002744F283
:10A5B0003000C1F2000020F8147040F638312398C2
:10A5C000C1F200019DF8882091F8D810C3B200298B
:10A5D00043EA024114D0012C4FF0000711D89BF838
:10A5E0000030092B0DD1059B019F032A1F6030D03D
:10A5F000DDF85480022A34D1149B1A8810432FE0CE
:10A600000027DDF85480C1E0B0F91010B0F9120055
:10A6100000EE101A01EE100AB8EEC00AB8EEC11A28
:10A6200080EE090A81EE091A00200221B06020EEB6
:10A630000A0A21EE0A1ABCEEC00ABCEEC11A86ED67
:10A64000000A86ED011A199CDDF86CA0F0607174A7
:10A650009AE0B8F800204346DDF8548042EA002032
:10A660001880049A1078013010708EE00321317444
:10A67000C0F38B17002189E03846062101E03846F7
:10A6800003210AF0B9FF002800F0F080077855E0B8
:10A69000384604210AF0B0FF002814BF90F800806B
:10A6A0004FF00008384605211FE04FF0FF37062025
:10A6B000219730740021C1E6384601210AF09CFF41
:10A6C000002814BF90F800804FF00008384602219F
:10A6D0000BE0384607210AF08FFF002814BF90F8DE
:10A6E00000804FF00008384608210AF085FF002856
:10A6F00014BF0078002000EB08071DE038460E214B
:10A700000AF07AFF002814BF007800200190384634
:10A710000C210AF071FF002814BF90F800804FF060
:10A72000000838460D210AF067FF002814BF0078A2
:10A730000020019941440F18DDF854800E982197AC
:10A7400090ED000AB5EE400AF1EE10FA02D140F6A3
:10A75000B83018E0B1EE401AB5EE400AF1EE10FA4A
:10A76000B8BFB0EE410A01EE107AB8EE411A81EEA0
:10A77000000A069850F82400BDEEC00A10EE101A28
:10A78000081A80F3100030600021002721980AEB9E
:10A79000C9024AF8390098F83800516021460CF097
:10A7A00077FB01284DD19BF80000092829D19DF89D
:10A7B0008800002845D01A9F189B00F00F0137F839
:10A7C000192099401143239A179B62F30F20C3F17C
:10A7D000200220FA02F227F81910B3F1200158BF25
:10A7E00000FA01F200FA03F058BF0020169E06EBB3
:10A7F000C90156F839704B6838431A4346F8390096
:10A800001EE0307C0F2829D80121814040F6FE52FD
:10A8100011421FD01A9B189A33F819109040084320
:10A8200023F81900B8B21799169F884007EBC901A1
:10A830004A6857F8393002EAE072184047F83900A0
:10A840004A6000274FF00109E8074FF000057FF448
:10A85000D7AA0DE048F201000142F2D11A99029AFA
:10A8600031F81900104321F81900EAE7002765E7DD
:10A87000002040B228B0BDEC068B01B0BDE8F08FDF
:10A8800000284FF000001ED0F0B581B00D4606291B
:10A8900016D81446012A13D800208DF803008DF82D
:10A8A000020000F0D6F90DF103060DF1020729466A
:10A8B00032463B4601F0B0F9002C08BF37463878E5
:10A8C00001B0BDE8F040C0B2704700210182816153
:10A8D000C18990F84020816202F0F50180F84010B3
:10A8E000704790F83D1080ED080A002918BF7047A6
:10A8F00000F0A0BD90F84000012121EA90007047CF
:10A900002DE9F04F81B08A4690F85A100446BAF10A
:10A910000D0F32D1A04658F85A0B0A2990F8009032
:10A920004F4647D16068057865B100264C2700BFC7
:10A930002069E169805D10FB0710FEF7E0FB01363E
:10A94000B542F5D1B9F1000F33D000254FF40C76A4
:10A950004FF42D77E068A169405D10FB0610FBF70E
:10A96000C7FBA0686169405D10FB07100D21FEF771
:10A9700069F90135A945EDD119E00B294FF0000027
:10A9800000F03981FE2900F03681BAF1030F03D1BE
:10A99000606B002800F00481A04658F85A0B0A2981
:10A9A00090F8009003D1BAF10D0FBBD0F8E04F46FC
:10A9B00000E0002794F85B202046514602F05EFC40
:10A9C000002800F0ED80BAF10E0FA4F8580079D8F5
:10A9D000012000FA0AF040F28631084233D144F2F5
:10A9E0004801084271D1012000FA0AF042F2010147
:10A9F000084267D0002F00F0C68000264FF40C7785
:10AA00004FF42D75E068A169805D10FB0710FCF71D
:10AA100040FFA0686169805D10FB0510FCF7A9FD8F
:10AA2000E068A169805D10FB0710FBF74AFAA06897
:10AA30006169805D10FB05105146FEF703F9013690
:10AA4000B145DFD19FE0002F00F09D8000264FF43C
:10AA50000C754FF42D7B00BFE068A169805D10FB91
:10AA60000510FCF716FFA0686169805D10FB0B10F4
:10AA7000FCF77FFDE068A269805DB4F9581010FB17
:10AA80000520FBF789F9002800F08A800136B145DE
:10AA9000E2D194F862000428504608BF0920002F34
:10AAA00071D000254FF42D7746B200BFA0686169D0
:10AAB000405D10FB07103146FEF7C4F80135A9458B
:10AAC000F4D160E0BAF1500F6AD187B300264FF499
:10AAD0000C754FF42D7B00BFE068A169805D10FB11
:10AAE0000510FCF7D6FEA0686169805D10FB0B10B5
:10AAF000FCF73FFDE068A269805DB4F9581010FBD7
:10AB00000520FBF749F900284AD00136B145E3D1C9
:10AB10006FB100254FF42D76A0686169405D10FB90
:10AB200006105146FEF78EF80135A945F4D1BAF169
:10AB30000D0F37D0BAF1070F2BD0BAF1060F39D16C
:10AB400097B300254FF42D774FF40C7BD4E9020125
:10AB5000D4E90523405D495D10FB072611FB0B304E
:10AB6000FDF72DFF00EE100AB8EEC00A3046FBF7E5
:10AB7000E3FBA0686169405D10FB071000F054FB27
:10AB80000135A945E2D1BAF10D0F0BD0BAF1070F8B
:10AB900010D1082084F85A00012084F85C001AE0E3
:10ABA000002028E04FF0000A002084F85AA084F822
:10ABB0005C001CE0BAF10E0F88F800A011D801204B
:10ABC00000FA0AF144F2863211420AD0BAF1030FB8
:10ABD00084F85C000CD094F85B00012807D10120B8
:10ABE00006E00020BAF1030F84F85C00F7D00020E3
:10ABF00084F85D00012001B0BDE8F08FB1F802C01B
:10AC0000B1F904300FFA8CF2C26742780988012A40
:10AC10000AB28367C0F8802018BF704780B584B03F
:10AC200000781FFA83FE020300F007033FFA82F266
:10AC300042EA03221044019001A8ADF80810ADF8D3
:10AC40000AC0ADF80CE007F018FF04B0BDE8804082
:10AC5000704740F63830C1F200000178012918BF72
:10AC600000207047D8B1F0B581B000F1250400256F
:10AC700001260127002100BF04EBC1010879CD7036
:10AC8000FF2802D0CE702CF029F900200121FA070C
:10AC90004FF00007F0D101B0BDE8F04000E0FE2029
:10ACA00040B27047F0B581B0064600284FF0FE0074
:10ACB00026D00D4621B3284614460CF065FA042828
:10ACC00001D9FF201CE040F6B057C1F200077878A8
:10ACD000012802D1304600F053F907F5C870294623
:10ACE0001822F7F7E7F828462146C7F8C44103F0D1
:10ACF00025FAD7F8C001FFF7B5FF012078700020D2
:10AD000040B201B0F0BD90F809228A422AD080B545
:10AD100090F8083280F809120E2B12D84FF0010E6D
:10AD20000EFA03FC44F286321CEA020F09D0032B10
:10AD300080F824E20FD001290BD1012180F82512DF
:10AD40000EE00022032B80F8242202D14FF0010EE6
:10AD500001E04FF0000E80F825E209B9FCF709FC8C
:10AD6000BDE8804001207047427881630021022ABB
:10AD70004FF00102016580F8002108BF80F8011141
:10AD80007047000000283ED02DE9F04740F63838E3
:10AD9000C1F20008814698F80100B0B309F1250A14
:10ADA00009F129070020012507EBC004002600BF98
:10ADB000A05DFF2818BF2BF00BFE0136032EF7D144
:10ADC0000120E9074FF00005EED100200121FF220C
:10ADD0004FF0FF33002600BF0AEBC605C9072AF86B
:10ADE0003620A870E87047F836304FF001064FF073
:10ADF0000001F1D109F108001D21F7F783F90020C6
:10AE0000A8F8010002E0FE2002E00020BDE8F047C3
:10AE100040B2704770B540F63834C1F20004207873
:10AE2000012854D0082026F0A7FC40F6A071C1F2FA
:10AE3000000108F023F845F2D061C1F2000108607A
:10AE40000020A0702CF00CF9002860603ED004F1C6
:10AE500008001D21F7F756F900200121FF224FF0CD
:10AE6000FF330025C90704EBC5064FF001054FF07D
:10AE70000001A6F8252086F8270086F82800C6F8E5
:10AE80002930EFD143F63420C0F606000068FA21DD
:10AE900048430026C4E938000420052184F8D8601E
:10AEA000C4E93A66C4F8F060A4F8F4601AF0B7FA9E
:10AEB000C4E93E0604200621C4E940661AF0AFFA50
:10AEC000C4E94206C4E94466257000E00024204637
:10AED00070BD40F6B050C1F200000178012918BFE2
:10AEE000002070472DE9F04186B00D46DDE90C8762
:10AEF00006460420012114461AF091FA029000201F
:10AF00008DF80C008DF80D50ADF80E40CDE904879A
:10AF10000CF026FE02AF02213246002300970CF00F
:10AF2000FCFD06B0BDE8F0814FF47A72514344F65F
:10AF3000D352C1F26202A1FB02129109C0E90011D1
:10AF4000816070474FF0FE03C0B1BAB1B0B5C1EB3C
:10AF5000C10100EB8100D0F8C84100F5DE75D0E9F1
:10AF60006DCE2ACD546102F108042AC4C2E900CE94
:10AF7000D0F8CC0100239061BDE8B04058B27047D2
:10AF8000C8B170B540F6B055C1F200050446687806
:10AF900058B1D5F8700117F091FAD5F8C001002624
:10AFA00085F8C461FFF7EEFE6E700120207300206B
:10AFB000BDE8704000E0FE2040B27047B0B540F6FA
:10AFC000B054C1F200042078012820D017F08EF987
:10AFD000C4F8A801FFF71EFFC4F8C00104F5C87249
:10AFE0000420052104250AF02EFB17F07FF9C4F890
:10AFF000700184F8885100250520212184F87D51B5
:10B000001AF00DFAC4F8780101202080E57040F6AE
:10B01000B050C1F20000B0BD10B582B080B104469E
:10B020000CF09EFD94F8881104F5BC7242F29C531A
:10B030000092C0F60603002200240CF06EFD00E032
:10B04000FE2460B202B010BD90F83D1021B14FF067
:10B050007E510162012107E04FF0FF31B5EE400A59
:10B06000F1EE10FAA8BF0121C16170470021C0E9CB
:10B070000111704710B5044600F513702021F7F751
:10B0800041F8FF2084F8680210BD42780988012A3F
:10B09000418218BF704780B582B00078ADF80410C7
:10B0A000030300F007023FFA83F343EA022210444D
:10B0B0000090684607F0F5FC02B0BDE8804070479C
:10B0C000818270478261C2890182511A90F84020C2
:10B0D00089B2816202F0F50180F8401070470000EB
:10B0E0002DE9F04381B0044690F85B0088426DD0B2
:10B0F00094F95A60884620463146424602F0BEF82E
:10B10000002863D0F1B20E2984F85B80A4F85800BF
:10B1100012D8012000FA01F244F286331A420BD011
:10B12000032984F85C000FD0B8F1010F0BD121681E
:10B1300084F85D000E7827E00020032984F85C0085
:10B1400001D1012000E00020216884F85D000E7824
:10B15000B8F1000F18D1BEB100254FF40C794FF4AF
:10B160002D7700BFE068A169405D10FB0910FCF776
:10B1700090FBA0686169405D10FB0710FCF7F9F9CE
:10B180000135AE42EED100E006B300274FF40C7556
:10B190004FF42D79E068A169C05D10FB0510FAF746
:10B1A000D1FF40B1E068A269C05DB4F9581010FB4E
:10B1B0000520FAF7F1FDA0686169C05D10FB091078
:10B1C0004146FFF7A0FD0137BE42E3D101B0BDE823
:10B1D000F08390ED511A90ED4F0AB5EE401AF1EE62
:10B1E00010FA09DA90ED8A1AB8EEC11AB4EE410AE3
:10B1F000F1EE10FA14DB15E090ED8B1AB8EEC11ADF
:10B20000B4EE410AF1EE10FA0ADC90ED8C0A90EDF2
:10B210004D1AB8EEC00AB4EE401AF1EE10FA01DD94
:10B220000120704700207047B0B52DED028B00F56E
:10B23000D0750446284600F0E9FC2846B0EE408A66
:10B2400000F0E7FC94F80812481E0D281FD8DFE82C
:10B2500000F00E07300E07371111291B1B1B1B07AF
:10B26000D4F84802BDEEC00A80ED4A0A0CE0D4F8DA
:10B27000480205E0D4F84802BDEEC00A80ED4A0A53
:10B28000BDEEC80A80ED480ABDEC028BB0BD502966
:10B29000FAD194ED450AD4F84802BDEEC00A80ED1B
:10B2A0004D0AF1E7D4F84802BDEEC80A80ED490A1C
:10B2B000EAE7D4F82401D4F84812C1F83001E3E7F2
:10B2C00094ED450AD4F84802BDEEC00A80ED4E0A5E
:10B2D000DAE70000B0B52DED068B84B0044600F52A
:10B2E000A2700D46FAF713FEB5F902104FF47A7208
:10B2F000514394ED018A616300EE101A6968B8EE5B
:10B30000C09A89EE081A00EE101AB8EEC02A82EE32
:10B31000083AB5F9000094ED580A94ED594A05EE43
:10B32000100A94ED576A20EE044AB8EEC50A26EEDC
:10B33000005A35EE044A84ED594A94ED0E4ABDEEAA
:10B34000C11A84ED191AB8EEC41A606733EE413A97
:10B3500021EE081A94F8A80132EE411ABDEEC33A64
:10B36000BDEEC11A0028E16284ED123A84ED0A1A9A
:10B3700041D09FED231A20EE010A10EE100A36F09C
:10B38000A3FA9FED200A41EC1A0B29EE000A10EEF9
:10B39000100A04F5D87584ED6CAB36F095FA41ECE3
:10B3A000100BB5EE408AF1EE10FA84ED6E0B17DA51
:10B3B0008DED00AB9DF8070080F080008DF8070050
:10B3C0009DED001B84ED6C1B8DED020B9DF80F00B5
:10B3D00080F080008DF80F009DED020B84ED6E0B68
:10B3E000284605F039F894ED820B51EC100B35F03E
:10B3F000BFFCC4F8A40104B0BDEC068BB0BD00BF17
:10B400006F12833AC3F5C83870B140F6B050C1F23C
:10B410000000417851B180B5D0F8C001FFF722FC9F
:10B420000020BDE8804002E0FE2000E0002040B2A5
:10B4300070470000027800210D2A4ED80123934066
:10B4400013F4385F14D113F4C17F30D090ED090AA2
:10B450009FED231A9FED232A20EE010A80EE020AB7
:10B46000BDEEC00A10EE101A1029D8BF10210DE051
:10B4700090ED090A9FED1A1A9FED1A2A20EE010A93
:10B4800080EE020ABDEEC00A10EE101A00EE101A8D
:10B4900090ED081AB8EEC00A21EE000ABDEEC00A0F
:10B4A00010EE101A47F6FF728186C28670470C2A8A
:10B4B0004FF00002F8D190ED090A9FED091A9FEDB7
:10B4C000092A20EE010A80EE020ABDEEC00A10EE43
:10B4D000101A0429D8BF0421D8E70022E4E700BFEE
:10B4E00000FF7F470000B443F0B581B00446006818
:10B4F0000125007888B100264FF40C77E068A16937
:10B50000805D10FB0710FCF748FE2168002808BF8B
:10B510000546087801368642F0D3E8B201B0F0BDA6
:10B52000F0B581B00446006801260078B8B1002566
:10B530004FF40C77E068A169405D10FB0710FAF743
:10B54000F2FE38B1E068A169405D10FB071000F021
:10B55000CFFA00262068013500788542EAD3F0B2A0
:10B5600001B0F0BD2DE9F04F81B02DED048B84B01A
:10B57000044600680078002800F0D2804FF00008F0
:10B580004FF40C7640F2DB5A01AD6FF00049002712
:10B5900000200090E06810F807B0A0690BFB06F1EE
:10B5A000405C000928F0D4FFA16950451BFB061040
:10B5B00098BF80F80181FCF7F0FDA16960B11BFB29
:10B5C00006100021FBF707F8206845F8279000785F
:10B5D00001378742DED310E01BFB061004EB870126
:10B5E000806CC96F401A216845F827000878013738
:10B5F00087424FF00100CCD303E00098C00700F071
:10B600008F80DDE90120002A00D5524203990028ED
:10B6100000D54042002900D5494213469042B8BFA8
:10B6200003469942B8BF0B46D21A94ED1E1A00EE9B
:10B63000102AC01AB8EEC00AB8EEC11A02EE100AFB
:10B64000C81A80EE010AB8EEC22A03EE100A82EE92
:10B65000012AB8EEC33A83EE011A206F4FF40C753D
:10B6600003EE100AB8EEC33AB1EE434A002848BFD1
:10B67000B0EE443AB7EE004A34EE400A23EE000A38
:10B68000B5EE400A34EE422A23EE028A34EE411A25
:10B6900023EE019AF1EE10FAB5EE408A9FED481ABA
:10B6A000B8BFB0EE410AF1EE10FAB5EE409AB8BF5D
:10B6B000B0EE418AF1EE10FAB8BFB0EE419AB1EEA9
:10B6C000401AB1EE482AB1EE493A002842BFB0EE26
:10B6D000439AB0EE428AB0EE410AE068A169007870
:10B6E000BDEEC00A10FB051010EE101AFAF773FF3A
:10B6F000E068A1694078BDEEC80A10FB051010EEA5
:10B70000101AFAF768FFE068A1698078BDEEC90AEF
:10B7100010FB051010EE101AFAF75DFF002048E04C
:10B72000E068A16907784FF40C7217FB0217636F8A
:10B73000BE6CBD6BF61A2E44BE63477817FB02172A
:10B74000BE6CBD6BF61A2E44BE63877817FB0217DA
:10B75000BE6CBD6BF61A2E44BE63077817FB02174A
:10B76000BB64477817FB0217BB64877817FB021787
:10B77000BB640378002713FB021383F8007143783E
:10B7800013FB021383F80071837813FB021383F811
:10B790000071037813FB02139F6C1F65437813FB42
:10B7A00002139F6C1F65807810FB0210816C01658D
:10B7B000012004B0BDEC048B01B0BDE8F08F00BFE8
:10B7C000000000002DE9F04F81B02DED048B86B014
:10B7D0000446406DF9281ED8E068A2690078216F00
:10B7E0004FF40C7510FB0520FAF7F5FEE068A2692E
:10B7F0004078216F10FB0520FAF7EDFEE068A269A2
:10B800008078216F10FB0520FAF7E5FE606D0025BA
:10B81000013060655FE12068002100788DF80A1032
:10B820000028ADF8081000F0F78004F17C00002734
:10B830004FF40C760DF1080A03AD6FF0004B4FF09A
:10B8400000080190E068A16910F8079019FB061044
:10B85000FCF7A3FC0AF8070038B1206845F827B0C8
:10B86000007801378742EDD311E0A069019919FBF7
:10B870000600806C51F827102268401A45F827000E
:10B880001078013787424FF00108DBD303E05FEA0D
:10B89000C87000F0C180DDE90320002A00D55242C3
:10B8A0000599002800D54042002900D54942134699
:10B8B0009042B8BF03469942B8BF0B46D21A94EDE6
:10B8C0001E1A00EE102AC01AB8EEC00AB8EEC11A4D
:10B8D00002EE100AC81A80EE010AB8EEC22A03EE80
:10B8E000100A82EE012AB8EEC33A83EE011A206FE5
:10B8F0009FED7E6A03EE100AB8EEC33AB1EE434AFA
:10B90000002848BFB0EE443AB7EE004A34EE400A91
:10B9100023EE000AB5EE400A34EE422A23EE022A54
:10B9200034EE411A23EE011AF1EE10FAB5EE402A78
:10B930009FED6C3AB8BFB0EE430AF1EE10FAB5EEE7
:10B94000401AB8BFB0EE432AF1EE10FAB8BFB0EE1D
:10B95000431AB4EE402AB0EE403A9FED634AF1EE4E
:10B9600010FAB8BFB0EE423AB4EE431AF1EE10FA54
:10B97000B8BFB0EE413AB4EE443A34EE435AF1EE79
:10B9800010FAB8BFB0EE456A31EE068A32EE069A7A
:10B9900030EE060AB1EE401AB1EE492AB1EE483A4D
:10B9A000002842BFB0EE438AB0EE429AB0EE410AA0
:10B9B000E068A16900784FF40C769DF80820BDEE90
:10B9C000C00A10FB061010EE101A0025002A18BF3E
:10B9D0002946FAF700FEE068A16940789DF8092041
:10B9E000BDEEC90A10FB061010EE101A002A18BF8F
:10B9F0002946FAF7F0FDE068A16980789DF80A20F1
:10BA0000BDEEC80A10FB061010EE101A002A18BF6F
:10BA10002946FAF7E0FD5EE0E068A16903784FF49B
:10BA20000C7613FB0613626F9F6C9D6BBF1A2F443D
:10BA30009F63437813FB06139F6C9D6BBF1A2F44C3
:10BA40009F63837813FB06139F6C9D6BBF1A2F4473
:10BA50009F63037813FB06139A64437813FB061362
:10BA60009A64837813FB06139A640278002312FB0E
:10BA7000061282F80031427812FB061282F8003179
:10BA8000827812FB061282F80031027812FB06124D
:10BA9000936C1365427812FB0612936C13658278DF
:10BAA00012FB0612936C1365007810FB0610002140
:10BAB000FAF791FDE068A169407810FB06100021BB
:10BAC000FAF789FDE068A169807810FB0610002173
:10BAD000FAF781FD0125284606B0BDEC048B01B0C4
:10BAE000BDE8F08F0000000000C05A450000008053
:10BAF0002DE9F041ACB0044690F82C01C00771D09C
:10BB00006078022806D0012808D194F8140100F0CA
:10BB1000010001E029F04CFF002863D1B4F83201A4
:10BB200004F59675013081B2B1F5966FA4F8320133
:10BB30001DD9A06CD4F83811884213D194F8300183
:10BB40000130C1B2642984F8300110D194F82C116D
:10BB5000002084F83001A4F8320141F0020084F89A
:10BB60002C0104E0002184F83011C4F83801287851
:10BB7000800704D4D4F83401C4F89C0032E0A06CEF
:10BB8000D4F83C310DF10A08C61A0120002784F8C8
:10BB9000000116A240469621C4F89C70A663A364D7
:10BBA0002765CDE90036F5F709FEA67804200121C6
:10BBB00019F035FC28908DF8A4708DF8A560ADF8CB
:10BBC000A670CDE92A770BF0CBFF28AE02214246C2
:10BBD000002300960BF0A1FF2846142184F8017180
:10BBE000F6F790FA2CB0BDE8F08100BF4877206CE2
:10BBF000696D20726561636865643A2063702564CD
:10BC000020637A256420636F2564000090ED040AA8
:10BC1000704790ED0B0A70474FF0FE0C48B142B1EF
:10BC20003BB100EB8100417AC07A4FF0000C1170FB
:10BC300018704FFA8CF070472DE9F04FA3B004460E
:10BC400000680078002800F09180002501274FF45B
:10BC50000C7600BFE068A169405D10FB0610FCF7A0
:10BC60009CFA2168002808BF0746087801358542FC
:10BC7000F0D3002F1CBF0127002878D04FF0000A16
:10BC800001274FF04C094FF40C754FF0000800BF2E
:10BC9000D4E90301E26911F8081010F808B011FBAB
:10BCA00009263046FAF72BFDA0B3A0691BFB05005F
:10BCB000416AFAF790FCA069D4E924121BFB050045
:10BCC000FAF7DEF8002849D0A069D4F88C101BFBE5
:10BCD0000500826C836B521A1A4427A38263816425
:10BCE00080F800A101652448D3E90112CDF800A035
:10BCF000CDE9030198890592ADF8180003A8002149
:10BD00000022CDF804A0FFF7EDF8A0691BFB0500A9
:10BD100020E000BF304601F0DDF8A16900281BFBE0
:10BD2000051017D0416AFAF756FCD4E924123046C0
:10BD3000FBF728FF90B1304600F0AAFDCDE903AA39
:10BD400006F0F3FC026896F83B10566B002203AB3A
:10BD5000B04704E00021FAF73EFC00E0002720682D
:10BD600008F101080078804592D300E00127F8B27D
:10BD700023B0BDE8F08F00BF43414C4942524154CB
:10BD800045442121210000002DE9F04F81B02DED27
:10BD9000028B044600680078002800F0AC804FF069
:10BDA00000084FF0010B4FF42D794FF40C7AB7EEE9
:10BDB000008A0027E068A169C05D10FB0A1595F8AC
:10BDC000010178B3A0686169C05D10FB0916606D60
:10BDD00096ED4D0A60B3D6F83002C11700EB117032
:10BDE000001101EE100AB8EEC11AB4EE410AF1EEEC
:10BDF00010FA0EDCD6F8380296ED4F0AA8EB400098
:10BE000001EE100AB8EEC11AB4EE410AF1EE10FAD2
:10BE100056DDD6F8340241422846FAF7DCFB4FF0F3
:10BE2000000B61E028460021FAF7D5FB5CE000BF7B
:10BE3000D6F83002C11700EB9170801001EE100AA5
:10BE4000B8EEC11AB4EE410AF1EE10FA0DDC96ED2F
:10BE50008F0A96ED4A1AB8EEC00AB4EE401AF1EE17
:10BE600010FA02DAD6F83412D6E728460021FAF79B
:10BE7000B2FB96ED3B0A96ED4A1A96ED3C2A31EE5E
:10BE8000401A32EE400A81EE000A96ED901A96EDC5
:10BE90004F2AB8EEC11A85F8018120EE013A38EE3A
:10BEA000400A20EE010A32EE433A30EE020ABDEEBD
:10BEB000C33ABDEEC00A86ED8A3A86ED8B0A13E0DE
:10BEC000284600214FF0000BFAF785FB96ED8E0A0D
:10BED00096ED4A1AB8EEC00A31EE000ABDEEC00A6D
:10BEE00086ED8F0AC4F854B0206801370078874285
:10BEF000FFF460AF01E04FF0010B5FFA8BF0BDEC97
:10BF0000028B01B0BDE8F08FF0B581B00446006847
:10BF10000125007888B100264FF40C77E068A1690C
:10BF2000805D10FB0710FCF738F92168002808BF76
:10BF30000546087801368642F0D3E8B201B0F0BD7C
:10BF4000F0B581B0044600680125007888B100266C
:10BF50004FF40C77E068A169805D10FB0710FCF7D7
:10BF60001CF92168002808BF05460878013686427A
:10BF7000F0D3E8B201B0F0BD2DE9F04F81B02DED66
:10BF8000048BB0B0002104460026FFF7A9F819A8D9
:10BF90005A21F6F7B7F820680078002800F0C28030
:10BFA0009FED858A9FED859A0DF1640A00204FF080
:10BFB00000080490A068616910F808004FF42D7221
:10BFC00010FB021B9BF84D02032800F08780D4E988
:10BFD0000312D4E9063711F808104FF40C7511FB61
:10BFE000053512F808104C22022811FB02792DD0D9
:10BFF000012840F097802846FCF7CFF8002800F091
:10C00000858050465A21F6F77DF8A86BD5F83C118B
:10C01000AB6CB9F80E7046F25172CDE90010504683
:10C020005A21C0F606020297F5F7C8FB9BF80010EC
:10C030005046002200960196FEF754FFDBF854228A
:10C0400048460021FFF73EF8022044E04846FBF74F
:10C05000B6FD074650465A21F6F754F8D9F818604D
:10C0600050465A214DA23B4600960026F5F7A6FB06
:10C070009BF800105046002200960196FEF732FF12
:10C080009BED3C1A00EE107AB8EEC00A31EE081AA9
:10C09000B4EE401AF1EE10FA47DB9BED3B1A31EE9D
:10C0A000091AB4EE401AF1EE10FA3EDC50465A215D
:10C0B000F6F728F8D5E90F3750465A2140A20097E5
:10C0C000F5F77CFB9BF80010504600220096019685
:10C0D000FEF708FF03208BF84D021BE02A482AA335
:10C0E0001A1D8BF84C62059007CA0892CDE906012B
:10C0F000187C00228DF824009BF8001005A80096FB
:10C100000196FEF7EFFE0120049003E02846FFF7BA
:10C11000EFFC00BF206808F1010800788045FFF4BB
:10C1200049AF29E00020049026E019AC0026204603
:10C130005A218BF84C62F5F7E5FFDBE93B5035F00F
:10C14000C3FB41EC180B284635F0BEFB41EC100B4D
:10C1500024A220465A213B468DED008B8DED020B2B
:10C16000F5F72CFB9BF800102046002200230096D8
:10C1700004930196FEF7B6FE0498C0B230B0BDEC51
:10C18000048B01B0BDE8F08F43616C696220436F9E
:10C190006D706C657465642E00000000456E636F01
:10C1A00064657220706F733A256420616E64207A32
:10C1B00065726F3A25640000008C6346008C63C68C
:10C1C0004E6577204D7472206C696D6974733A20E6
:10C1D0006D5F6D696E3D2564206D5F6D61783D25F5
:10C1E0006400000063616C69622031343A6F7574D9
:10C1F0004C696D3A2063703A2564206D783A252E9B
:10C200003166206D6E3A252E3166000070B5044609
:10C2100090F8080204220E2808BF64220021092891
:10C2200008BF642284F80A12411E0D2904EB02059E
:10C2300019D8DFE811F035000E001301B200B2008A
:10C240001D00B2000E003500B200B200B200B20014
:10C250000E0004F5BE70FCF7F3FE08B304F5D070D1
:10C26000FDF739FB1CE0FE281AD0502840F09580DD
:10C2700094ED3B1A94ED3C0AD4F81411B4EE401A34
:10C280000020F1EE10FAC4E94600C4F82401C4E924
:10C290005100C4F84C01C4F8501140F0F78001E19E
:10C2A00094F86802072800F0D580062804D194F895
:10C2B0004C02002800F0CE8004F5D07604F58C7195
:10C2C00004F58E7204F590733046FBF705FB94F885
:10C2D000FD0094ED460A94ED4A1A30EE410A00B38F
:10C2E0009FED952AB4EE420AF1EE10FA09DD9FEDBA
:10C2F000933A00BF30EE030AB4EE420AF1EE10FAB0
:10C30000F8DC9FED8F2AB4EE420AF1EE10FA08DA5B
:10C310009FED8C3A30EE030AB4EE420AF1EE10FAC9
:10C32000F8DB94ED472A94ED4B4A94F8091232EE6B
:10C33000442A84ED510A84ED522AC1B394ED567A11
:10C3400094ED556AD4ED570A94ED3B3A94ED3C2AAE
:10C3500027EE000A94ED4D5A30EE060A20EE844A8C
:10C3600030EE440AB4EE423A30EE454AF1EE10FAAD
:10C3700084ED490A84ED534A84ED540A0BD0B4EE9F
:10C38000431AF1EE10FA40F39F80B4EE421AF1EE38
:10C3900010FA80F2B480002084E00020C4E9460056
:10C3A000C4F82401C4E95100C4F84C0153E094F8E6
:10C3B000FC200021C4F82411C4F84C114AB394F8AD
:10C3C0000812FE2925D094ED400AB4EE401AF1EE91
:10C3D00010FA1EDDD4ED410AB4EE601AF1EE10FA47
:10C3E00017DA00219FED581A9FED582A84F8FC10A7
:10C3F000002804BFB0EE401AB0EE602A84ED3B1A6C
:10C400009FED531A3046F0EE411A84ED3C2AFDF7B9
:10C410004FFA94ED3B0A94ED3C1AB4EE410AF1EE6A
:10C4200010FA45D094ED421A9FED4A2A94ED4A0A3B
:10C4300031EE021AB4EE410AF1EE10FA0ADB94ED85
:10C44000431A9FED452A31EE021AB4EE410AF1EE8D
:10C4500010FA2DDD0020C4F850015AE094ED3B1A8B
:10C4600094ED3C0A94ED492A94ED4D3AB4EE401A0D
:10C47000002032EE433AF1EE10FAC4E94600C4E976
:10C48000510084ED533A84ED542A0BD094ED4A2A9E
:10C49000B4EE412AF1EE10FA07DDB4EE402AF1EED7
:10C4A00010FA18DAC4F8100133E031EE420A0DE058
:10C4B00094ED310A94ED511AB4EE401AF1EE10FAEF
:10C4C0000CDD31EE400A12E033EE410A2846F9F75E
:10C4D00001F8FF2019E030EE420A12E0B1EE402AE6
:10C4E000B4EE421AF1EE10FA16DA31EE000A84EDDB
:10C4F000510A2846F8F7EEFF84ED540A09E032EEBF
:10C50000410A2846F8F7E6FF012084ED440A84F842
:10C510000A0294ED540A70BD94F826020026C4F86D
:10C52000446128B1284600F04EFEC4F85061F0E79F
:10C530009FED070ADDE700BF00000047000080C74D
:10C54000000000C7000080475555D5C65555D54653
:10C55000000000000080E3C40080E34490F808126B
:10C56000FE291DD190F86812062919D190F84C12B5
:10C57000B1B180B590ED3C1A90ED3B2AB4EE401A73
:10C58000F1EE10FAB4EE402AB8BFB0EE410AF1EE77
:10C5900010FAC8BFB0EE420A00F0BFFE012080BD15
:10C5A000002070472DE9F0410E4601211446054652
:10C5B0004FF00108F9F7F0FB2846FAF7FDFF28468F
:10C5C000F9F7B2FF4FF0000708BB05F1A000C5E97D
:10C5D0000777C5E90A77C5E90D77C5E91877AF662A
:10C5E000C5E91177C5E9137700F0EDFD40F20110C0
:10C5F000A5F80001A86CC5F89C70C5E94B77AF633E
:10C600000127C5F8346185F82C81C5E94E04384608
:10C61000BDE8F081B0B50546F9F786FF80F001046A
:10C620000BF032F8A9780BF067F820B190F82400ED
:10C630000A3808BF04462046B0BD0000002800F0BC
:10C6400024812DE9F04F89B040F6383AC1F2000A52
:10C6500002909AF8D800002800F0A2800027012458
:10C660000AF1D8004FF0000B039000BF0AEB0B005B
:10C6700090F8F400C00718D103999AF8DA0001EB9A
:10C680004B0838F8185F01EB8B01042801F1100901
:10C6900012D1D9F800600AF0F7FF5FFA8BF10BF0C6
:10C6A0002BF8C0E91465A8F800704FF0010BE00703
:10C6B0004FF00004DAD173E00228F4D1002DF2D05B
:10C6C00044F26801C1F2000131F81B00A8F80070C3
:10C6D000013021F81B001EF0BDFB1EF0C9FB44F227
:10C6E0005803C1F2000303EBCB0253F83B300AEBD3
:10C6F0008B075668D7F8E070C31A61EB0606DB1BA0
:10C700004FF0000776F10003CDDBC2E9000144F2EF
:10C710006800C1F2000030F81B008AF80DB18AF8F9
:10C72000FDB0AAF8FE50AAF80E010AF0ADFF5FFABC
:10C730008BF631460BF01AF805460AF0A5FF314694
:10C740000AF0DAFF25B1B5F90C20B5F9101001E0B7
:10C7500000220021D9F800300028CAE9402314BF84
:10C7600000680020CAE944010AF584750BF0F8F965
:10C770000AF1F80704210022002300970BF0CDF9FD
:10C780000BF0EEF904210022002300950BF0C5F90F
:10C7900044F268000027C1F2000020F81B7082E715
:10C7A000029C94F8380000284FF0000069D0B4F8DB
:10C7B0006010CDE906000590049019B9B4F8620044
:10C7C000002858D0D4F84600012128F07BFD0DF058
:10C7D000EFFA94F844100DF04EFB58B90DF0E8FA5A
:10C7E00043F62C22C0F6060294F844101268012386
:10C7F0000DF09AFBB4F8600018B9D4E914010843AD
:10C8000018D00420072118F00AFE04900020ADF88B
:10C810001400B4F86000D4E91412ADF81600CDE9A4
:10C8200006120BF09DF904AF0421002200230097AB
:10C830000BF073F9B4F8620018B9D4E91601084393
:10C8400019D00420072118F0EAFD04904FF48070FD
:10C85000ADF81400B4F86200D4E91612ADF8160071
:10C86000CDE906120BF07CF904AF0421002200236D
:10C8700000970BF052F904F150001421F5F742FC37
:10C88000002009B0BDE8F04F00E0FE2040B2704744
:10C89000C169826A90ED081A514300EE101AB8EE91
:10C8A000C00A80EE010A90ED051A00210182B8EE5F
:10C8B000C11A90F8401001F0F50180F8401030EEF8
:10C8C000410ABDEEC00A80ED060A704740F6B0503E
:10C8D000C1F20000D0F8C001FFF7B0BE2DE9F04F63
:10C8E00081B02DED0A8BCAB000210546FEF7F8FB9A
:10C8F0002868007800288DF8D70000F04F8208AE35
:10C900009FED1D8A9FED1D9A9FED1DAA06F129003E
:10C910004FF42D794FF001084FF0000B049000BF49
:10C92000A868696910F80B0010FB091A9AF86812D8
:10C93000FF2900F0C9812869072923D0062939D1A8
:10C940009AF858120139032934D8EA6910F80B0013
:10C950004C2710FB0720DFE811F0040005017200EE
:10C96000F100DAF85C2200210027FEF7ABFB022081
:10C970008AF85802A9E100BF008C6346008C63C6A8
:10C98000008036449AF84D12032956D010F80B0057
:10C99000EA694C23022910FB03200ED0012909D19A
:10C9A000DAF8502200210027FEF78CFB02208AF8DB
:10C9B0004D028AE1FF24002788E1FBF700F9814658
:10C9C000DAE93B7034F080FF41EC1B0B384634F061
:10C9D0007BFF41EC100B304650210FF254424B4686
:10C9E0008DED00BB8DED020BF4F7E8FE9AF8001018
:10C9F00000233046002200930193FEF773FA00EE05
:10CA0000109AB8EEC01A9AED3C0A9AED3BBA30EE95
:10CA1000082AB4EE412AF1EE10FAC0F2F1803BEEA2
:10CA2000092AB4EE412AF1EE10FA00F3E98003205E
:10CA30008AF84D020024012725E1002490E02846D1
:10CA4000FCF766FB9AED4A0A9AED941A31EE400A19
:10CA5000B0EEC00AB4EE4A0AF1EE10FA00F33481E7
:10CA600004208AF85802E868A96910F80B004FF40E
:10CA70000C79344610FB0916B06C5021B0630020CD
:10CA8000B0643065012086F800012046F5F73AFBD6
:10CA9000B76BB36C204650210FF2EC320097F4F7DD
:10CAA0008DFEB178002320460022009301930024DC
:10CAB000FEF718FA86F80141286807960078D8B181
:10CAC000002700BFD5E90201AA69CE5DC45D16FB4F
:10CAD0000920FAF7DEFE68694FF42D7114FB01009E
:10CAE000FAF747FDA86916FB0900F9F7EAF9286883
:10CAF000013700788742E5D3DAF86002079C08AE78
:10CB0000E063DAF86402502120643046F5F7FAFA5F
:10CB1000D4E90F3746F27B7230465021C0F6060248
:10CB20000097F4F74BFE9AF80010002730460022D9
:10CB300000970197FEF7D6F90024A4E0CE48CEA2D4
:10CB4000002404328AF84C42369007CA37AB07C338
:10CB50009AF8001036A8002200940194FEF7C2F95A
:10CB60000127B3E0E968AF6911F80B40FBF727F83C
:10CB700081469AED3CCA00EE109AB8EEC00A3CEE2F
:10CB8000081A9AED3BBAB4EE401AF1EE10FA51DBF6
:10CB90003BEE091AB4EE401AF1EE10FA4ADC2868AE
:10CBA0004FF40C790078CDF81CA0CDE90574E0B104
:10CBB000002400BFD5E90201AA690F5D065D17FBDD
:10CBC00009204FF42D7AFAF764FE686916FB0A0013
:10CBD000FAF7CFFCA869012117FB0900F9F7DCF887
:10CBE0002868013400788442E4D3079C4FF40C7128
:10CBF00094F808020A2849D1FF24002708AE42E031
:10CC000010EE100A34F060FE41EC1C0B1BEE100A13
:10CC100034F05AFE41EC100B304650218DA24B46A9
:10CC20008DED00CB8DED020BF4F7C8FD9AF80010E6
:10CC3000002721E00027304650218AF84C72F5F792
:10CC400061FA1CEE100A34F03FFE41EC1C0B1BEEA7
:10CC5000100A34F039FE41EC100B46F2997230465E
:10CC60005021C0F606024B468DED00CB8DED020B38
:10CC7000F4F7A4FD9AF800103046002200970197BF
:10CC8000FEF730F9FF244FF42D791FE0DDE9052090
:10CC900010FB012ADAF83C00C4F86002DAF8400020
:10CCA000C4F864020020CAE90F0094ED940AD4EDA0
:10CCB000950A2046FFF752FC08AE4FF42D7980B15B
:10CCC000032084F8580200BF002700242968087850
:10CCD00008EA0708E4BB0BF1010B8345FFF420AE23
:10CCE00036E004982721F5F7EBF94CF2B032C0F6A4
:10CCF000060292E8030209910890D2E9080102F1C4
:10CD0000140ED2E903379EE84050CDE90FE092F8C7
:10CD10002800CDF82890CDE90B370D96CDF838C016
:10CD200011918DF8480008AE217800273046002286
:10CD30004FF42D7900970197FEF7D4F8D4F86002EC
:10CD4000CAF83C00D4F86402FF24CAF84000BDE7EA
:10CD500044B3FF204FF00A0985F8680085F85A901F
:10CD60000878F0B100264FF42D774FF40C7400BF13
:10CD7000A8686969805D10FB071080F80892FEF7CB
:10CD800079F9E868A969805D10FB0410F9F799F852
:10CD90002868013600788642EAD303E04FF00108A4
:10CDA00014E00020B8F1000F38D078B100244FF41F
:10CDB0002D7600BFA8686969005D10FB0610FEF7BC
:10CDC00059F92868013400788442F3D34CF2783062
:10CDD000C0F6060090E88E00D0E904650DF1200E43
:10CDE0008EE88E0000F12007D0E906C4CDE90C657D
:10CDF0008ECF066B90F834000DF1400E8EE88E0059
:10CE00008DF85400002308A800210022CDE90EC4AB
:10CE1000149600930193FEF765F801E04FF00008C7
:10CE200040464AB0BDEC0A8B01B0BDE8F08F00BFB0
:10CE300063616C6962373A63686B4C696D3A206371
:10CE4000702564206D78252E3166206D6E252E317B
:10CE50006600000063616C6962373A6F75744C69F3
:10CE60006D3A2063702564206D78252E3166206D23
:10CE70006E252E316600000043616C696220436FAD
:10CE80006D706C657465640063364D3A706F732025
:10CE9000726561636865643A2063703D2564206350
:10CEA0006F3D25640000000078B100EB810C1CF898
:10CEB000093F042B03D09CF80230042B07D100EB70
:10CEC0008100C0F88420002002E0FE2000E0F12074
:10CED00040B2704790F84000C0F3C000704748B1BE
:10CEE00040F6B050C1F20000417819B1D0F8C0014D
:10CEF000FCF7E8BA0020704700220282C0E9051260
:10CF0000C18990F84020816242F00A0180F8401007
:10CF1000704710B586B004460220152118F07FFA3C
:10CF2000029000202178ADF80C00D4F82801ADF86B
:10CF30000E1034F0A7FD94F80812CDE904100AF0A1
:10CF40000FFE02AC03210022002300940AF0E5FD4D
:10CF500006B010BD48B100EB8100417A032906BF3D
:10CF6000C0F8BC200020F12000E0FE2040B2704755
:10CF70001AF082BE1AF080BE1AF07EBE10B50446CA
:10CF80000078C0F10100C0B227F0E2FA40F2DC51B3
:10CF9000884244F23401C1F2000101D2012004E0D0
:10CFA00040F6AD52904202D300202278885494ED8E
:10CFB000510AB5EE400AF1EE10FAA4BF002010BDF0
:10CFC0002078085C002818BF012010BD80B582B011
:10CFD0000FF02CF90FF032FB0DF007FB0DF098FC71
:10CFE00014F03EF914F0ACFA03F09CFD04F054FE8A
:10CFF00004F0E3FE05F028FB11F054FA11F062FB97
:10D0000010F018FC10F026FD00208DF807008DF8B8
:10D01000060009F09AFB0DF107010DF1060209F077
:10D02000FBFD19F021FB9DF807109DF8062019F073
:10D03000EAFC02B080BD70B100EB810212F8093F3A
:10D04000042B02D09278042A07D100EB810080EDF6
:10D050001A0A002002E0FE2000E0F12040B27047F2
:10D0600010B586B000201521002418F0D8F9CDE9BC
:10D070000204CDE904440AF073FD46F2155302ACF4
:10D08000C0F606030321002200940AF046FD06B014
:10D0900010BD48B100EB8100417A032906BF80ED45
:10D0A000280A0020F12000E0FE2040B2704710B5B1
:10D0B00086B000201621002418F0B1F9CDE9020451
:10D0C000CDE904440AF04CFD46F2155302ACC0F61B
:10D0D00006030321002200940AF01FFD06B010BDD4
:10D0E00080B508F016FC08F094FE09F02EFBBDE8B0
:10D0F000804009F059BC704710B519F0B5FA19F025
:10D10000AAFA044612F056FF214613F08DF90BF0EF
:10D1100089FF21460CF07CF814F038FD214614F00C
:10D1200023FE0AF061FD0AF013FE09F00EFB40F643
:10D13000B831BDE8104009F081BD704744F28C5110
:10D14000C1F200018A683AB190F90B300168002BF6
:10D1500058BF01460846104700207047704780B509
:10D160006021F4F7CFFF80BD70B504460EF04CF996
:10D1700004214FF42D7223460EF050F9054644B1B8
:10D180002E4600BF3046F8F74AF8013C06F52D76EA
:10D19000F8D1284670BD000070B504460EF034F991
:10D1A00004214FF40C7223460EF038F9054644B1C1
:10D1B0002E4600BF3046F8F7CCF8013C06F50C7659
:10D1C000F8D1284670BD0021C0E907114162C0E9CD
:10D1D00015117047F0B581B00C460546002600BF1A
:10D1E000002700BFE05909F047FE55F826003844F3
:10D1F0000437102F80ED000AF4D10136042E04F11B
:10D200001004EDD101B0F0BD20211AF03BBDB0B546
:10D2100082B044F23805C1F200050446E8800020DF
:10D22000A8800220C5E9022318F0F9F828600AF066
:10D2300097FC04210022002300950AF06EFC0AF0FE
:10D2400023FA21460AF092FA08B12968416102B036
:10D25000B0BD000010B50446012898BF012400BFEE
:10D260002046F5F766F8002818BF10BD07F09DFAB4
:10D2700008B18047F4E7002010BD00004FF0040320
:10D2800021B10D2902D01AB113E043581846704756
:10D290004A1E0D2A4FF000030FD80FF20601DFE8F7
:10D2A00002F01614080707180A0A120707070710E2
:10D2B000ECE73421E9E74821E7E75029E6D13821B6
:10D2C000E3E75021E1E74C21DFE74421DDE740219E
:10D2D000DBE73C21D9E7B0B582B044F24805C1F2A2
:10D2E00000050446E8800020A8800220C5E902234A
:10D2F00018F095F828600AF033FC0421002200237E
:10D3000000950AF00AFC0AF0BFF921460AF02EFA4D
:10D3100008B12968416102B0B0BD90ED3D1AB4EE8C
:10D32000601AF1EE10FA02DAF0EE410A08E0B1EE0E
:10D33000411AB4EE601AF1EE10FAC8BFF0EE410ADD
:10D34000F5EE400AF1EE10FA80ED460AC0ED470A0C
:10D3500008BF704700F5D070FBF734BD10B586B03C
:10D3600043F64820C0F6060090E80E5040698DE86C
:10D370000E50059004208DF80100002003210022AA
:10D38000012300241AF08AFDCDE9010418F00FF9F9
:10D39000694618F03AFB06B010BD416851B1017AF8
:10D3A000032907D840F2E840C1F2000000F22460EF
:10D3B00009F07ABD70470000F0B581B00C46054613
:10D3C000012898BF0125042998BF04240027684636
:10D3D00021462A460097F4F7BEFF009878B96E46BA
:10D3E00007F0E3F950B18047304621462A460097BE
:10D3F000F4F7B1FF00980028F2D000E0002001B05F
:10D40000F0BD0000F0B581B00C46FE2905460CD3F6
:10D4100028694FF4A0610182FF218474A0F81310E1
:10D4200001B0BDE8F040FFF799BF00208DF8030080
:10D430008DF8020018F0BBF80DF1020118F0AAF8FF
:10D44000092C1ED8DFE814F00A002A01F2000401BA
:10D45000CC003D01500117016301DF000EF0E6FE34
:10D460000FF076F806460EF0E1FE0DF10302002102
:10D4700000270EF0B7FF2F750EF0D8FE0EF0CCFD92
:10D4800057E1802C40F056810EF0D0FE0FF060F88E
:10D490000EF0CCFE0021002200260EF0A3FF2E7518
:10D4A0000EF0C4FE0EF0B8FD0DF09FF80DF010FA6E
:10D4B0000DF09BF8002100220DF09EF9AE750DF0E5
:10D4C00094F80DF037F813F0CBFE14F00CF813F0CD
:10D4D000C7FE0021002213F0CBFF6E7513F0C0FED3
:10D4E00013F035FE03F01EFB04F0D0FB03F01AFB33
:10D4F0000021002203F013FB2E7703F013FB03F04F
:10D50000FAFA04F05AFC05F099F804F056FC0021F0
:10D51000002204F04FFC6E7704F04FFC04F036FC60
:10D5200012F048FD12F050FF12F044FD00210022DD
:10D5300012F0B7FEEE7512F03DFD12F0D3FC0BF0C9
:10D5400071FD0BF046FE0BF06DFD002100220BF08B
:10D5500016FE2E760BF066FD0BF0FDFC14F016FBAC
:10D5600014F0E3FB14F012FB0021002214F0B3FBD3
:10D570006E7614F00BFB14F0A4FA10F093FF11F088
:10D5800069F810F08FFF0021002211F01DF8AE762F
:10D5900010F088FF10F016FF10F04CF910F022FA8E
:10D5A00010F048F90021002210F0D6F9EE7610F0C4
:10D5B00041F910F0CFF808F0BEF808F0CEF815F0F9
:10D5C00004F908F0B8F808F0C8F815F0D6F88DF8A6
:10D5D000030017F0ECFF002118F0BCF90646A8E0A4
:10D5E0000BF020FD0BF0F5FD06460BF01BFD0DF1D9
:10D5F0000302002100270BF0C2FD2F760BF012FD75
:10D600000BF0A9FC95E004F0D8FB05F017F80646EE
:10D6100004F0D3FB0DF103020021002704F0CAFB44
:10D620006F7704F0CAFB04F0B1FB82E00CF0DDFF81
:10D630000DF04EF90CF0D9FF0DF103020021002688
:10D640000DF0DAF8AE750CF0D0FF0CF073FF73E05C
:10D6500012F0B0FC12F0B8FE064612F0ABFC0DF171
:10D6600003020021002712F01CFEEF7512F0A2FC4D
:10D6700012F038FC5DE010F0DDF810F0B3F906466A
:10D6800010F0D8F80DF103020021002710F064F922
:10D69000EF7610F0CFF810F05DF84AE013F0E0FDFF
:10D6A00013F021FF064613F0DBFD0DF1030200210C
:10D6B000002713F0DDFE6F7513F0D2FD13F047FD68
:10D6C00037E014F063FA14F030FB064614F05EFA0B
:10D6D0000DF103020021002714F0FDFA6F7614F01B
:10D6E00055FA14F0EEF924E010F0DCFE10F0B2FF71
:10D6F000064610F0D7FE0DF103020021002710F0BE
:10D7000063FFAF7610F0CEFE10F05CFE11E003F088
:10D7100009FA04F0BBFA064603F004FA0DF103021D
:10D720000021002703F0FBF92F7703F0FBF903F04A
:10D73000E2F90EB1002018E005F11400002100BF4D
:10D74000425C012A10D001310A29F9D117F02FFFCC
:10D750000021002618F0FEF89DF80210022918BFDB
:10D760008DF802600028E5D10120296908740520A0
:10D770004874FF208C74C874FFF7F0FD01B0F0BD51
:10D7800010B51DF067FB1DF073FB43F6C064C1F2DA
:10D7900000040122C4E92A01204684F8612084F8AB
:10D7A000C820FFF713FC94F8600068B994F84100B2
:10D7B00029F0D9FC022803D194F8410029F0D9FCC2
:10D7C00094F8420029F0D5FC1DF044FB1DF050FBFD
:10D7D000024601200B4600F0F8FE40F2FF11022045
:10D7E000A4F86110BDE8104000F012BB2DE9F0472D
:10D7F00082B01DF02FFB1DF03BFB43F6C064C1F26D
:10D800000004D4E91A234FF00009013243F1000368
:10D81000012584F86190C4E91A23C4E91E0184F843
:10D820009850C4E942012046C4F84490FFF763FCD5
:10D83000A08DCDF80490ADF8025078B30DF1040A34
:10D840000DF10206E846002519F06FFA51463246FE
:10D8500019F027FB0746C8B9ADF8009019F0C4FBD2
:10D8600001994246002319F048FC18B119F0BCFB9D
:10D87000FFF71DFCBDF80000B4F846100844B4F8EA
:10D880004410A4F84600481CA4F84400BDF8020067
:10D8900020B11FB9A08D01358542D5D32046FFF7B1
:10D8A0001FFC94F8600018B994F8410029F061FC5D
:10D8B0001DF0D0FA1DF0DCFA024600200B4600F005
:10D8C00084FEFF20A4F86100012000F0A1FA02B05C
:10D8D000BDE8F0872DE9F04F8DB01DF0BBFA1DF0CB
:10D8E000C7FA43F6C064C1F200040222C4E936015B
:10D8F000012084F8612084F8F8000025204684F88F
:10D900004D50A564FFF719FCE08D0895ADF8145053
:10D9100070B119F069FB04F1550308A905AA19F0C3
:10D920000EFB002800F08F8019F05EFBFFF7BFFBB5
:10D930002046FFF7E1FB94F84D0080B141F6183026
:10D94000C0F60600056800BF206D29462FF012F9C9
:10D9500094F84D000138010684F84D00F4D11DF013
:10D9600079FA1DF085FA054602202A460B460E4636
:10D9700000F02BFED4E9460104F58073C4E94801A8
:10D980000FCBB5EB020B66EB03020023BBEB0000F1
:10D99000C4F81461C4F81051C4E946B272EB010036
:10D9A00084F8283124BF012084F82A01B4F83471A6
:10D9B000B4F83281002F384608F0100118BF01205A
:10D9C000002F00EA111500F0AA8018F0080000F0FE
:10D9D000A68044F2700AC1F2000ADAE9001044F2AB
:10D9E000800C51EA000244F27802C1F20002C1F256
:10D9F000000CCDE903583ED044F28805C1F2000581
:10DA0000D2E900E2D5E9006C02924A1C1FFA8BF9B8
:10DA100040F1000316EB09004CF10001C5E90001DB
:10DA2000B9EB0E05029D4FF0000878EB050544F2B6
:10DA3000800C44F27805C1F2000CC1F20005CAE97D
:10DA400000232AD32CE0BDF8140000283FF470AF67
:10DA500019F06BF9089944F64032C0F24C0219F003
:10DA600048FA002800F01B8143F6C060C1F20000B4
:10DA7000FFF7F6FA5CE7154644F2880200211FFA28
:10DA80008BF0C1F20002C2E900010122CCE90011D1
:10DA9000CAE9002181464FF00008CE46C5E900984A
:10DAA000DCE900A507EB8707BAEB090675EB08066A
:10DAB0004FEA47073CBFCCE90098CA46BEB2971B65
:10DAC000DDE9035873F1000729D37746F3F7E8FD42
:10DAD0004CF6CD41C0EA07494FEA0A40714340EA9B
:10DAE000D1474FF44030099000260020402108968D
:10DAF00017F095FC0890CDE90A790AF031F842F266
:10DB0000685308AFC0F606030121002200970AF00F
:10DB100004F844F27000C1F20000C0E90066002D74
:10DB20005AD004F596751FFA8BF22846002300267A
:10DB300005F0E3FBB4F8340100EB8007284605F05C
:10DB4000C9FFD0E90001B0EB470071F1000043D3F9
:10DB500005A92846FF22CDE90566079605F05EFF78
:10DB6000284605F05EFC059800250430002700BF1C
:10DB700050F8041BC6F1200321FA03F3B6F120028A
:10DB800058BF01FA02F301FA06F106F1080658BF80
:10DB900000211F43402E45EA0105E9D14FF47A00E8
:10DBA000099000204221089017F039FC0890CDE937
:10DBB0000A5709F0D5FF42F2685308AFC0F60603D2
:10DBC00001210022009709F0A8FF059820B10799CC
:10DBD0000690091A06F06EFE5FEA48702AD594F89E
:10DBE0002A0138B3002084F82A01CDE90800D4F8CE
:10DBF000B800D4F81811B4F88820B4F8E830B4F8B4
:10DC0000005142EA014643EA00470020412117F053
:10DC100006FC0890ADF82650CDE90A7609F0A0FF81
:10DC200042F2685308AFC0F60603032100220097B2
:10DC300009F073FF94F8600040B140F2FF21606B7F
:10DC4000A4F8611001211AF015F825E094F84100BC
:10DC500029F089FA022803D194F8410029F089FAC1
:10DC600094F8420029F07FFA022803D194F8420088
:10DC700029F07FFA94F8430029F07BFA4FF6FF7001
:10DC8000A4F8610094F84050FF2084F8400017F099
:10DC90008EFC294617F08DFE0DB0BDE8F08FBDF863
:10DCA0001400B4F84A100844B4F84810A4F84A0024
:10DCB000481C94F84D10A4F84800481C84F84D0006
:10DCC00036E6002814BF0078072080B582B0020332
:10DCD0003FFA82F200F0070342EA03221044009068
:10DCE00068468DF8041004F078FE02B080BD000094
:10DCF000F0B581B015460C4606460020FE298DF889
:10DD0000030010D33169002D08744FF006008C74A5
:10DD100008BF07204874FF20A1F8130001B0BDE838
:10DD2000F040FFF71BBB092C4FF0FF0750D8DFE88E
:10DD300004F005371F270F3F472F51170EF076FAD3
:10DD40000DF10302002D4DD029460EF0F5F84CE000
:10DD50000BF068F90DF1030229460BF010FA44E0CC
:10DD600004F02BF80DF10302294604F023F83CE0FF
:10DD70000CF03BFC0DF1030229460CF03DFD34E0B4
:10DD800012F018F90DF10302294612F08AFA2CE07C
:10DD90000FF050FD0DF1030229460FF0DDFD24E0E8
:10DDA00013F05EFA0DF10302294613F061FB1CE04B
:10DDB00013F0ECFE0DF10302294613F08CFF14E082
:10DDC00010F070FB0DF10302294610F0FDFB0CE092
:10DDD000FF200AE002F0A6FE0DF10302294602F040
:10DDE0009EFE02E000210EF0FDFAC0B2B0FA80F013
:10DDF00031694009087406208C74002D08BF072083
:10DE00004874CF74085D0875FFF7A8FA01B0F0BD3B
:10DE1000B0B543F6C0650446C1F2000540B195F8BF
:10DE20004C0028B905EB8400406B022119F022FF59
:10DE300005EB8400406B0121BDE8B04019F01ABF2A
:10DE400091F82420012303FA02F200EE102AB8EE22
:10DE5000C00AB7EE001A81EE000A91ED001A21EE19
:10DE6000001AB5EE401AF1EE10FA7BDB91ED012AB3
:10DE700022EE002AB5EE402AF1EE10FA72DB91EDA7
:10DE8000023A23EE003AB5EE403AF1EE10FA69DBC1
:10DE900091ED034A20EE040AB5EE400AF1EE10FAC5
:10DEA000B8BF70472DE9F04184B0B4EE412AB0EE1E
:10DEB000414A0446F1EE10FAC8BFB0EE424AB4EE51
:10DEC000443A00200121F1EE10FAC8BFB0EE434AF7
:10DED00001FA00F205EE102AB8EEC55AB4EE454A32
:10DEE000F1EE10FA08DB01301028F1D14FF00008F4
:10DEF0000026002700251BE09FED1B4A80F00F0540
:10DF000021EE041A81EE051A22EE042A82EE052A79
:10DF100023EE043A83EE053ABDEEC11A11EE108AE3
:10DF2000BDEEC21A11EE106ABDEEC31A11EE107AE0
:10DF30002078F9F7B1FC2078020300F007013FFADE
:10DF400082F242EA012108440190E8B2C7EA0040A7
:10DF5000C8EA0641CDE9021001A804F016FD04B09C
:10DF6000BDE8F041704700BF000000470021C170CC
:10DF70007047000091F82420012303FA02F200EE1A
:10DF8000102AB8EEC00AB7EE001A81EE000A91ED31
:10DF9000001A21EE001AB5EE401AF1EE10FA7BDB02
:10DFA00091ED012A22EE002AB5EE402AF1EE10FA98
:10DFB00072DB91ED023A23EE003AB5EE403AF1EE13
:10DFC00010FA69DB91ED034A20EE040AB5EE400A2F
:10DFD000F1EE10FAB8BF70472DE9F04184B0B4EE0D
:10DFE000412AB0EE414A0446F1EE10FAC8BFB0EE45
:10DFF000424AB4EE443A00200121F1EE10FAC8BFC3
:10E00000B0EE434A01FA00F205EE102AB8EEC55A06
:10E01000B4EE454AF1EE10FA08DB01301028F1D1D8
:10E020004FF000080026002700251BE09FED1B4A4B
:10E0300080F00F0521EE041A81EE051A22EE042A63
:10E0400082EE052A23EE043A83EE053ABDEEC11AAC
:10E0500011EE108ABDEEC21A11EE106ABDEEC31A9F
:10E0600011EE107A2078F8F779FA2078020300F0A0
:10E0700007013FFA82F242EA012108440190E8B226
:10E08000C7EA0040C8EA0641CDE9021001A804F041
:10E09000CCFC04B0BDE8F041704700BF0000004771
:10E0A00080B509F05DFD42F2685203A1C0F6060298
:10E0B000BDE8804009F078BD63616C6C6564205FE9
:10E0C0007461736B444F5F73746172747570282947
:10E0D0000000000080B509F043FD42F2685203A140
:10E0E000C0F60602BDE8804009F05EBD63616C6C5D
:10E0F0006564205F7461736B52585F7374617274EE
:10E10000757028290000000080B509F029FD42F251
:10E11000685203A1C0F60602BDE8804009F044BD84
:10E1200063616C6C6564205F7461736B54585F73DA
:10E1300074617274757028290000000070B540F693
:10E14000B056C1F2000606F5C8750C4601462846D1
:10E150001822F3F7AFFE284609F015F8054609F036
:10E1600013F8D6F8C011034608462946224686F819
:10E17000AC31BDE87040FBF7C1BB007D022808BF91
:10E18000012904D0FE200121002219F020BF4FF206
:10E19000DF32C0F60202FE20012119F018BF10B5CF
:10E1A00043F6C064C1F2000494F8410028F0DBFF9C
:10E1B000022803D194F8410028F0DBFF94F84200D4
:10E1C00028F0D1FF022803D194F8420028F0D1FFB3
:10E1D00094F8430028F0C7FF022818BF10BD94F838
:10E1E0004300BDE8104028F0C4BF00002DE9F04115
:10E1F000044600680078D8B14FF000084FF42D763F
:10E200004FF40C77002500BFA0686169405D10FBEA
:10E210000610FCF7DEFF30B1E068A169405D10FB3D
:10E220000710C0F89C802068013500788542EBD348
:10E23000BDE8F081007828F051BE00002DE9F04FD4
:10E2400091B040F6B058C1F20008044698F8AC010D
:10E2500000260028C8F8BA61C8F8B661C8F8B261EB
:10E26000C8F8AE6144D04FF0010B0DF120090DF15B
:10E270000C0A0027D8F8C001FDB229464A46534689
:10E280008DF830608DF81C60FBF73CFD9DF8301078
:10E290009DF81C0008EB070282F8B01182F8B70164
:10E2A00051B10F2908D008F5D770294608F0FCFDB8
:10E2B0009DF81C004FF0000B40B10F2806D008F26B
:10E2C000AF10294608F0F0FD4FF0000B98F8AD11A3
:10E2D00098F8AC0101370131874288F8AD11C9D3F4
:10E2E000ABF10101B1FA81F14FEA5119064601E0A3
:10E2F0004FF0010998F80200012807D1D8F8C4218D
:10E3000040462146FCF7CEFC98F8AC6198F8AF2166
:10E3100098F8AE31310362F3071103F00F020020C9
:10E320001144C8F87C01A8F87E11C8F88401C8F827
:10E330008001F6B110210022002300BF032813D86A
:10E3400008EB000595F8B07195F8B75107F00F0785
:10E35000A1F1100405F00F05A7408D402F433A436B
:10E3600043EAE573C8E960230130864201F1040104
:10E37000E4D108AD28462021F3F7C4FE1CF096FA3C
:10E380001CF09DFA4FF241210346C0F602012846D7
:10E39000002206F016FEB9F1000F1ED0022088F808
:10E3A00088010520152117F03AF8C8F8780108F51A
:10E3B000BC7409F0D5FB98F8881142F29C53C0F662
:10E3C00006030022009409F0A8FB98F88A0178B3AC
:10E3D000D8F8741161B314271AE00520162117F03C
:10E3E0001EF8C8F87801042008F5BC7488F8880184
:10E3F00009F0B6FB98F8881142F29C53C0F6060368
:10E400000022009409F089FBD8F8741181B1FF272C
:10E4100043F62022C0F60602D8F87001D2E90023A4
:10E4200088F889710127CDE90017029513F0D2FF12
:10E43000D8F804202AB140F6B050C1F20000012102
:10E44000904711B0BDE8F08F43F6C060C1F2000004
:10E45000406B022119F016BC2DE9F04F81B08268A3
:10E46000436992F800C092F801904FF42D778046EE
:10E470001CFB073090ED4A0A947819FB073292EDA5
:10E480004A1ABDEEC00A14FB073210EE106ABDEE48
:10E49000C10A92ED4A1A10EE107ABDEEC10A06FBCF
:10E4A00006F210EE105A07FB0722AB1905FB06F126
:10E4B00003FB071105FB0522D8F86430511A994275
:10E4C0007DDBD8F80C100094D8F818E00B784C7865
:10E4D00090ED020A89784FF40C7213FB02E314FBEF
:10E4E00002E4B5EE400AD3F89C30D4F89CB011FB9E
:10E4F00002E1F1EE10FAB5EE400AD1F89CA0BCBFE3
:10E500005B42CBF1000BF1EE10FAB8BFCAF1000A82
:10E51000BE42D8BFAE420DDDBE42A8BFAE420DDA4C
:10E520004FF40C711CFB01E10022C1F89C20F6F7AE
:10E5300006FF05E0B3F1FF3F02DCEDE7012BEFDA68
:10E54000AF42D8BFB74216DDBE4204DCAF4202DBA9
:10E55000BBF1010F12DBD8E905014FF40C7219FB76
:10E5600002110022C1F89C204FF42D7119FB01000B
:10E57000F6F7E5FE02E0BBF1FF3FE5DD009BB542AB
:10E58000D8BFBD4218DDB54204DBAF4202DCBAF1B0
:10E59000010F14DBD8E905014FF40C7213FB0211D3
:10E5A0004FF42D7213FB02000022C1F89C2001B031
:10E5B000BDE8F04FF6F7C3BEBAF1FF3FE3DD01B0AF
:10E5C000BDE8F08FC0F3006070472DE9F04F8FB0C9
:10E5D00043F6C06800EB4001C1F2000808EB0119E6
:10E5E000494651F870CF4FF0000BD1E901E7CD68F3
:10E5F000D1E90646B2EB070AC1E90423AB41BAEB05
:10E600000C02C1E90846C1E906A373EB0E0281F8CA
:10E6100028B024BF012289F89A20B8F83461B8F8EC
:10E6200032E132460EF00205CDF838B0CDE90CBB30
:10E63000CDE90ABB002E18BF012202EA5504012CC5
:10E64000CDF824B062D144F2A002C1F20002CDE9BB
:10E65000024902EB4014470152F80780626858EA09
:10E66000020706EB860706D0D4E9025C5646D4E9D9
:10E67000069A019523E040F67C79C1F2000919F869
:10E6800000604FF0000C002E1ABF0DF1300555F858
:10E6900020804FF0000844F2402509AA5646C0F2F7
:10E6A0000F0542F8208009F800C000224FF0000951
:10E6B0004FF0000A0195C4E9025CC4E904CC4FEABA
:10E6C000470B19EB06074AEB0305B246019EC4E966
:10E6D000067518F1010542F10002BAEB060673EB6C
:10E6E0000C06C4E9005238BFC4E902A3D4E90426E9
:10E6F000DDF80C90B2EB0A0276EB030238BFC4E9F6
:10E7000004A343F6C068029CC1F2000844F29807D3
:10E7100000220228C1F20007CDE90622CDE9042239
:10E720005DD0012840F0AF805FEACE7027D091F82D
:10E730002A00012823D144F29000C1F200000168B0
:10E7400041F288334A1C9942026018DB00210160C3
:10E7500000200C2116F063FE0490D7E90001ADF80B
:10E7600016A0CDE9060109F0FBF942F2685304AEA8
:10E77000C0F6060303210022009609F0CEF9002C12
:10E7800000F0DB8044F2A006C1F200060A99D6E947
:10E79000082001EB0B03D31A70F10003C0F0CD8009
:10E7A000521A60F10003D6E90E01B56AD6F830803E
:10E7B00006F12004F2F774FF49F69A11C1F6991197
:10E7C000ABFB0112C0EA054012EB084840F100061D
:10E7D0000020402116F023FE049001259AE05FEA14
:10E7E000CE7022D091F82A0001281ED100200D21E0
:10E7F00016F015FE049098F8580098F859103A68E9
:10E8000040EA0120B988ADF816A041EA0040CDE900
:10E81000062009F0A5F942F2685304AEC0F60603DB
:10E8200003210022009609F078F9002C00F0858081
:10E8300044F2A006C1F200060B99D6E9102001EBC4
:10E840000B03D31A70F1000377D3521A60F100035F
:10E85000D6E91601B56CD6F8508006F14004F2F7FF
:10E860001FFF49F69A11C1F69911ABFB0112C0EADC
:10E87000054012EB084840F100060020402116F048
:10E88000CEFD022545E05FEACE701AD091F82A004D
:10E89000012816D100200B2116F0C1FD0490D7E904
:10E8A0000001ADF816A0CDE9060109F059F942F2D0
:10E8B000685304AEC0F6060303210022009609F057
:10E8C0002CF9D4B344F2A004C1F200040998D4E9AD
:10E8D000001300EB0B028A1A73F100022DD30A1AFF
:10E8E000D4E90601A568266963F10003F2F7D8FEB2
:10E8F00049F69A11C1F69911ABFB0112C0EA054025
:10E9000012EB064840F1000600204021002516F0D9
:10E9100086FD0490ADF81650CDE9068609F020F981
:10E9200004A942F268530091C0F6060301210022B7
:10E93000002509F0F2F8C4E90055002089F89A0092
:10E94000D7E90001090441EA1041CAEA0040C7E9D9
:10E9500000010FB0BDE8F08F80B561B140F6103016
:10E96000C1F20000006940F60301C0F21041C0F896
:10E970001110012116E002F0D5F802F0C2F802F001
:10E98000D1F802F0B8F840F61031C1F20001086980
:10E9900040F60302C0F21052C0F81120092281F89B
:10E9A000252000210174BDE88040FEF7D7BC80B56A
:10E9B00061B140F61030C1F20000006940F6031169
:10E9C000C0F21141C0F81110012116E003F0F5F971
:10E9D00003F0E2F903F0F1F903F0D8F940F6103151
:10E9E000C1F20001086940F60312C0F21152C0F8EA
:10E9F00011200A2281F8252000210174BDE8804001
:10EA0000FEF7ACBC80B561B140F61030C1F2000039
:10EA1000006940F20371C0F20D41C0F811100121EC
:10EA200016E00EF007FF0EF074FF0EF003FF0EF07D
:10EA300091FE40F61031C1F20001086940F2037204
:10EA4000C0F20D52C0F81120082281F825200021C3
:10EA50000174BDE88040FEF781BC80B561B140F62D
:10EA60001030C1F20000006940F20361C0F20C41B5
:10EA7000C0F81110012116E00FF014FD0FF081FD18
:10EA80000FF010FD0FF09EFC40F61031C1F20001B6
:10EA9000086940F20362C0F20C52C0F8112007224C
:10EAA00081F8252000210174BDE88040FEF756BCA6
:10EAB000F0B58FB001291DD140F2E844C1F2000445
:10EAC000207D0E286DD14FF22570657DE68AC0F657
:10EAD0000200CDE9040403F028FED4F8C81502684A
:10EAE0000D9145EA06410E9117680DA904AB01226C
:10EAF000B84756E040F2E845C1F2000505200C4653
:10EB0000287310F00FFD2A7B0021002610F0FAFC7C
:10EB1000C5E95F66C5F8846104AE3046202105F57D
:10EB2000BC77F3F7EFFA1BF0C1FE1BF0C8FE4FF203
:10EB30001F410346C0F6020130462A4606F041FA5C
:10EB400005204E2116F06BFCC5F87801042085F8ED
:10EB5000880109F005F895F8881142F28653C0F64D
:10EB600006030022009708F0D8FFD5F8741181B190
:10EB700043F62022C0F60602FF27D5F87001D2E93D
:10EB8000002385F889710127CDE90017029613F05B
:10EB900021FC6A682AB140F2E840C1F20000214637
:10EBA00090470FB0F0BDF0B58FB001291AD140F2F7
:10EBB000E844C1F200044FF20960657DE68AC0F6C0
:10EBC0000200CDE9040403F0B0FDD4F8C8150268D2
:10EBD0000D9145EA06410E9117680DA904AB01227B
:10EBE000B84756E040F2E845C1F2000505200C4662
:10EBF000287310F097FC2A7B0021002610F082FC7D
:10EC0000C5E95F66C5F8846104AE3046202105F58C
:10EC1000BC77F3F777FA1BF049FE1BF050FE4FF27A
:10EC20001F410346C0F6020130462A4606F0C9F9E4
:10EC300005203C2116F0F3FBC5F87801042085F887
:10EC4000880108F08DFF95F8881142F28653C0F6CE
:10EC500006030022009708F060FFD5F8741181B117
:10EC600043F62022C0F60602FF27D5F87001D2E94C
:10EC7000002385F889710127CDE90017029613F06A
:10EC8000A9FB6A682AB140F2E840C1F200002146BF
:10EC900090470FB0F0BD80B561B140F61030C1F2C1
:10ECA0000000006940F20321C0F20541C0F81110D4
:10ECB000012116E00BF099FC0BF00DFD0BF095FC1B
:10ECC0000BF038FC40F61031C1F20001086940F247
:10ECD0000322C0F20552C0F81120022281F825203B
:10ECE00000210174BDE88040FEF738BB80B561B1FA
:10ECF00040F61030C1F20000006940F20331C0F26A
:10ED00000741C0F81110012116E011F053F911F07C
:10ED1000C7F911F04FF911F0E5F840F61031C1F2E2
:10ED20000001086940F20332C0F20752C0F8112016
:10ED3000032281F8252000210174BDE88040FEF700
:10ED40000DBB10B50B46022A044609D0012A1CD17E
:10ED5000FE200121002219F021FDC0B1983006E00B
:10ED6000FE200121012219F019FD80B15430026802
:10ED7000002A0FD04FF6FF70A4FB00014FF00003F4
:10ED800048BF5242F2F78CFC10BD002010BD4FF47A
:10ED9000FA6010BD40F6B83010BDF0B58FB040F24B
:10EDA000E844C1F2000401290DD1207D022862D17E
:10EDB00006F0AFFDD4F8981104F5CE720FB0BDE89F
:10EDC000F04006F0F7BE0520207310F0ABFB227B6D
:10EDD0000021002510F096FB207D1A26022808BF8E
:10EDE0001226C4E95F55C4F8845104AD2846202199
:10EDF00004F5BC77F3F786F91BF058FD1BF05FFDB7
:10EE00004FF21F410346C0F602012846224606F093
:10EE1000D8F80520314616F002FBC4F8780104202A
:10EE200084F8880108F09CFE94F8881142F2865319
:10EE3000C0F606030022009708F06FFED4F87411A4
:10EE400081B143F62022C0F60602FF27D4F87001F4
:10EE5000D2E9002384F889710127CDE900170295D2
:10EE600013F0B8FA6268E2B140F2E840C1F2000083
:10EE70000021904715E04FF66100657DE68AC0F6F7
:10EE80000200CDE9040403F050FCD4F8C815026870
:10EE90000D9145EA06410E9117680DA904AB0122B8
:10EEA000B8470FB0F0BDF0B58DB040F2E84514465C
:10EEB000012AC1F2000510D10320287310F032FBA3
:10EEC0002A7B002110F01EFBA87801280DD105F146
:10EED000140128460CF0A2FD07E00520287310F06D
:10EEE00021FB2A7B002110F00DFB002004AFC5E9B7
:10EEF0005F00C5F8840138462021F3F703F91BF0C1
:10EF0000D5FC1BF0DCFC4FF21F410346C0F60201AA
:10EF100038462A4606F055F8012C1DD1022085F806
:10EF2000880105200D2116F07AFAC5F8780105F55B
:10EF3000BC7608F015FE95F8881142F28653C0F6AB
:10EF400006030022009608F0E8FD95F88A6176B382
:10EF5000D5F87411E1B92AE04CBB05200E2116F05A
:10EF60005EFAC5F87801042005F5BC7685F88801BD
:10EF700008F0F6FD95F8881142F28653C0F60603B4
:10EF80000022009608F0C9FDD5F8741179B1FF266A
:10EF900043F62022C0F60602D5F87001D2E900231C
:10EFA00085F8896101268DE8C20013F013FA6A68BA
:10EFB0002AB140F2E840C1F200002146904700200B
:10EFC0000DB0F0BDF0B58DB040F2E8451446012A11
:10EFD000C1F2000510D10320287310F0A3FA2A7B98
:10EFE000002110F08FFAA87801280DD105F1140145
:10EFF00028460CF013FD07E00520287310F092FA64
:10F000002A7B002110F07EFA002004AFC5E95F00E2
:10F01000C5F8840138462021F3F774F81BF046FC4C
:10F020001BF04DFC4FF21F410346C0F6020138466B
:10F030002A4605F0C6FF012C1DD1022085F8880163
:10F040000520102116F0EBF9C5F8780105F5BC761E
:10F0500008F086FD95F8881142F28653C0F6060343
:10F060000022009608F059FD95F88A6176B3D5F82C
:10F070007411E1B92AE04CBB0520112116F0CFF93B
:10F08000C5F87801042005F5BC7685F8880108F0FC
:10F0900067FD95F8881142F28653C0F606030022F8
:10F0A000009608F03AFDD5F8741179B1FF2643F6C1
:10F0B0002022C0F60602D5F87001D2E9002385F8B7
:10F0C000896101268DE8C20013F084F96A682AB1CB
:10F0D00040F2E840C1F200002146904700200DB008
:10F0E000F0BD80B561B140F61030C1F2000000699A
:10F0F00040F20311C0F20641C0F81110012116E0E0
:10F1000012F0AEF812F022F912F0AAF812F01FF87D
:10F1100040F61031C1F20001086940F20312C0F25A
:10F120000652C0F81120012281F825200021017427
:10F13000BDE88040FEF712B9B0B5C5B243F6C06C69
:10F140006B00C1F2000C421E53FA80F00CF1700308
:10F1500003EB0011D1E90204002D08BF0222204375
:10F16000D0B24FEA400050FA82F003EB001090F862
:10F1700028009CF8623091F828E00AD048B983EA68
:10F18000020040EA0E00C0B2B0FA80F0400908BFA9
:10F19000B0BD0CEB8500406B0221BDE8B04018F01B
:10F1A00071BD80B561B140F61030C1F20000006958
:10F1B00040F20341C0F20841C0F81110012116E0ED
:10F1C00009F030FF09F0B8FF09F02CFF09F0C3FE89
:10F1D00040F61031C1F20001086940F20342C0F26A
:10F1E0000852C0F81120052281F825200021017461
:10F1F000BDE88040FEF7B2B82DE9F0410446006852
:10F200000078D8B14FF000084FF42D764FF40C770A
:10F21000002500BFA0686169405D10FB0610FDF786
:10F22000ADFE30B1E068A169405D10FB0710C0F889
:10F230009C802068013500788542EBD3BDE8F081E1
:10F24000B0B582B008F08CFC40F6B055C1F20005B4
:10F2500095F8881142F29C5305F5BC74C0F606037C
:10F260000022009408F059FC95F88901FF2804D089
:10F270000138010685F8890101D002B0B0BDD5F88A
:10F28000700102B0BDE8B04013F018B970B58CB091
:10F2900001290ED106F03DFB40F2E842C1F2000226
:10F2A000D2F8981102F5CE720CB0BDE8704006F0AD
:10F2B00081BC40F2E844C1F200040520207310F044
:10F2C00031F9227B0021002510F01CF9C4E95F55BB
:10F2D000C4F8845104AD2846202104F5BC76F2F729
:10F2E00011FF1BF0E3FA1BF0EAFA4FF21F4103464D
:10F2F000C0F602012846224605F063FE05200F21D4
:10F3000016F08DF8C4F87801042084F8880108F01C
:10F3100027FC94F8881142F28653C0F606030022B7
:10F32000009608F0FAFBD4F8741181B143F620225C
:10F33000C0F60602FF26D4F87001D2E9002384F853
:10F3400089610126CDE90016029513F043F8626841
:10F350002AB140F2E840C1F20000002190470CB011
:10F3600070BD0A7C0F2A00D170478B7C022B06D01F
:10F37000012B18BF70472AB11146F5F77FBC096809
:10F38000F5F7B7BEF5F768BE80B561B140F610304D
:10F39000C1F20000006940F20351C0F20941C0F817
:10F3A0001110012116E012F0F1FB12F071FC12F0C5
:10F3B000EDFB12F086FB40F61031C1F20001086946
:10F3C00040F20352C0F20952C0F81120062281F81F
:10F3D000252000210174BDE88040FDF7BFBFB0B516
:10F3E000054618F051FD284618F050FD0446284601
:10F3F00018F052FD012C01460CD04CB90E2907D84B
:10F40000012000FA01F144F27402114218BFB0BDAC
:10F410000020B0BD481FB0FA80F04009B0BDB0B5C3
:10F4200082B00446D0E9600104F5BC75013041F1B9
:10F430000001C4E9600108F093FB94F8881142F2DE
:10F440008653C0F606030022009508F066FBD4F848
:10F45000780115F0CDFF0E2804D0286815F0C8FFFC
:10F46000112803D106F055FA06F08EFB94F88901B5
:10F47000FF2804D00138010684F8890101D002B0C8
:10F48000B0BDD4F8700102B0BDE8B04013F016B8BA
:10F4900080B571B140F61030C1F2000090F826102E
:10F4A00000690322C174042101750121A0F8112013
:10F4B00017E00CF0BBFE0CF03EFF0CF0B7FE0CF0BA
:10F4C000ABFD40F61032C1F2000292F8261010692E
:10F4D0000323C174052101750021A0F8113082F8C1
:10F4E00025100174BDE88040FDF738BFF0B58DB040
:10F4F00040F2E8450C460129C1F2000510D1032075
:10F50000287310F00FF82A7B00210FF0FBFFA8787A
:10F5100001280DD105F1140128460CF07FFA07E00F
:10F52000052028730FF0FEFF2A7B00210FF0EAFF71
:10F53000002004AFC5E95F00C5F8840138462021EA
:10F54000F2F7E0FD1BF0B2F91BF0B9F94FF21F41E1
:10F550000346C0F6020138462A4605F032FD012C6A
:10F560001DD1022085F888010520132115F057FFD1
:10F57000C5F8780105F5BC7608F0F2FA95F888111F
:10F5800042F28653C0F606030022009608F0C5FA40
:10F5900095F88A6176B3D5F87411E1B92AE04CBBCD
:10F5A0000520142115F03BFFC5F87801042005F56E
:10F5B000BC7685F8880108F0D3FA95F8881142F2F4
:10F5C0008653C0F606030022009608F0A6FAD5F886
:10F5D000741179B1FF2643F62022C0F60602D5F851
:10F5E0007001D2E9002385F8896101268DE8C20007
:10F5F00012F0F0FE6A682AB140F2E840C1F2000061
:10F60000214690470DB0F0BDF0B58DB040F2E84511
:10F610000C460129C1F2000510D1032028730FF018
:10F6200081FF2A7B00210FF06DFFA87801280DD102
:10F6300005F1140128460CF0F1F907E005202873C4
:10F640000FF070FF2A7B00210FF05CFF002004AF59
:10F65000C5E95F00C5F8840138462021F2F752FD64
:10F660001BF024F91BF02BF94FF21F410346C0F6A3
:10F67000020138462A4605F0A4FC012C1DD10220C7
:10F6800085F8880105203A2115F0C9FEC5F87801F2
:10F6900005F5BC7608F064FA95F8881142F28653B5
:10F6A000C0F606030022009608F037FA95F88A6142
:10F6B00076B3D5F87411E1B92AE04CBB05203B21A3
:10F6C00015F0ADFEC5F87801042005F5BC7685F887
:10F6D000880108F045FA95F8881142F28653C0F681
:10F6E00006030022009608F018FAD5F8741179B1D3
:10F6F000FF2643F62022C0F60602D5F87001D2E9B3
:10F70000002385F8896101268DE8C20012F062FEAF
:10F710006A682AB140F2E840C1F2000021469047F1
:10F720000DB0F0BDF0B58DB040F2E8450C460129B2
:10F73000C1F2000510D1032028730FF0F3FE2A7BDD
:10F7400000210FF0DFFEA87801280DD105F114018A
:10F7500028460CF063F907E0052028730FF0E2FE5D
:10F760002A7B00210FF0CEFE002004AFC5E95F0028
:10F77000C5F8840138462021F2F7C4FC1BF096F846
:10F780001BF09DF84FF21F410346C0F602013846B8
:10F790002A4605F016FC012C1DD1022085F88801AF
:10F7A00005204C2115F03BFEC5F8780105F5BC7627
:10F7B00008F0D6F995F8881142F28653C0F6060390
:10F7C0000022009608F0A9F995F88A6176B3D5F879
:10F7D0007411E1B92AE04CBB05204D2115F01FFE44
:10F7E000C5F87801042005F5BC7685F8880108F095
:10F7F000B7F995F8881142F28653C0F60603002245
:10F80000009608F08AF9D5F8741179B1FF2643F60D
:10F810002022C0F60602D5F87001D2E9002385F84F
:10F82000896101268DE8C20012F0D4FD6A682AB110
:10F8300040F2E840C1F20000214690470DB0F0BD13
:10F840000138C0B20C288EBFFF2001A1085C7047B0
:10F8500000FFFFFFFFFF020301FFFF0405000000A0
:10F86000F0B58DB040F2E8450C460129C1F2000523
:10F8700010D1032028730FF055FE2A7B00210FF0D2
:10F8800041FEA87801280DD105F1140128460CF09D
:10F89000C5F807E0052028730FF044FE2A7B0021FD
:10F8A0000FF030FE002004AFC5E95F00C5F8840109
:10F8B00038462021F2F726FC1AF0F8FF1AF0FFFF75
:10F8C0004FF21F410346C0F6020138462A4605F0B2
:10F8D00078FB012C1DD1022085F888010520182114
:10F8E00015F09DFDC5F8780105F5BC7608F038F9EE
:10F8F00095F8881142F28653C0F60603002200965E
:10F9000008F00BF995F88A6176B3D5F87411E1B96E
:10F910002AE04CBB0520192115F081FDC5F87801BE
:10F92000042005F5BC7685F8880108F019F995F8EA
:10F93000881142F28653C0F606030022009608F0B2
:10F94000ECF8D5F8741179B1FF2643F62022C0F601
:10F950000602D5F87001D2E9002385F889610126F5
:10F960008DE8C20012F036FD6A682AB140F2E84024
:10F97000C1F20000214690470DB0F0BD10B586B031
:10F980000F4943F6C06201910DA1C1F200028968DE
:10F99000136952FA80F4CDE902314FF2391194F82B
:10F9A0004120C0F602010491059001A910460022F1
:10F9B00027F092FB94F8410027F0CEFB06B010BD73
:10F9C000FF00000000000000020100000000000035
:10F9D0000000000044F20010C1F20000017801B103
:10F9E000704780B501210170FE20002125F0E6FF5F
:10F9F00024F0F4FA24F016FBBDE8804024F090BC1B
:10FA0000B0B54C680520C0F20100844228D18D6851
:10FA10001BF020FA1BF02CFAD5E90023121A63EB35
:10FA20000100511E70F1000106DB43F63421C0F6DF
:10FA300006010968511A0AE043F63423C0F60603AA
:10FA40001B6851424FF0000262EB0000C91A70F1CE
:10FA5000000005D31BF0FEF9D5E900231BF00EFAD8
:10FA6000A4F580300538B0FA80F04009B0BD40F20E
:10FA700001118187704700002DE9F04F81B02DED15
:10FA8000068BBEB00978519F0029044600F04083E0
:10FA900094F83E00509F4F9E0DF1200B04F10C0A8C
:10FAA000CDE9013228B940F20110A087012084F885
:10FAB0003E001AADDDF83881281D1C21F2F722FB2B
:10FAC00096ED001A96ED012A96ED023AB5EE401A2F
:10FAD000F1EE10FAB5EE402A9FED110AD8BFB0EE54
:10FAE000401AF1EE10FAB5EE403A8BED121AD8BF7B
:10FAF000B0EE402A8BED162AF1EE10FAD8BFB0EE28
:10FB0000403A97ED008A11A844F6F83E4FF0000CF9
:10FB1000C0F6060E024600238BED1A3A04E000BF41
:10FB200000000000000000340EEB8C0797ED0A1A6D
:10FB300097ED0B2A97ED0C3A002700BFE91991EDDC
:10FB4000004A91ED035A91ED066A21EE044A22EE35
:10FB5000055AD61935EE044A23EE065A043735EE17
:10FB6000044A0C2F86ED004AE8D101330CF1030C56
:10FB7000032B02F10C02D7D171460DF1680944F64E
:10FB800048454FF0000E23AAC0F6060501F1180CF7
:10FB90004F4600BF05EB8E0393ED0C1A93ED0F2A31
:10FBA00093ED123A00256346B0EE404A461996EDB1
:10FBB000005A96ED016A96ED027A25EE015A26EE7C
:10FBC000026A36EE055A27EE036A791936EE055AAF
:10FBD00091ED006AB3EC017A561986ED005A26EED3
:10FBE000075A0C3535EE044A242DDFD10EAE06EB54
:10FBF0008E010EF1010E44F648450437BEF1030FA5
:10FC000002F10402C0F6060581ED004AC2D19BED67
:10FC1000060A9BED071A9BED082A00202A1892ED90
:10FC20000C3A92ED0F4A92ED125A23EE003A24EE6E
:10FC3000014A0BEB000134EE033A25EE024A043090
:10FC400034EE033A0C2881ED003AE7D144F6F8305F
:10FC5000C0F6060090ED099A98ED00AA09F104009B
:10FC60001C21F2F74FFA1FED511AB5EE408AF1EE62
:10FC700010FAB0EE410AB5EE40AAC8BFB0EE480A8D
:10FC8000F1EE10FAC8BFB0EE4A1A94F83C008BEDC2
:10FC9000121A8BED161A8BED1A1A98B11AAF8FCF74
:10FCA000DDE91F65DDF884C08AE88F00CAF81850C6
:10FCB00044F648452298CAF814600EAEC0F6060510
:10FCC000CAE907C030EE093A1FED6B0A0DF1440C8A
:10FCD000CDF80CA000224FF00C0805F1240A614673
:10FCE000B0EE401A05EB820595ED002A95ED034A2A
:10FCF00095ED065A06EB820E002750464346B0EEBD
:10FD0000406A00BFE61896ED007AF0EC010AE619A9
:10FD100027EE207A37EE066A96ED037AD6ED040ACE
:10FD2000D6ED051A27EE027A60EE840A30EE877A65
:10FD300061EE850ACE190C3730EE877A0433242F12
:10FD400086ED007ADED195ED092A013226EE022AEF
:10FD500044F6484532EE011A0431032A08F10C0832
:10FD6000C0F606050EAE8EED006ABBD133EE010A79
:10FD700000200BA90CEB000292ED001A0BEB000225
:10FD800092ED002A221831EE021A81EE001A92ED4D
:10FD9000032A321882EE002A82ED001A0A18043073
:10FDA0000C2882ED002AE5D19BED032A9BED041A75
:10FDB0009BED050A0DF1D40E002201200EF104087E
:10FDC000CDF81B2006928DF817008DF81B008DF8DA
:10FDD0001F00B1EE424AB1EE415AB1EE406A0DF158
:10FDE00017034646504600BF9F569D18F0EC010A87
:10FDF00007EE107A95F90170B8EEC77A64EE201A12
:10FE000031EE877A01EE907A95F90270F8EEE11AF8
:10FE100065EE202A72EEA11A02EE907AF8EEE22A3E
:10FE200066EE200A70EEA20A033206ED017AC6EDF4
:10FE3000001AC6ED010A092A06F10C06D4D10DF10B
:10FE4000B00B0EF10C00002511AB5F46049000BF13
:10FE50000EEB850090ED004AE81C0EEB800696ED57
:10FE6000005AAE1D0EEB860191ED006A4FF0000CBA
:10FE700004EB0C0292ED037AD2ED040AD2ED051ADE
:10FE800027EE047A60EE850A07EB0C0130EE877AE4
:10FE900061EE860A0CF10C0C30EE877ABCF1240F6F
:10FEA00081ED007AE4D10BEB80000BEB850190ED46
:10FEB000005A0BEB860091ED004A90ED006A049E1B
:10FEC000002000BF96ED007A56ED030AD6ED031A26
:10FED00064EE200A25EE077A191837EE207A66EECE
:10FEE000210A0C3030EE877A242806F1040681EDD1
:10FEF000007AE7D101350437032D03F10403A7D1BC
:10FF000044F6484223EE024A23EE015A23EE006AE9
:10FF10000020C0F606020BAB191891ED007A0430F0
:10FF200064EE070A67EE051A27EE067A48ED010A25
:10FF3000C8ED001A88ED017A0C2808F10C08EBD105
:10FF4000002011AB191891ED004A0EEB000191ED64
:10FF5000005A09EB0001043034EE054A242881EDF3
:10FF6000004AEFD108A890ED004A90ED015A90EDBB
:10FF7000026A84EE034A85EE035A86EE033A0020B5
:10FF8000B1EE446AB1EE457AF1EE430AFAEC011A99
:10FF90001118D1ED003A66EE212AD1ED014AD1EDDA
:10FFA000025A72EEA32A0EEB000167EE213A60EED0
:10FFB000A11A0C3073EEA43A71EEA51A2428C1EDF3
:10FFC000002AC1ED013AC1ED021ADFD10EF1180885
:10FFD000002523A811AB5A460EEB8501EE1C91EDCE
:10FFE000006A0EEB8601AF1D91ED007A0EEB8701E2
:10FFF000D1ED000A002100BF09EB010ADAED001A79
:020000040803EF
:10000000DAED012ADAED023A61EE861A62EE872A0B
:1000100002EB010C72EEA11A63EEA02A0C3172EE13
:10002000A11A2429CCED001AE6D10BEB860191ED43
:10003000006A0BEB850191ED007A0BEB8701D1EDA6
:10004000000A0027464600BF56ED062A56ED033A41
:10005000D6ED001A67EE222A66EE233AC11973EE36
:10006000A22A60EEA11AD1ED003A71EEA21AD919B6
:100070000C3771EEA31A242F06F10406C1ED001A05
:10008000E2D1013504320430032D03F10403A3D17E
:1000900023AE301D002108AB5A1892ED006A0431DE
:1000A00024EE067A65EE060A23EE066A00ED017A72
:1000B000C0ED000A80ED016A0C2900F10C00EBD1C3
:1000C000039A44F6F8370020C0F6060711AD00BFCA
:1000D000291891ED003A311891ED004A09EB000121
:1000E000043033EE443A242881ED003AF0D194F8FC
:1000F0003D00B8B1019890ED003A84ED0C3A90EDD6
:10010000014A84ED0D4A90ED025A84ED0E5A0FE03B
:1001100094F83E00002800F09180002084F8400010
:10012000E0878BE094ED0C3A94ED0D4A94ED0E5A75
:1001300040F20110A4F83F00029897ED136AD0ED49
:10014000000ADDE91C9770EEC33A21EE231A73EE24
:10015000061AD3ED072A31EE041A20EE230ADDE950
:100160001E6593ED066A93ED087A22EE232A30EE9F
:10017000050A84ED011ADDE91A1ADDE920CEDDF861
:100180008880C2E9029730EEE11A44F6484732EE21
:10019000032A84ED020A0020C2E9046521EE220A46
:1001A000C0F606070EAE84ED002A84F83C00C2E9D2
:1001B000001AC2E906CEC2F8208084F83D0000BFD4
:1001C0003A1892ED002AD2ED030AD2ED061A22EE79
:1001D000032A60EE840A311830EE822A61EE850A25
:1001E000043030EE822A0C2881ED002AE8D144F652
:1001F000F830C0F6060026EE012A90ED003A93EDA5
:10020000066A21EE071A90ED014A93ED077A90ED08
:10021000025AD3ED080A33EE063A32EE032A34EEE0
:10022000073A30EE030A35EE203A31EE031A519FB9
:1002300084ED0C2A84ED0D0A84ED0E1A20683860D6
:1002400060687860A068B8603EB0BDEC068B01B015
:10025000BDE8F08F704700002DE9F04F81B02DED23
:10026000108B8AB0B0EE40BAF0EE60BA9FED760B1C
:100270005BEC115B56EC107BB0EE47EAB0EE46CA81
:10028000B0EE458AB0EE44DAB0EE439AB0EE42AA40
:100290001C460293CDE90512DDF894A0079028468C
:1002A00059463A463346F0EE67EAF0EE66CAF0EE9B
:1002B000658AF0EE64DAF0EE639AF0EE62AA31F04D
:1002C00051FB26AA28A9002818BF0A4692ED00FB78
:1002D000284659463A46334631F044FB58EC1E9BBB
:1002E000002824984FEAD677594618BFD04618BF41
:1002F000814667F3DF7153EC1D2B2846CDE90323BC
:1003000031F0B4F894ED000B53EC102B31F0AEF853
:1003100001900C4653EC1F2B4846414631F0E6F95C
:1003200006468A4653EC1C2B2846594630F006FEFA
:1003300067F3DF7141EC100B8DED080B9DF8270082
:1003400080F080008DF827009DED080B23F000F869
:1003500053EC102B3046514631F088F84A4643465C
:1003600031F0C4F9024601980B46214630F0E6FD13
:1003700002460B462846594630F02CFD029F9FED61
:10038000340B97ED00CB53EC102B00900E4631F060
:100390006DF853EC1C2B30F01DFD41EC100B51ECB3
:1003A0001B0B53EC1A2B87ED000B31F05FF88146E5
:1003B00041EC100B0598019180ED000B53EC192BCB
:1003C0002846594631F052F897ED000BDDE903233A
:1003D0008246884651EC100B31F048F807460098E9
:1003E0000C4653EC182B314631F040F805460E46CA
:1003F000504641463A46234630F0ECFC02460B4656
:100400002846314630F0E6FC41EC100B0698019985
:1004100080ED000B48465246434631F067F93A46B4
:10042000234631F063F92A46334631F05FF941EC57
:10043000100B079880ED000B0AB0BDEC108B01B0DB
:10044000BDE8F08F00BF00BF00000000000000000A
:10045000FCA9F1D24D62503F80B52DED068B86B0E0
:1004600090EC160B00F1580C00F1600100F16802ED
:1004700000F1700360468DEC048B8DED04ABFFF74B
:10048000EBFE06B0BDEC068B80BD0000F0B589B078
:100490000446083009220D46F1F70CFD16F0CEFE99
:1004A00088B907F05DFB42F6206746F2E33242F678
:1004B0001803C0F60607C0F60602C0F606030521BB
:1004C000009707F02AFB287AAE88012809D117F097
:1004D000CDF8297AEF880129054604D117F0C6F82E
:1004E00002E0AF790025002040F20121CDE90010A3
:1004F000F0B2FBB280212A46802510F0D9FA606163
:1005000017F0B4F8C4F8240217F0B0F8C4F82802C1
:1005100080200CF060FEE061002000260CF05BFE05
:100520000021A0610CF086FE04F50F7006A9CDE94C
:100530000665089602F081FD45F60B632068C0F65B
:100540000203217A628944F69705049344F68103F5
:1005500008A7C0F60305CDE90206C0F60303012093
:10056000CDE90056059717F0D9F9014601206160E1
:1005700009B0F0BD646961676E6F737469630000F0
:10058000B0B58CB004AD044628462021F1F7BAFD81
:1005900062682846012104F020FD6069B4F83A122F
:1005A000002403220023CDE90045029410F010FB43
:1005B00007F0D6FA42F6180203A1C0F6060207F0C9
:1005C000F3FA0CB0B0BD00BF63616C6C6564205F72
:1005D0007461736B5F7374617274757028290000A5
:1005E00010B586B004460021C0690591ADF812101F
:1005F00005A90DF112020CF00EFE0A20C6F601004C
:1006000003900598BDF812104FF60123CDE90101C2
:1006100004F50F70C0F6020303A901AA02F015FD4C
:10062000012006B010BD10B582B043F64022C0F6DE
:1006300006020446C169406912680023ADF806301D
:1006400010F000FA10B92046FFF7CAFF60690DF1FB
:10065000060110F0ABFBBDF8060018B1606801217F
:1006600017F008FB02B010BDB0B5054610460121D9
:10067000144606F0A4FC012802D12846FFF7D3FF58
:1006800020460221BDE8B04006F099BC10B543F603
:10069000AC60C1F200000078BFF35F8FC00704D0E8
:1006A00044F20410C1F2000010BD43F6AC60C1F288
:1006B000000020F07DFC0028F2D044F20414C1F2C6
:1006C0000004204600F012F840F2557040F200029B
:1006D000C0F60300C0F602022146F1F79BFB43F689
:1006E000AC60C1F2000020F079FCD9E710B50446F7
:1006F00043F63420C0F60600006864214843002118
:10070000C4E90001292020724FF40230C4F80A0025
:100710000120E0812074A0747F20C4E9891184F84D
:100720002C12C4F81310C4F81710C4F81B10E1778A
:10073000C0F200100A2142F6F82204F50C73C6F646
:100740000101C2F6F82207C304F50F7002F080FC25
:10075000204610BD10B5044600F50F7002F095FC60
:10076000204610BD10B5044600F5967002F07CFEE0
:10077000204610BD026801F00103C1F343004FF0B1
:10078000010C32F813100CFA00F0084347F6FE7122
:100790000140012022F813107047026801F00103A4
:1007A000C1F343004FF0010C32F813100CFA00F0C3
:1007B0008143012022F81310704700002DE9F04119
:1007C00082B08046007E002800F0FC8002F098FB9A
:1007D00008F12007D8F80420F0CFD8F80C3012190F
:1007E00045F100059B1947F100071B1A77EB010340
:1007F0004FF0000C38BF4FF0010C121A75EB0102DC
:100800001BD2B8F83820B8F83A30C8E908011A43C2
:1008100098F84130B2FA82F24FEA5212F3B142B381
:100820000022D8F8003088F8192098F80820C8E984
:100830000E33012388F841300AE098F81930032B71
:1008400000F2C08098F80820DFE803F002283A2878
:10085000033AB2FA82F25209002338E012B3D8F810
:100860000020032388F81930C8F83C204FF0010C11
:100870000CE0D8F83870D8F8002001234FF0000CB5
:1008800088F81930C8E90C01C8F83C70C8F838205D
:1008900098F8082088F841C04FF0010C002A18BFD2
:1008A000012214E00222D8F83830D8F8007088F815
:1008B000192098F80820C8E90E73002388F8413001
:1008C00002F0FE02023AB2FA82F252090223002A30
:1008D00000F07880BCF1000F74D0C8E90A01DFE8AD
:1008E00003F002541B3398F81400B8F83C10B8F821
:1008F0003E20A8F84E0042EA01400021C8E9140158
:1009000000203C2114F08BFD48F8480F07F028F92F
:1009100058F8383C012150E0D8E90C32C01A914116
:100920004FF47A720023F0F7BBFE98F81410B8F871
:100930003C20B8F83E30A8F84E1043EA0241C8E91E
:10094000141000203E212FE0D8E90C32C01A91414A
:100950004FF47A720023F0F7A3FE98F81410B8F859
:100960003C20B8F83E30A8F84E1043EA0241C8E9EE
:10097000141000203F2114F052FD48F8480F07F0F2
:10098000EFF858F8383C032117E098F81400B8F84D
:100990003C10B8F83E20A8F84E0042EA0140002181
:1009A000C8E9140100203D2114F039FD48F8480F32
:1009B00007F0D6F858F8383C04210022CDF8008022
:1009C00007F0ABF8012002B0BDE8F081B0B5446893
:1009D0006CB105460068C5E90E00012085F84100AC
:1009E000288302F08DFAC5E90801C5E90A01002C47
:1009F00018BF01242046B0BD01680022012081F803
:100A000041200A83C1E90822C1E90A228A63CA6334
:100A1000704780B50068FFF7D1FE012080BD0068F7
:100A2000FFF7D4BF0068027E8AB101F0010230F8FE
:100A300012C0C1F34301012303FA01F111EA0C0FC3
:100A400005D000EB4200028F22EA0101018701205C
:100A5000704710B5026891E809500C6982E80950A6
:100A60001461087D0021107582F84D00012082F884
:100A70004110C2E90811C2E90A11C2E90E1182F857
:100A80004C101183A2F84E101165516510BD000085
:100A900070B50446582020F06FFE48210546F1F756
:100AA00031FB48F2A060C0F20100686049F280604A
:100AB000C0F2980009A1C5E90301FE2028750026AF
:100AC00005F1200022216E76F1F71CFB2046C5E9D6
:100AD0001266C5E91466256070BD00BF64756D6D52
:100AE0007900000010B50446006810B1582103F0E9
:100AF000E1FE204610BD80B5006800F03BF8002004
:100B000080BD80B5006800F0C9F8002080BD80B5C8
:100B100000680968016000F0E1F8002080BD00680D
:100B200000F064B910B543F6B060C1F2000000787F
:100B300044F24434C007C1F20004BFF35F8F01D018
:100B4000206810BD43F6B060C1F2000020F030FA1A
:100B50000028F5D0042020F00FFE01F0BCF8206042
:100B600043F6B060C1F2000020F038FAE8E7006810
:100B700000F062B92DE9F047804606F0F1FF42F639
:100B8000680242A1C0F6060207F00EF898F80900C4
:100B900000286FD098F80B00012802D1404600F0E1
:100BA0009FFD4046002100224FF0000900F01EF991
:100BB00005F0A5FBD8F89C310221062205F0DAF9F0
:100BC00005F09DFBD8F8981105F088FC42F630013D
:100BD00040F6012C08F5DE7EC0F60601C0F2001CCE
:100BE000002300BF5EF80340FCB1D1E90067D1E902
:100BF0000225C4E90267C4E90425D1E90427D1E943
:100C00000865C4E90627D1E90A20D1E906A7C4E9A5
:100C10000C20D1E90C20C4E90A65C4E908A7C4E99D
:100C20000E205EF80300C0F800C04EF803900433B5
:100C3000102BD7D14FF0FE30C8F8CC0108F11C00C2
:100C40004FF4AC71F1F75EFAD8F89801FF2188F8FB
:100C50001C1012F00BFCD8F89C0112F007FCD8F81D
:100C6000A00104F03AFDD8F8780111F027FC00202B
:100C700088F80900012088F814000EF053FC0821C0
:100C800001220EF03FFC0020BDE8F0873A3A4465AF
:100C900061637469766174652829000010B582B0BB
:100CA000044606F05DFF94F8901142F6680304F5DF
:100CB000C07CC0F606030022CDF800C006F02DFF70
:100CC000D4F8800114F094FB532803D104F021FEE2
:100CD00004F05AFF002002B010BD000070B586B0CD
:100CE00004460079002864D133A103A803F07DF8FD
:100CF00002F02DF99DF91700B0F1FF3F05DC0599D1
:100D0000039821F0004103F0D5FDFF202077002556
:100D10000420042100220023CDE90055042612F00E
:100D2000E5FBC4F89801022004210022002300956D
:100D3000019512F0DBFBC4F89C0104200A2100227B
:100D400004F081FCC4F8A00104200421002204F076
:100D50007AFCC4F8B40111F0C9FAC4F8780105208E
:100D6000542184F8906184F8855114F058FB0126D1
:100D7000C4F880012681E57226750EF0D3FB0821A8
:100D800001220EF0BFFB4FF0FE30C4F8CC0104F599
:100D9000E8700421C4E96F55C4E9715503F078FB8C
:100DA00011F0A4FAC4F8E40104F5F470C4F80802E0
:100DB0002671002006B070BD656D626F743A3A61AD
:100DC00070703A3A6574683A3A7468654654736567
:100DD00072766963653A3A496D706C3A3A696E6940
:100DE0007469616C697365282900000070B5144648
:100DF0000D46064606F0B4FE42F668020AA1C0F6A9
:100E0000060206F0D1FE707A58B1D6F8B40141F26C
:100E10004702C0F6030229462346BDE870400EF0A3
:100E2000F5BA002070BD00BF3A3A53657452656749
:100E3000756C6172732829002DE9F04385B00D7A35
:100E40000C46052D80462DD1606801AE036882797D
:100E500000F10801002506F108000193082A28BFC7
:100E600008228DF80820CDF80950CDF80D500495D2
:100E7000F1F765F8304602F07FF8032808D0022821
:100E800010D16068007A1838B0FA80F0450909E09E
:100E90006068006800F00F000A3805289ABF39A181
:100EA0000D5C0025012D04D14046214600F022FAB8
:100EB00063E098F8090000285FD06168207809781D
:100EC0001E2200F0010002EAD101084400F14007AF
:100ED00005F015FA39460222062305F04EF9FF28DF
:100EE00042D0064608F508703946FFF79BFD08EB2F
:100EF0008600D0F8BC91B9F1000F35D0A81E0228A9
:100F000034D2AB1E18BF0323606899F8001009EBB8
:100F1000830209EB43039FED1D0A1832303300258D
:100F200000EB45073F890129A7F5004701EE107A3C
:100F3000B8EEC11A09D133F8157002EE107AB8EE86
:100F4000422A21EE021A21EE001A0135A2EC011A02
:100F5000032DE5D101F0D4FFC9E902014046214645
:100F6000324600F0E3F908E0FF2007E0042D04D149
:100F70006068B0F80900A9F81600002040B205B07A
:100F8000BDE8F08302030000000400000000003808
:100F90000B4600EB8101D1F8BC1129B3B0B582B08A
:100FA00009780025002908BF032540F20271002AB4
:100FB00008BF0125A0F8AC110DF1070100F5D674AA
:100FC000C0F8B011022006211A46FF238DF8075001
:100FD00016F064FF054605F0B8FB21462A4605F0E9
:100FE00070FD02B0BDE8B040704770B582B000F54A
:100FF000DE76054656F8210018B30C463AB128466D
:10100000214600F06EF856F82400C07800E0002079
:101010008DF8070043F60220A5F8AC010DF107009A
:10102000C5F8B001022006212246FF2305F5D67639
:1010300016F034FF044605F088FB3146224605F0E1
:1010400040FD02B070BD0021C0F206210840401AE8
:10105000B0FA80F040097047B0B582B00B4640F658
:101060000201A0F8AC110DF107018DF8072000F581
:10107000D674C0F8B011022006211A46FF2316F0DC
:101080000DFF054605F061FB21462A4605F019FDD6
:1010900002B0B0BDF0B581B001218DF8031040F26F
:1010A000027100F5D674A0F8AC110DF1030100F542
:1010B000DE760027C0F8B01156F8270060B1FAB20A
:1010C00002200621FF2316F0E9FE054605F03DFB50
:1010D00021462A4605F0F5FC0137042FECD101B07A
:1010E000F0BDF0B581B0054600EB8100D0F8BC0141
:1010F000F0B100200DF103060C468DF803003046D8
:10110000002105F0D1FE43F60210A5F8AC01022043
:1011100006212246FF2305F5D677C5F8B06116F003
:10112000BDFE044605F011FB3946224605F0C9FC18
:1011300001B0F0BDF0B581B043F60221002600F504
:10114000D674A0F8AC110DF1030100F5E6778DF827
:101150000360C0F8B01100BFB85D0C280CD1F2B22A
:1011600002200621FF2316F099FE054605F0EDFA50
:1011700021462A4605F0A5FC0136042EECD101B02B
:10118000F0BD10B582B0044606F0EAFC94F8901168
:1011900042F6680304F5C07CC0F606030022CDF8D1
:1011A00000C006F0BAFCD4F8800114F021F95328ED
:1011B00003D104F0AEFB04F0E7FC94F89101FF28A2
:1011C00004D00138010684F8910101D002B010BDAD
:1011D000D4F8780102B0BDE8104011F06FB90000FA
:1011E0002DE9F04F87B0044601F10800CDE9003247
:1011F000029105F0C8FF054605F0C6FFD4F8A0111E
:1012000003940446084604F068FA12F0EBFB002849
:1012100044D004A800F106084FF000094FF0000B7D
:101220005FFA8BF0ADF81890CDE9049912F0D2FB7B
:101230000746FE208DF81000CDF8169034B3002636
:101240004FF0000AF1B2284605F09BFF0178B94241
:101250000FD181888279ADF81410016802F0010085
:10126000049108EB4000C2F3430105F0BFFE4FF0CC
:10127000010A0136F0B2A042E4D3BAF1010F05D160
:10128000039804A9D0F8A00104F00CFA0BF1010BAB
:101290005FFA8BF612F0A6FB8642C1D3039DD5F808
:1012A000A00104F043FA98B1029805F5D274C5F88C
:1012B000B80141F2C570C0F60300C5E9690504F044
:1012C00028FBD5F8A011224604F074FC00200DE0A4
:1012D000052028750EF026F9082105220EF012F9D6
:1012E000019A12B1009800219047FF2040B207B048
:1012F000BDE8F08F90F8DE21B2B180B50A78496878
:101300001E2391F800E002F0010C03EADE039C4486
:101310004B894A7A1BBA00F5E8700CF140011B0CAE
:1013200001F0E6FCBDE88040002070472DE9F04365
:1013300087B0894600EB8200D0F8BC3144F2A83C6B
:10134000D9F80400C1F2000C5CF8221087795B78B0
:101350000131072F4CF8221040F08F80807B00284D
:1013600000F08B8099F80870032F0DD0022F40F009
:101370008480C0F38107012F11D0022F1AD144F2CB
:101380007837C1F200070EE0C0F38107012F3CD08F
:10139000022F45D144F27837C1F2000739E044F218
:1013A0004837C1F2000702EB420637F826500135F4
:1013B00027F82650C0F3011744F24836012FC1F236
:1013C000000606D0022F0CD144F27837C1F2000794
:1013D00000E0374602EB420507EB85077D880135C3
:1013E0007D808009022806D0012846D102EB420008
:1013F00006EB800007E044F2783702EB4200C1F2CE
:10140000000707EB8000043034E044F24837C1F2B3
:10141000000702EB420607EB8607FE880136FE80D6
:10142000C0F3011744F24836012FC1F2000606D07E
:10143000022F0CD144F27837C1F2000700E03746A2
:1014400002EB420507EB85073D8901353D818009A7
:10145000022806D0012810D102EB420006EB8000E2
:1014600007E044F2783702EB4200C1F2000707EBD5
:1014700080000A30078801370780002B4ED04FF4D8
:10148000FA605843814249D344F2483102EB4200AA
:10149000C1F2000101EB800644F27831C1F2000193
:1014A000002501EB80070DF1080800244CF82250BC
:1014B00037F81400CDE904550395029510B936F8B4
:1014C000140040B399F80000D9F8041000284FF038
:1014D000020008BF012009788DF80C0008098DF87A
:1014E0000D000120022113F09AFF029037F814003A
:1014F00036F81410ADF80E40CDE9041006F030FBBC
:10150000042100220023CDF8008006F006FB27F816
:10151000145026F814500134062CC9D107B0BDE888
:10152000F08370B58CB00446D0F8B8510320207514
:101530000DF0F8FF082103220DF0E4FFA07A012846
:1015400003D12046294600F007FB002004ADC4E982
:101550006100C4F88C012846202104F5C076F0F71C
:10156000D1FD19F0A3F919F0AAF941F2831103464C
:10157000C0F603012846224603F023FD022084F82A
:1015800090010520522113F04AFFC4F8800106F0B3
:10159000E7FA94F8901142F66803C0F606030022B9
:1015A000009606F0BAFA94F8921191B1D4F87C61E1
:1015B0007EB143F62022C0F60602D4F87801D2E9C3
:1015C000002384F891110121CDE90061029510F00A
:1015D00001FFE26812B12069012190470CB070BD93
:1015E00070B58CB00446052020750DF09BFF0821D6
:1015F00005220DF087FF002004ADC4E96100C4F8A6
:101600008C012846202104F5C076F0F77BFD19F007
:101610004DF919F054F941F283110346C0F6030164
:101620002846224603F0CDFC0520572113F0F7FE93
:10163000C4F88001042084F8900106F091FA94F82F
:10164000901142F66803C0F606030022009606F0E9
:1016500064FAD4F87C1181B143F62022C0F6060268
:10166000FF26D4F87801D2E9002384F8916101269D
:10167000CDE90016029510F0ADFEE26812B12069C6
:10168000002190470CB070BDF0B581B005464FF019
:10169000000012B30C46697AF9B105F5DE7757F808
:1016A0002400C8B1164690421CBF316801607278B0
:1016B00028462146FFF7D0FC291991F8CC11307843
:1016C00057F824200C2982F83C0003D128462146F3
:1016D000FFF707FD012000E0002001B0F0BD000091
:1016E00010B5044606F03CFA42F668020FA1C0F6B7
:1016F000060206F059FA607AA8B1E07A98B104F5CA
:101700000870FFF779F92046FFF7C4FC2046FFF781
:1017100011FD0020E072042020750DF003FF082168
:1017200004220DF0EFFE002010BD00BF3A3A5374C2
:101730006F7028290000000010B586B0044606F03E
:101740000FFA42F668021CA1C0F6060206F02CFA57
:10175000607A70B3E07A01282BD00120E072062075
:1017600020750DF0DFFE082106220DF0CBFE42F6BB
:101770007800C0F606008168D0E904020291CDE944
:1017800004020020009094F820004FF47A7148433E
:101790000190608C94F82120484304F5087403906C
:1017A000694620468DF80820FFF753F92046FFF7D9
:1017B00036F9002006B010BD3A3A537461727428AD
:1017C000290000002DE9F04F8FB0012A814655D144
:1017D000D9E97412D9F8B8018A4209F5E87B06D034
:1017E000002300BF22F8083D8A425360FAD14FF02F
:1017F000000A0830C9F8D411C9F8DCA189F8E0A1C1
:1018000005F0C1FC064605F0BFFC08B307460DF124
:1018100010080025ECB23046214605F0B2FCC17933
:10182000FF2911D0807902218DF81100FE200622B7
:1018300023468DF81050CDF814A016F0AFFF059098
:101840005846414601F000FA0135E8B2B842E1D30A
:1018500041F22350C0F60300CDE9040941F2E15002
:10186000C0F6030048F2A063CDE90D0904A90DAA52
:10187000C0F20103584601F088FA51E0052089F8CA
:1018800014000DF04FFE082105220DF03BFE002054
:1018900004ADC9E96100C9F88C012846202109F589
:1018A000C074F0F72FFC19F001F819F008F841F2B4
:1018B00083110346C0F6030128464A4603F081FB24
:1018C0000520532113F0ABFDC9F88001042089F8ED
:1018D000900106F045F999F8901142F66803C0F6B8
:1018E00006030022009406F018F9D9F87C1181B1A2
:1018F00043F62022C0F60602FF27D9F87801D2E984
:10190000002389F891710127CDE90017029510F0A5
:1019100061FDD9F80C201AB1D9F8100000219047C8
:1019200000200FB0BDE8F08F2DE9F04F85B01F46C5
:1019300016468A46834606F013F942F668024AA123
:10194000C0F6060206F030F9BAF1000F6AD09AF834
:101950000000102858D19BF809000E9C012802D1E4
:101960005846FFF707F902208BF814000DF0DAFD56
:10197000082102220DF0C6FDDBF8780110F09EFD73
:101980000AF10800CBE903678BF80A4005F0FBFB7E
:10199000054605F0F9FBB8B30446CDE9027600260A
:1019A0000DF110084FF00109049600BFF1B228466E
:1019B00005F0E7FB0746807900F0010148EA4101A4
:1019C0000988C0F3430021FA00F0C00739D1387804
:1019D00011F0EFFFA8B3B879013600F0010148EA31
:1019E0004101C0F343000A8809FA00F01043F2B243
:1019F000A2420880DAD3DDE9023200275846514678
:101A00000097FFF7EDFB2BE005208BF814000DF09D
:101A100089FD082105220DF075FD06B33846002129
:101A2000B0471CE005208BF814000DF07BFD082169
:101A300005220DF067FD16B138460021B047FE20A3
:101A40000EE005208BF814000DF06CFD0821052236
:101A50000DF058FD039A12B1029800219047FF2023
:101A600040B205B0BDE8F08F3A3A566572696679C2
:101A700028290000F0B583B00446002A4FF000008A
:101A800042D00D46617A00293ED004EB8500D0F8A3
:101A9000BC01A0B317780430904218BF0770781EBD
:101AA000B0FA80F04609204629463246FFF770FA20
:101AB000601990F8CC010C2804D120462946324602
:101AC000FFF793FA0026022006212A46FF238DF80D
:101AD0000B6016F0E3F9054604F011FC0DF10B0262
:101AE00029460023009604F0A9FB60B99DF80B106D
:101AF000012F04F5087004D1FEF73CFE03E000203E
:101B000002E0FEF74AFE012003B0F0BDA9B170B5B6
:101B1000044688680D4690B1686816F0BAF969689D
:101B20000646084616F0B8F901280AD070B9AA6826
:101B300020463146FFF7A8FD08E0FE2009E0FE2020
:101B400005E0AA6820463146FFF794FF0020BDE873
:101B5000704040B2704700002DE9F04F83B00C4652
:101B6000824605F0FDFF42F6680244A1C0F6060277
:101B700006F01AF8002C7AD02078102879D19AF83B
:101B80000900012802D15046FEF7F4FF0AF11C00BB
:101B900021464FF4AC72F0F714FA04F1080005F096
:101BA000F2FA054605F0F0FA002844D006460AF598
:101BB000E67B4FF002084FF0000900BF5FFA89F49E
:101BC0002846214605F0DDFA88B30746007811F073
:101BD000F0FE01282BD10020B9790290387868F303
:101BE0005F118DF80910B9888DF80800DAF89801AE
:101BF000ADF80A1002A911F076FDB8790DF10601D1
:101C000068F35F108DF80600DAF89C018DF80790F4
:101C100011F069FDFE2002210622234616F0BEFDCA
:101C20003A780BEB890141F8100C0BF8092009F107
:101C300001094E45C2D104F062FBDAF8981104F0B4
:101C4000FDFB04F05CFBDAF89C310221062204F073
:101C5000FFF801208AF8090004208AF814000DF02A
:101C600061FC082104220DF04DFC002002E0FE2062
:101C700000E0FF2040B203B0BDE8F08F3A3A416384
:101C800074697661746528290000000080B50068D9
:101C9000FFF726FD002080BD0068417A41B1C17A7E
:101CA00031B180B500F50870FEF7B3FEBDE88040A5
:101CB0000020704780B50068FFF73EFD002080BD22
:101CC00080B582B0DDF810C00068CDF800C0FFF725
:101CD0002BFE02B080BD2DE9F04381B04FF000082B
:101CE0008146C0F800804FF40C701FF045FD4FF4A2
:101CF0000C71054600F10806F0F704FA42F6B80147
:101D0000C0F6060130464FF4B672F0F75AF942F6C3
:101D10002050C0F6060090E8CE00D0E9054CC0691E
:101D200005F5BC7E8EE8CE00C5F8940105F5CC70B3
:101D30003421C5E9634CF0F7E5F94FF0FE3105F5C4
:101D4000E870C5F8CC11112105F5F276F0F7DAF953
:101D500030463821F0F7D6F948F2A060C0F2010011
:101D6000C5F81C0205F50870FEF792FE48462946A4
:101D7000C5E98A88CDF8008001F0D0FE68460021D0
:101D800001F0CCFE484601B0BDE8F08380B50068A4
:101D900000F03CF8002080BD80B5006800F09AF8A3
:101DA000002080BD80B500680968016000F0B2F8CD
:101DB000002080BD006800F025B910B543F6B4607E
:101DC000C1F20000007844F2B834C007C1F2000448
:101DD000BFF35F8F01D0206810BD43F6B460C1F23D
:101DE00000001FF0E5F80028F5D004201FF0C4FC27
:101DF00000F041FC206043F6B460C1F200001FF027
:101E0000EDF8E8E7006800F023B90000B0B504463B
:101E100005F0A6FE42F690022AA1C0F6060205F0E1
:101E2000C3FE607A002842D0E07A012802D1204621
:101E300000F0EAF9204600210022002500F0E2F837
:101E400004F05DFAD4F89C310221072204F092F8E4
:101E500004F055FAD4F8981104F040FBD4F8BC0112
:101E600038B108302021F0F74DF9D4F8BC016421D5
:101E70000160FE2084F8C00104F11C004FF4AC7135
:101E8000C4F8BC51F0F73EF9D4F89801FF2121774E
:101E900011F0ECFAD4F89C0111F0E8FAD4F8A001A2
:101EA00003F01BFCD4F8780110F008FB65720120E8
:101EB00020750DF037FB227D09210DF023FB00205A
:101EC000B0BD00BF3A3A4465616374697661746578
:101ED0002829000010B582B0044605F041FE94F8B0
:101EE000901142F6900304F5C07CC0F60603002270
:101EF000CDF800C005F011FED4F8800113F078FA97
:101F0000592803D103F005FD03F03EFE002002B086
:101F100010BD0000F0B585B004460079002854D10A
:101F20002BA102A801F061FF01F011F89DF9130047
:101F3000B0F1FF3F05DC0499029821F0004102F066
:101F4000B9FCFF2020770025042001210022002376
:101F5000CDE900550427012611F0C8FAC4F898010C
:101F600002200121002200230095019511F0BEFA04
:101F7000C4F89C0101200A21002203F064FBC4F88C
:101F8000A00101200421002203F05DFBC4F8B4018C
:101F900010F0ACF9C4F8780105205A2184F890714A
:101FA00084F8855113F03BFAC4F880012681E5726C
:101FB00026750DF0B7FA227D09210DF0A3FAFE2057
:101FC000C4F8BC5184F8C0012671002005B0F0BDF2
:101FD000656D626F743A3A6170703A3A6574683A46
:101FE0003A746865424154736572766963653A3A3A
:101FF000496D706C3A3A696E697469616C697365B0
:102000002829000070B514460D46064605F0A8FDC7
:1020100042F690020AA1C0F6060205F0C5FD707AEC
:1020200058B1D6F8B40142F29912C0F6030229461B
:102030002346BDE870400DF0E9B9002070BD00BF37
:102040003A3A536574526567756C6172732829005A
:10205000F0B581B00546407A00284BD00C46087890
:1020600049681E22097800F0010002EAD101084403
:1020700000F1400105F5E270FEF7D4FCD5F8BC6133
:1020800066B3207A02282ED0012829D0B0BB676819
:10209000F88900EB800040003082B88900EE100A19
:1020A000B8EEC00A86ED080AB7F90A002FF03BF92E
:1020B0009FED130B54EC105B2A4623462FF0D6F904
:1020C0002EF056FEF06138892FF02DF92A4623466E
:1020D0002FF0CCF92EF04CFEB0610BE0FF200AE0AF
:1020E0006068007A01E060680089B08200F008FF53
:1020F000C6E90201002040B201B0F0BDF120FAE7CC
:102100009A9999999999B93F0B4600EB8101D1F8B9
:10211000BC11F9B1B0B582B082F001018DF80710A1
:1021200040F20271A0F8AC110DF1070100F5D67470
:10213000C0F8B011022007211A46FF2315F0AEFEA9
:10214000054604F002FB21462A4604F0BAFC02B020
:10215000BDE8B0407047B0B582B00121D0F8BC21D5
:102160008DF8071040F20271A0F8AC110DF10701D3
:10217000C0F8B01172B100F5D67402200721002218
:10218000FF2315F08BFE054604F0DFFA21462A46B0
:1021900004F097FC02B0B0BD0021C0F20721084056
:1021A000401AB0FA80F04009704710B582B004467A
:1021B00005F0D6FC94F8901142F6900304F5C07C2B
:1021C000C0F606030022CDF800C005F0A6FCD4F846
:1021D000800113F00DF9592803D103F09AFB03F0A5
:1021E000D3FC94F89101FF2804D00138010684F84B
:1021F000910101D002B010BDD4F8780102B0BDE861
:10220000104010F05BB9000010B5044605F0A8FCC2
:1022100042F690020DA1C0F6060205F0C5FC607AF8
:1022200090B1E07A80B104F5E270FEF7E5FB20465C
:10223000FFF791FF0020E072042020750DF072F985
:10224000227D09210DF05EF9002010BD3A3A537449
:102250006F7028290000000010B586B0044605F014
:102260007FFC42F6900218A1C0F6060205F09CFC25
:10227000607A28B3E07A012822D00120E07206209B
:1022800020750DF04FF9227D09210DF03BF942F642
:10229000A000C0F6060000F1040C40699CE80E1096
:1022A0000DF1040E0590002004F5E2748EE80E1086
:1022B000009069462046FEF7CCFB2046FEF7AFFBB8
:1022C000002006B010BD00BF3A3A53746172742802
:1022D000290000002DE9F0418CB01F4615460E463E
:1022E000044605F03DFC42F690024CA1C0F6060201
:1022F00005F05AFC002E71D0307811287CD1607A1C
:10230000012802D12046FFF781FD4FF0020884F832
:1023100014800DF007F9227D09210DF0F3F8D4F8AF
:10232000780110F0CBF80320E560A77220750DF05E
:10233000F9F8227D09210DF0E5F8A07A012803D1F2
:102340002046314600F0DEF8002004ADC4E961000B
:10235000C4F88C012846202104F5C076EFF7D2FEA0
:1023600018F0A4FA18F0ABFA42F2AB110346C0F62B
:1023700003012846224602F024FE0520582184F855
:10238000908113F04CF8C4F8800105F0E9FB94F853
:10239000901142F69003C0F606030022009605F065
:1023A000BCFB94F8921191B1D4F87C717FB143F6E3
:1023B0002022C0F60602D4F87801D2E9002384F87E
:1023C00091110121CDE90071029510F003F8E26846
:1023D00012B100200121904700201AE0052020754D
:1023E0000DF0A0F8227D09210DF08CF815B1002028
:1023F0000021A847FE200CE0052020750DF092F882
:10240000227D09210DF07EF815B100200021A8479A
:10241000FF2040B20CB0BDE8F08100BF3A3A5665EB
:102420007269667928290000F0B583B004464FF040
:102430000000B2B30D46617A99B304EB8500D0F881
:10244000BC0148B316780430904218BF0670701E65
:10245000B0FA80F0420920462946FFF755FE0027D2
:10246000022007212A46FF238DF80B7015F016FD78
:10247000054603F044FF0DF10B02294600230097A7
:1024800003F0DCFE60B99DF80B10012E04F5E2703C
:1024900004D1FEF76FF903E0002002E0FEF77DF9BA
:1024A000012003B0F0BDF9B170B5044688680D464F
:1024B000E0B1686815F0EDFC69680646084615F05D
:1024C000EBFC012814D0C0B9A9680020B1B1627A30
:1024D000A2B104EB8600D0F8BC21002072B18A4280
:1024E0000CD00868106008E0FE2009E0FE2005E03E
:1024F000AA6820463146FFF797FF0020BDE87040EC
:1025000040B270472DE9F04F83B00C46824605F08B
:1025100027FB42F6900245A1C0F6060205F044FBF7
:10252000002C7BD0207811287AD19AF80900012854
:1025300002D15046FFF76AFC0AF11C0021464FF415
:10254000AC72EFF73EFD04F1080004F01CFE0546F6
:1025500004F01AFE002844D006460AF5E07B4FF04E
:1025600002084FF0000900BF5FFA89F428462146AF
:1025700004F007FE88B30746007811F013FA01282B
:102580002BD10020B9790290387868F35F118DF86B
:102590000910B9888DF80800DAF89801ADF80A102A
:1025A00002A911F0A0F8B8790DF1060168F35F10E7
:1025B0008DF80600DAF89C018DF8079011F093F879
:1025C000FE2002210722234616F0E8F83A780BEBAA
:1025D000890141F8040C0BF8092009F101094E4565
:1025E000C2D103F08CFEDAF8981103F027FF03F054
:1025F00086FEDAF89C310221072203F029FC012033
:102600008AF8090004208AF814000CF08BFF9AF86D
:10261000142009210CF076FF002002E0FE2000E0EB
:10262000FF2040B203B0BDE8F08F00BF3A3A4163EB
:1026300074697661746528290000000080B500681F
:10264000FFF7E2FD002080BD0068417A41B1C17A08
:1026500031B180B500F5E270FEF7DBF9BDE88040EE
:102660000020704780B50068FFF7F6FD002080BDB0
:102670000068FFF72FBE2DE9F04381B04FF000084E
:102680008146C0F800804FF4E8701FF075F84FF4F1
:10269000E871054600F10806EFF734FD42F6242103
:1026A000C0F6060130464FF4B672EFF78AFC42F6E8
:1026B0004050C0F6060090E8CE00D0E9054CC06955
:1026C00005F5BC7E8EE8CE00C5F8940105F5CC700A
:1026D0002821C5E9634CEFF715FDFE2085F8C00100
:1026E00005F5E270FEF7D4F948462946C5E9728837
:1026F00001F028FA484601B0BDE8F08380B5F8F74C
:10270000E8FBF8F73DFCB0FA80F0400980BD80B5E9
:10271000F8F7DFFBF8F780FCB0FA80F0400980BDE5
:1027200080B5F8F74BFC012080BDB0B543F6B8602A
:10273000C1F20000007844F2BC35C007C1F20005C8
:10274000BFF35F8F01D02868B0BD43F6B860C1F217
:1027500000001EF02DFC0028F5D00C201FF00CF816
:10276000044642F68040C0F6060000F108014830F9
:10277000C4E9001001201EF0FFFFA06043F6B8601E
:10278000C1F200002C601EF029FCDCE7002070473D
:1027900080B5F8F79EFBF8F737FEB0FA80F04009F5
:1027A00080BD80B5F8F795FBFAF790F8B0FA80F0A5
:1027B000400980BD80B5F8F78CFBFAF790FB013833
:1027C000B0FA80F0400980BD10B582B0D2E90002B5
:1027D0000C46CDE90002F8F77CFB217862786B4665
:1027E000F6F738FCB0FA80F0400902B010BD70B5C1
:1027F0001C4615460E46F8F76CFB31462A46234622
:10280000F6F7B1F9B0FA80F0400970BDFFF7DCBF10
:10281000B0B514460D46F8F75CFB29462246F6F79C
:102820005EFEB0FA80F04009B0BD70B582B01C46C3
:1028300015460E46F8F74DFB2268D6E900162B46E2
:102840000096F6F760FEB0FA80F0400902B070BD65
:1028500010B50C46F8F73DFB21786278BDE81040D2
:10286000F8F70EB810B50C46F8F733FBD4E90012B0
:10287000F8F718FAB0FA80F0400910BD10B5044618
:1028800042F68040C0F6060000F108014830606062
:10289000A06821600021A16010B1012102F00AF8B6
:1028A00020460C21BDE8104002F004B810B50446E3
:1028B00042F68040C0F6060000F108014830606032
:1028C000A06821600021A16010B1012101F0F2FF98
:1028D000204610BD2DE9F04399B00446002012AE09
:1028E00040F20771315004301C28FBD10DF1100863
:1028F00040463821EFF706FC94F8211000224FEAF9
:10290000011C4FEA014E00BF04EBC2077B78072B86
:1029100014D0BD78681E032810D803F0070040EAE1
:102920000C004EEA0321C0B2084346F82300786841
:1029300008EBC30101EB450121F8020C0132042A26
:10294000E2D144F2F119002504AF40F60178C0F657
:1029500004096C46002000BF06EB85014978072971
:1029600009D056F82500ADF8048000902046CDE946
:10297000027900F00AF90135072D07F10807EBD1BC
:1029800000F0010019B0BDE8F08380B584B050F8C4
:10299000041B029044F67930C0F6040000914FF415
:1029A000CA4103906846ADF8041000F0EEF804B098
:1029B00080BD80B584B050F8041B029044F60360DB
:1029C000C0F6040000914FF4807103906846ADF8A2
:1029D000041000F0DAF804B080BD80B584B050F87F
:1029E000041B029044F61930C0F6040000914FF425
:1029F000106103906846ADF8041000F0C6F804B00A
:102A000080BD80B584B050F8041B029044F6CF50CE
:102A1000C0F6040000914FF4EE4103906846ADF813
:102A2000041000F0B2F804B080BD80B584B050F856
:102A3000041B029044F6F170C0F6040000914FF4BC
:102A4000D24103906846ADF8041000F09EF804B03F
:102A500080BD80B584B050F8041B029044F2AD7084
:102A6000C0F6040000914FF4806103906846ADF811
:102A7000041000F08AF804B080BD80B584B050F82E
:102A8000041B029044F64530C0F6040000914FF458
:102A9000904103906846ADF8041000F076F804B059
:102AA00080BD80B584B050F8041B029044F663707A
:102AB000C0F6040000914FF4F24103906846ADF86F
:102AC000041000F062F804B080BD70B588B0044610
:102AD0004878D2E9002501280595049205D889781F
:102AE00001F00F0140EA410009E00338C0B20128BB
:102AF00004D888781E2101EA400000E000208DF80B
:102B000018000026694604A8CDE90266CDE90066F2
:102B100001F10805984700989DF80620206004F10F
:102B200008002946082A28BF08222271C4F8056037
:102B3000C4F80960E660EFF744FA08B070BDB0B5BC
:102B400084B0034640780C4601280ED8997801F0ED
:102B50000F0140EA410503F0F8FD21462A4603F043
:102B6000F9FFB0FA80F040090DE00338C0B2012847
:102B700008D894466846194622466346FFF7A5FFE3
:102B8000012000E0002004B0B0BD10B582B00446C2
:102B900000F07BFC00284FF000000BD0A188ADF8BE
:102BA0000200ADF80010D4E90212204601916946F6
:102BB000FFF7C5FF02B010BD80B584B050F8041B0C
:102BC000029044F66760C0F6040000914FF4FA41A9
:102BD00003906846ADF80410FFF7D7FF04B080BD3E
:102BE000B0B584B005460020039041F60200029083
:102BF0000DF107000C468DF80720039003F0A5FDAA
:102C0000296801EBC4014A7802A903F0A3FF04B0CC
:102C1000B0BD000010B5044640690FF04FFCE16BF9
:102C20000020A07309B1206C8847D4E900018142DB
:102C300005D0002221F8082D81424A60FAD1606057
:102C40000020E060207410BDF0B585B00D464968E5
:102C5000002946D0044650F8081F50F8042C8A4238
:102C600006D2D5E9000102F10806C2E9000137E009
:102C70002368D71A012202EBE706B6F1005F32D2D1
:102C8000C91A4FF6F872B6EBA10FC7F6FF7238BF3C
:102C90008E10914228BF6FF06046049036B1B6F1B5
:102CA000005F23D2F0001EF067FD00E0002000EB83
:102CB000C603F9100393D5E9003700EBC102009079
:102CC00040F8313002F108006D4602902046294656
:102CD0000192576001F0B2FB6668284601F0B2F835
:102CE000666005B0F0BD204600F004FF01F080FDF5
:102CF0002DE9F041877BF7B1052A1CD8D0E900E621
:102D0000764518D0A6EB0E074FEAE70C01F0010458
:102D1000C1F34308002600250EEBC606777807F0BE
:102D200001018C4203D1C7F34301884506D0013528
:102D3000EEB2B445F0D80020BDE8F081E9B2FF2939
:102D4000F9D0716801EB42010B86017B427B0131B6
:102D5000CBB29342017302D1FFF75CFF12E0C17B5B
:102D60004A1CD1B20629C27305D1017C002201316F
:102D7000C273017400E0017CC9B28C4502D9D2B2A1
:102D8000FFF72EFF0120BDE8F08170B586B0D1E9D4
:102D900000160446C0E90F16D2E9000104F144020E
:102DA0000BC2D4E900010026081A4FEAD00101EB5A
:102DB00090004FEA400060734FF001002673A0734B
:102DC0002FD041F6020004900DF10F00A4F80F601F
:102DD00005968DF80F60059003F0B7FC21684A78DE
:102DE00004A903F0B7FEA56B17F060FD17F067FDAF
:102DF00042F62F610346C0F603012846224602F040
:102E0000E0F843F62020C0F60600D0E90023606910
:102E1000A16BE56C0291CDE900560FF0DBFA06B02C
:102E200070BD204606B0BDE87040FFF7F3BE10B598
:102E3000044640690021A1730FF040FB616C19B199
:102E4000A06CBDE81040084710BD10B582B0044624
:102E5000406908B10FF023FA01A8019401F0CCFAFF
:102E6000204602B010BD10B54468207A18F0DEFA92
:102E7000607210BD4068407A18F0D8BA70B5044648
:102E800042F6D840C0F60600083020600C200D46FF
:102E90001EF072FC06466660D5E900124FF4B07071
:102EA0003081C6E9001218F069FA30793168603073
:102EB0003072C0B218F0A0FA204670BD10B50446BA
:102EC00042F6D8414068C0F606010831216010B1D1
:102ED0000C2101F0EFFC20460821BDE8104001F074
:102EE000E9BC10B5044642F6D8414068C0F6060178
:102EF0000831216010B10C2101F0DCFC204610BD2E
:102F000040F67870C1F2000000680047B0B544F2A6
:102F10001805C1F20005297809B10120B0BD0446A9
:102F2000406890B1216811B18847606820B140F6CF
:102F30007871C1F200010860A06844F21401C1F286
:102F40000001086001202870B0BD0020B0BD44F22F
:102F50001401C1F20001096801B10847002070475F
:102F600044F2C03CC1F2000CDCE90001431C41F119
:102F70000002CCE9003270470068C0F30220062846
:102F800008BFFE207047B0B5057B75B90446D1E98E
:102F900000028968C4E900020420A1601EF0ECFB75
:102FA00000F00AF9206101202073B5FA85F040098C
:102FB000B0BD70B582B00646007B20B31068002813
:102FC0004FF0000020D00D465168E9B1306911463C
:102FD0001C4600F0E3F8306900F007FD0146306957
:102FE00079B100F0F9FC0020ADF806003069B26854
:102FF0000DF106032946002C18BF224600F0D2F836
:1030000002E000F0D2F8002002B070BDB0B5044676
:10301000007B002818BF012041EA0005012D0AD1DC
:10302000206930B100F0D4F8042101F043FC002005
:103030002061002020732846B0BD0068027B002A72
:103040001CBF00207047FFF79EBF0068FFF7B1BFAD
:1030500070B5044648201EF08FFB054600268020F0
:10306000C5E9006005F118002821AE602E732E61BD
:10307000EFF748F84FF0FF30E861A862C5E90C00AF
:103080002046C5E91066256070BDB0B505680446E8
:103090003DB128460121FFF7B9FF2846482101F03C
:1030A00009FC2046B0BD2DE9F04381B096460024CE
:1030B0004FF0FF320346C0E90124C0E9034223F880
:1030C000204FD1F800C0C0E90622024602F8224F84
:1030D000BCF1000F0470AEF800405BD04E68082EC3
:1030E00058D39CF8004042F68457C4F3C005C0F69C
:1030F00006079CF80180C4F3800407EB45052C5DAE
:103100009C2525FA08F5BCF80290ED0742F680559B
:1031100009F10307C0F6060527F003072C5D07F148
:10312000080708BF08273D19B5424FF0000431D801
:1031300019F003062ED1AEF80050BCF80250DCF8AE
:1031400004702E4680F800804760C560002D18BFCF
:103150000CF1080686609CF8007000F121043E071F
:1031600001D4002606E00F6804262F44BF680761DB
:103170009CF800707F0708D50968BCF802703944D4
:1031800031448F68C968C0E906716046214600F085
:10319000FFFB0124204601B0BDE8F0830068002257
:1031A00000F01FB8006800F065B880B50068202105
:1031B000EEF7A8FF012080BDB0B5044620201EF028
:1031C000DBFA20210546EEF79DFF20462560B0BDC5
:1031D00010B50446006810B1202101F06BFB2046B9
:1031E00010BDB0B50B6804464FF000003BB3496812
:1031F0001C2938BFB0BD184630F804CF03F1180EB3
:103200000CF11C05C4E90031E360A560C4F810E0CE
:10321000B2B145F27861C1F2342119601421EEF7A0
:1032200071FFD4E903011C228088A2600A18C4E956
:10323000052244F22132C8F265720A500120B0BD65
:103240008D4205D920462021EEF75CFF0020B0BD5D
:103250005EF80C1044F22132C8F265720EEB0C00DD
:1032600091426061A061E9D020462021EEF74AFF3B
:10327000E4E700002DE9F04F8FB000261E80C2B3B6
:10328000C7688346AFB3884604A828211C46154664
:10329000EEF738FF4FF0FF3005900890CDE90A00B7
:1032A000F88807968DF8316010B3BF88DBF810906E
:1032B00004AE4FF0000A00BF0020ADF80E0030460B
:1032C00001A90DF10E02CDE90197FFF7ECFE78B1EF
:1032D000BDF80E00218881440144218040463146DA
:1032E000A847DBF80C000AF1010AC0888245E3D345
:1032F000012630460FB0BDE8F08F0068AFF30080C4
:103300002DE9F041D0F810C04FF00008BCF1000FDB
:1033100034D004460068261D62CE471B71EB0607B9
:103320002CD2171A73EB010702D204F1280015E022
:10333000571B73EB06070FD2101A63EB01016246AD
:103340000023EEF7ADF9A269821A71F1000115D2DE
:10335000A16B01EBC00001E004F13000D0E90012E4
:103360004FF00108013142F10002C0E90012D4E936
:103370000810013140F10000C4E908104046BDE8E2
:10338000F0812DE9F04383B0054691E8CD00002F90
:1033900018BF0127C01A72EB06004FF0000038BFBB
:1033A000012007EA0004012C4FF0000832D191E817
:1033B0008900D1E9036285E88900C043D943C01977
:1033C0007141801841F100010023C5E90362EEF765
:1033D00067F905F138070146A861384605F120096B
:1033E00001F0FFF895E84B002A69C043C943C018B3
:1033F0007141801841F100010023EEF751F90146B7
:103400006A463846CDE9008801F0D9F848461821C7
:10341000EEF778FE204603B0BDE8F0830068FFF7C2
:10342000B0BF10B50468D4E90E01091A0129A8BF7C
:10343000EEF768FE04F120001821EEF763FE01208C
:1034400010BDB0B5044648201EF096F9142105467B
:10345000EEF758FE002105F12000A9612421EEF7C6
:1034600051FE20462560B0BDB0B50568044655B193
:10347000A86B20B1296CE863091A01F01BFA2846F1
:10348000482101F017FA2046B0BD81B041780739D4
:1034900018BF01218DF80310D0E90201002818BFE0
:1034A00001208DF80200002918BF01218DF80110BC
:1034B0009DF8030040B19DF8020028B19DF801007D
:1034C000002818BF012000E0002001B07047000074
:1034D000F0B5B1B012780D46002A044600F089819B
:1034E000298810AE304601F017F90FF290423046AD
:1034F0000021002700F012FC90E80E000DF14C0CAA
:103500008CE80E00C0E9007787600FF2744113A8C1
:1035100000F0BCFB90E80E000DF1580C8CE80E009A
:10352000C0E900778760A9780DAE304601F0F4F865
:103530009DF93F00DDE90D1200285CBF3146C2B2A3
:1035400016A800F0B0FB90E80E000DF1640C8CE8BA
:103550000E00C0E9007787600FF2284119A800F03B
:1035600095FB90E80E000DF1700C8CE80E00C0E9A0
:1035700000778760E9780AAE304601F0CDF89DF912
:103580003300DDE90A1200285CBF3146C2B21CA834
:1035900000F089FB90E80E000DF17C0C8CE80E0029
:1035A000C0E9007787600FF2E0311FA800F06EFBE2
:1035B00090E80E000DF1880C8CE80E00C0E9007751
:1035C0008760297907AE304601F0A6F89DF92700FB
:1035D000DDE9071200285CBF3146C2B222A800F024
:1035E00062FB90E80E000DF1940C8CE80E004BF697
:1035F0008471C0E900778760C0F6060125A800F055
:1036000045FB90E80E000DF1A00C8CE80E00C0E91F
:1036100000778760E98804AE304601F07DF89DF9B7
:103620001B00DDE9041200285CBF3146C2B228A8A5
:1036300000F039FB90E80E000DF1AC0C8CE80E00A8
:103640004BF6DD71C0E900778760C0F606012BA854
:1036500000F01CFB90E80E000DF1B80C8CE80E0099
:10366000C0E900778760298901AD284601F054F848
:103670009DF90F00DDE9011200285CBF2946C2B2A6
:103680002EA800F010FB90E80E00C0E900778760DC
:103690009DF90F002160B0F1FF3F6260A36005DC7F
:1036A0000399019821F0004101F004F99DF9C3004C
:1036B000B0F1FF3F05DC30992E9821F0004101F078
:1036C000F9F89DF9B700B0F1FF3F05DC2D992B9873
:1036D00021F0004101F0EEF89DF91B00B0F1FF3F31
:1036E00005DC0699049821F0004101F0E3F89DF90A
:1036F000AB00B0F1FF3F05DC2A99289821F000418A
:1037000001F0D8F89DF99F00B0F1FF3F05DC279943
:10371000259821F0004101F0CDF89DF92700B0F186
:10372000FF3F05DC0999079821F0004101F0C2F83C
:103730009DF99300B0F1FF3F05DC2499229821F018
:10374000004101F0B7F89DF98700B0F1FF3F05DCBB
:1037500021991F9821F0004101F0ACF89DF9330048
:10376000B0F1FF3F05DC0C990A9821F0004101F00F
:10377000A1F89DF97B00B0F1FF3F05DC1E991C9874
:1037800021F0004101F096F89DF96F00B0F1FF3F84
:1037900005DC1B99199821F0004101F08BF89DF987
:1037A0003F00B0F1FF3F05DC0F990D9821F000417B
:1037B00001F080F89DF96300B0F1FF3F05DC189936
:1037C000169821F0004101F075F89DF95700B0F10D
:1037D000FF3F05DC1599139821F0004101F06AF8CC
:1037E0009DF94B00B0F1FF3F00F3C680129910988D
:1037F000BEE0E9782A79A878C1EB011102EB8101DA
:103800004FF4616210FB0210298840F2A322514359
:1038100022AE00EBC11230460023002700F0B5FFB6
:103820005AA23046002100F079FA90E80E000DF11E
:10383000940C8CE80E004BF68471C0E90077876029
:10384000C0F6060125A800F021FA90E80E000DF15F
:10385000A00C8CE80E00C0E900778760E9881FAEF5
:10386000304600F059FF9DF98700DDE91F1200285E
:103870005CBF3146C2B228A800F015FA90E80E00ED
:103880000DF1AC0C8CE80E004BF6DD71C0E9007751
:103890008760C0F606012BA800F0F8F990E80E004A
:1038A0000DF1B80C8CE80E00C0E90077876029891B
:1038B0001CAD284600F030FF9DF97B00DDE91C12AD
:1038C00000285CBF2946C2B22EA800F0ECF990E8AF
:1038D0000E00C0E9007787609DF97B002160B0F1A0
:1038E000FF3F6260A36005DC1E991C9821F0004137
:1038F00000F0E0FF9DF9C300B0F1FF3F05DC309917
:103900002E9821F0004100F0D5FF9DF9B700B0F1ED
:10391000FF3F05DC2D992B9821F0004100F0CAFFF4
:103920009DF98700B0F1FF3F05DC21991F9821F038
:10393000004100F0BFFF9DF9AB00B0F1FF3F05DC97
:103940002A99289821F0004100F0B4FF9DF99F00CA
:10395000B0F1FF3F05DC2799259821F0004100F0E8
:10396000A9FF9DF99300B0F1FF3F05DC249922984F
:1039700021F0004100F09EFF31B0F0BD4400000096
:103980003A4800003A4D00003A530000530000004E
:1039900010B590F800C042F68454CCF3C00EC0F6C7
:1039A000060404EB4E0ECCF380041EF804400C70A9
:1039B000017808A4C1F3401C04EB4C04C1F30011CE
:1039C000615C1170007800F00300C11E18BF014651
:1039D000197010BD000102030068C068002812BF02
:1039E000D0E902010020002170470068C16891B150
:1039F000806980B1096845F27862C1F2342291424F
:103A000009D100684BF6DF41C7F69A010844B0FAC5
:103A100080F0400970470020704700002DE9F04F0A
:103A200081B005460068D0E9083753EA07090F4618
:103A300045D0D0E90E011646081A022101EBE0013B
:103A4000384600F04DFDD5F800A0DAF82800DAF885
:103A50002C20A0FB0601DAE908B502FB06115A4644
:103A60002B46EDF71DFEDAE90E423968A2420097B7
:103A7000086015D0101BC210012701F10408012AAB
:103A800088BFC710F4E802012B46A0FB060201FB29
:103A900006215A46EDF704FE48F8040B013FF1D128
:103AA000DAE90C012B46A0FB060201FB06215A466F
:103AB000EDF7F6FD0099496841F8040C01E038681B
:103AC0007860B9F1000F18BF4FF00109484601B006
:103AD000BDE8F08F0068203070474CF2FA00C0F665
:103AE000060000F0C7F94CF2FA00C0F6060000F03C
:103AF000C8F9000001A000F0BDF900BF766563744D
:103B00006F7200004BF6E070C0F6060000F0B2F9EC
:103B10004BF6E070C0F6060000F0ACF910B5046892
:103B2000016074B104F50870FCF7DCFF04F5E8707F
:103B3000FFF78BF920464FF40C71BDE8104000F000
:103B4000B9BE10BD10B50468016054B104F5E2704F
:103B5000FCF7C8FF20464FF4E871BDE8104000F0C4
:103B6000A9BE10BD2DE9F0410E464FF6F871C7F61B
:103B7000FF718B4204461FD21F4615460A2B01D8FF
:103B8000E7720CE047F0070000F1010840461DF025
:103B9000F3FD48F00041C4E90007A1600446AE42CD
:103BA00006D000BF16F8010BAE4204F8010BF9D1A4
:103BB00000202070BDE8F0812046FFF78EFF2DE940
:103BC000F04F81B00E464FF6F671C7F6FF711F46F3
:103BD0008B1B9342044656D394F90B00DDF82880E2
:103BE00000284FF6F270D4F80090C3F6FF7058BF6B
:103BF000A14686420DD89019B0EB460F98BF7000D1
:103C000040F0070101F1010B0B2838BF4FF00B0BFF
:103C100001E001F1010B58461DF0AEFDB8F1000FB7
:103C2000054604D0284649464246EEF788F9DDE9C4
:103C30000BA22AB10D9905EB0800EEF73BF90C9A9F
:103C40000AEB08003F1A0AD009EB080000EB0A0152
:103C500005EB080010443A46EEF771F90C9A711C16
:103C60000B2903D0484600F025FE0C9A4BF000408B
:103C700002EB08013944A0600020C4E900516854F7
:103C800001B0BDE8F08F2046FFF727FFB0B505462D
:103C900008460C46EEF7EFF8024628462146BDE8F6
:103CA000B040AFF30080F0B585B01546C27AD0E9D8
:103CB0000163044650B223F000470A2300284CBF9A
:103CC0007B1E16469A1BAA428C460DD27019C21A48
:103CD0000020CDE900602046194633460295CDF814
:103CE0000CC0FFF76CFF16E0ADB12768002858BF85
:103CF0002746B81961462A46EEF721F994F90B00D8
:103D0000B0F1FF3F06EB0500C6BF00F07F01E17296
:103D1000606000213954204605B0F0BD70B50646FC
:103D2000104614460D46EEF7A6F8034630462946DF
:103D30002246BDE87040AFF300802DE9F04385B026
:103D40001D46C37A044658B26668002858BF1E460E
:103D50008E4247D30F46A168904621F000420A21C7
:103D6000002848BF511E8A1BAA420CD27019421A61
:103D70000020CDE90070204633460295CDF80C8036
:103D8000FFF71DFF2AE04DB3D4F80090002858BF7C
:103D9000A146BE420ED009EB06004045404609EB65
:103DA000070188BF2844F21B414598BF8046481947
:103DB000EEF7C5F809EB070041462A46EEF7BFF8D3
:103DC00094F90B00B0F1FF3F06EB0500C6BF00F011
:103DD0007F01E1726060002109F80010204605B003
:103DE000BDE8F0832046FFF77EFE2DE9F041044652
:103DF00008468846EEF73FF805464FF6F870C7F6D6
:103E0000FF7085421BD20B2D03D22746E57265B9A0
:103E100010E045F00700461C30461DF0ADFC07469B
:103E200046F00040C4E90075A060384641462A4685
:103E3000EEF785F8002120467955BDE8F08120464F
:103E4000FFF74BFE10B50446D0E90101814209D0CD
:103E5000002200BF01F8082DA1604A704A60A168E5
:103E60008142F7D1206818B1E168091A00F022FDFB
:103E7000204610BD014646F20F70C0F6060000F065
:103E800007F801464CF2B800C0F6060000F000F852
:103E900084B0844601A80EC042F2C85001AAC1F203
:103EA000000061460092EEF708FBEEF7F3FDB0B5B7
:103EB00043F68932C5F2E652A1FB02234FEA536C66
:103EC0004EF20013C0F2F5530CFB13114DF6836351
:103ED000C4F21B33A1FB0332920C43F60953534344
:103EE000A1EB831541F25971CDF2B711A5FB011E6B
:103EF00042F6B831C0F6060101EB4C0411F81C3053
:103F0000647800F80A3B00F8094C01EB420311F811
:103F100012205B7800F8082C00F8073C4FEA5E326C
:103F200011F8124001EB42035B7800F8064C42F2B4
:103F3000107402FB145200F8053C93B29B0841F246
:103F40007B456B435B0C11F8134001EB43056D7827
:103F500000F8044C642403FB142200F8035C92B2C2
:103F600001EB420311F812105A7800F8021C00F815
:103F7000012CB0BD70B54EF20016C0F2F5561946D0
:103F800015460446104632460023EDF789FB00FB38
:103F900016514DF68362C4F21B32A1FB02239A0C28
:103FA00043F609535343A1EB831341F25971CDF208
:103FB000B711A3FB011642F6B831C0F6060101EBBA
:103FC000400511F810006D7804F80A0B04F8095C3C
:103FD00001EB420011F81220407804F8082C04F894
:103FE000070C700B11F8106001EB4002527804F8D6
:103FF000066C42F2107600FB163004F8052C82B2F3
:10400000920841F27B435A43520C11F8126001EBC3
:1040100042035B7804F8046C642602FB160004F883
:10402000033C80B201EB400211F81000517804F813
:10403000020C204604F8011C70BD10B544F2402C5F
:10404000C0F20F0C61450ED242F20F72914258D865
:10405000632900F2E180092900F26F8141F030010B
:1040600000F8011B10BD4EF20013C0F2F553994247
:104070007BD24DF68363C4F21B33A1FB033249F2BA
:104080007F63C0F2980399424FEA924300F2E380C3
:1040900043F609525A43A1EB821C48F6B952C0F2CA
:1040A0000602ACFB022103F1300242F6B83E027078
:1040B000C0F6060E1EF811200EEB41035B7842702D
:1040C00042F2107201FB12C183708AB2920841F26F
:1040D0007B435A43520C1EF812300EEB420C9CF8F4
:1040E00001C0C370642302FB131180F804C089B2BD
:1040F0000EEB41021EF811105278417182710730A7
:1041000010BD41F25972CDF2B712A1FB022348F261
:104110009F62C0F2010291424FEA533200F2DC800A
:1041200042F03003037042F2107302FB131141F2AC
:104130007B424A4342F6B83CD20CC0F6060C1CF84F
:1041400012300CEB420E9EF801E04370642302FB38
:10415000131180F802E089B20CEB41021CF8111037
:104160005278C1700271053010BD4CF6FF12C3F6D3
:104170009A32914200F2DD8043F68932C5F2E6526E
:10418000A1FB0224620E02FB13114DF68362C4F2FE
:104190001B32A1FB02239A0C02FB1C1E41F2597137
:1041A000CDF2B711AEFB011C302141EA5461017020
:1041B00042F6B831C0F6060101EB420411F81220B4
:1041C0006478427084704FEA5C3211F8123001EB6F
:1041D00042046478C37042F2107302FB13E204716C
:1041E00093B29B0841F27B4463435B0C11F813408C
:1041F00001EB430C9CF801C04471642403FB1422BE
:1042000080F806C092B201EB420311F812105A78FE
:10421000C1710272093010BD8AB2920841F27B432B
:104220005A43CB087C2B4FEA524200F2938064231E
:1042300002FB131142F03002027042F6B83289B22A
:10424000C0F6060202EB410312F811105A784170D1
:104250008270033010BD03FB1C1E41F25971CDF278
:10426000B711AEFB011C42F6B831C0F6060101EBF6
:10427000430211F813305278037042704FEA5C32F7
:1042800011F8123001EB420C9CF801C0837042F22D
:10429000107302FB13E480F803C0A3B24FEA930C3F
:1042A00041F27B430CFB03F35B0C642201EB430CF8
:1042B00003FB124211F813E09CF801C092B280F89F
:1042C00004E080F805C001EB420311F812105A789F
:1042D0008171C271083010BD42F6B83CC0F6060CC0
:1042E0001CF812300CEB420E9EF801E0037042F213
:1042F000107302FB131141F27B438AB292085A43B6
:1043000080F801E0520C1CF812300CEB420E9EF8C3
:1043100001E08370642302FB131180F803E089B28B
:104320000CEB41021CF811105278017142710630F9
:1043300010BDBDE81040FFF7BABD42F6B832C0F676
:10434000060202EB410312F811105A780170427014
:10435000023010BD42F6B83CC0F6060C1CF8123014
:104360000CEB420E9EF801E00370642302FB131174
:1043700080F801E089B20CEB41021CF81110527870
:104380008170C270043010BD2DE9F0471446064616
:104390002BB930462146BDE8F047FFF74EBE4EF23E
:1043A000FF3AC5F20B4A4FF00209BAEB04001D4672
:1043B00079EB030019D24EF20042C5F20B422046BF
:1043C00029460223EDF76CF9074688463046394600
:1043D000FFF733FE0AF10101A7FB012307FB0933B5
:1043E000064608FB0130A41A8541304622462B467A
:1043F000BDE8F047FFF7BEBD80B5D0F800E0DEF8BD
:104400000030CBB1DEF804209C469A42714609D0B8
:10441000002100BF22F8081D9A425160FAD10168BC
:10442000D1F800C0CEF804308868A0EB0C016046DB
:10443000BDE8804000F03EBA80BD000070B5D0E914
:10444000003E4A68B3EB0E0402EB040C0FD01A4690
:10445000644600BFF2E80256E4E802567245F9D11C
:10446000002200BF1A805A6008337345FAD1C1F8A0
:1044700004C00268C0E900C24A608A6843684260BA
:10448000CA688B60836882604868CB60086070BDD2
:1044900070B586B0044650F8083F22680D46991A58
:1044A000B5EBE10F17D9B5F1005F16D26168059041
:1044B000E8008E1A1DF060F90190811900EBC5002B
:1044C00001ADCDE90211049020462946FFF7B6FF61
:1044D0002846FFF7B7FC06B070BD2046FFF70AFB81
:1044E000D0E900239B1AB1EBA30F4FEAA30302D933
:1044F000C91A00F006B899423CBF02EB8101416045
:1045000070472DE9F04F81B08346D0E901700D4628
:10451000C11BB5EBA10F20D9DBF800A0A7EB0A085F
:1045200005EBA804B4F1804F44D2A0EB0A094FF682
:10453000FC70B4EB690FC7F6FF7038BF4FEA69042F
:10454000814528BF6FF040448CB1B4F1804F34D224
:10455000A0001DF011F907460AE02DB1A900384668
:10456000EDF7D0FD07EB8507CBF804701FE00027BF
:104570004FEAA80007EB8006A900304607EB840449
:10458000EDF7C0FD38465146424606EB8505EDF78E
:1045900018FDBAF1000FCBE90075CBF8084006D042
:1045A0005046494601B0BDE8F04F00F083B901B074
:1045B000BDE8F08F5846FFF7A5FA00F019F9D0E9E9
:1045C00000C3A3EB0C03B1EBE30F4FEAE30302D903
:1045D000C91A00F035B899423CBF0CEBC1014160EB
:1045E00070472DE9F047054604688068A0EB040891
:1045F000B1EBE80F98BFBDE8F0870F46B1F1005F5F
:104600001AD26868A0EB0409F8001DF0B5F821463D
:104610004A46064600EB090A00EBC707EDF7D1FC56
:10462000C5E9006AAF602CB120464146BDE8F047BD
:1046300000F040B9BDE8F0872846FFF769FA0000AE
:104640002DE9F04F81B00446D0E901030F46191A55
:10465000B7EBE10F914620D9D4F800B0A0EB0B08DE
:1046600007EBE805B5F1005F51D2A3EB0B0A4FF65B
:10467000F870B5EBAA0FC7F6FF7038BF4FEAAA056E
:10468000824528BF6FF06045ADB1B5F1005F41D202
:10469000E8001DF071F806460EE057B1D9E9002395
:1046A00000EBC701FF0000BFE0E80223083FFBD199
:1046B0000846606028E000264FEAE80006EBC001EB
:1046C00001EBC7010091D9E90012C000FB0000BF57
:1046D00037183150083B00F108007A60F8D13046B5
:1046E0005946424606EBC505EDF76BFC0098BBF159
:1046F000000F26606060A56006D05846514601B0A4
:10470000BDE8F04F00F0D6B801B0BDE8F08F20460C
:10471000FFF7FEF900F06CF82DE9F04184B00DF1DF
:1047200005058046B1F1FF3F05F10B0201DD28468A
:1047300004E0681C2D2349428DF80530131A092B1B
:1047400018DC41F00104B4FA84F4C4F1200440F20E
:10475000D146664342F69037340BC0F6060757F849
:1047600024704FF0FF3C8F4288BF0CEB1634671C5F
:104770009F4202DCFFF761FC0246531B404629467C
:10478000FFF7F0F904B0BDE8F081B0B586B00DF1E7
:10479000030504462846FFF7F7FD0246431B204663
:1047A0002946FFF7DFF906B0B0BD44F2C830C1F2C8
:1047B000000000687047000001A0FFF769FB00BF20
:1047C0006261645F616C6C6F6320776173207468F1
:1047D000726F776E20696E202D666E6F2D6578631F
:1047E000657074696F6E73206D6F64650000000002
:1047F00001A0FFF74DFB00BF6261645F61727261EF
:10480000795F6E65775F6C656E677468207761733A
:10481000207468726F776E20696E202D666E6F2D22
:10482000657863657074696F6E73206D6F64650081
:1048300000207047B0B514460D46F6F74AFB2946EE
:104840002246F4F74CFEB0FA80F04009B0BD0438BF
:10485000FEF714B8014642F68040C0F6060000F1AB
:10486000080248300860486841F8042C00224A6079
:1048700028B180B5012100F01DF8BDE880407047E7
:1048800080B5FBF703FF44F20410C1F20000BDE85D
:104890008040FBF775BE10B50C46FBF7F7FE44F2FF
:1048A0000410C1F200002246BDE81040FBF7DCBE58
:1048B000ECF771BEFFF7FCBF10B540F67F74C1F294
:1048C0000004207827F054FC0021217010BD27F04F
:1048D00091BC002070474FF0FF30704700207047B8
:1048E000012070474FF0FF3070470020704770473D
:1048F000EEF7D0F844F6B070C1F20000016891F80C
:10490000201019B14068022113F0B4B97047C0B14A
:1049100052EA030149F67023C0F20B03C2F30F21E0
:1049200043EA026204BF03F1085222210A23C6F2BD
:1049300001336FF07F4CC0E90021C0E9023C002048
:1049400000E0FF2040B2704758B180B5383006A172
:10495000EDF702FC002818BF4FF0FF30BDE88040A3
:1049600000E0FF2040B27047455854001BF086BF5E
:104970001BF0ADBF1CF035B81CF05DB810B545F6A6
:104980004064C0F60604002818BF044620791BF0D6
:104990006BFE10B12068B0B380471CF014F910B161
:1049A000206880B380471CF07CF810B1206850B3B9
:1049B000804745F2906445F6D050C1F20004C0F63D
:1049C0000600214640221BF0F1FE2078042804D185
:1049D000607810B9A078032813D045F6D054C0F6FB
:1049E000060445F69051C0F60601204640221BF011
:1049F0000DFF45F29061C1F20001204640221BF0FC
:104A0000D5FE002000E0FF2040B210BD1BF056BED6
:104A10001BF06BBE1BF083BE1BF0A6BE00207047D0
:104A20001CF077B91CF098B91CF0BCB91CF04FBA57
:104A30001CF072BA1BF01ABFD0B14168C1B180B589
:104A400084B0D0E90012806844F28C53C1F20003B4
:104A500098604DF23D10C0F60200039001A8C3E932
:104A60000012CDE90112FEF751FA04B0BDE8804012
:104A7000704780B584B027F0C3FF43F6BC61C1F234
:104A8000000108600220002128F0C4F844F210015F
:104A9000C1F20001086029208DF806004FF40230B1
:104AA00002900120ADF80C008DF80E00FBF7EEFD32
:104AB0000DF10601FBF7EAFC04B080BD2DE9F04FD3
:104AC000DBB01C4616468A46804611F0E2F890F8A4
:104AD0004900012840F03A8144F645704FF0000B40
:104AE000C0F23F008DF868B0199003F039F84146E4
:104AF00003F02EF80DF1640911902EB1706896F84C
:104B000000B0002818BF8146FEF7FAF94FF47A7218
:104B1000002307460E464FF47A75ECF7C1FD00FB03
:104B200015720023ADF862204FF47A72ECF7B8FDED
:104B3000ADF8602044F24022C0F20F023846314600
:104B40000023ECF7ADFD3C220023ECF7A9FD8DF826
:104B50005E2048F20072C0F293323846314600239C
:104B6000ECF79EFD3C220023ECF79AFD8DF85D20CA
:104B70004AF20042CDF29362384631460023ECF708
:104B80008FFD18220023ECF78BFD8DF85C2046F298
:104B90000002C1F6D752384631461423ECF780FDA7
:104BA000B8F1000FADF85A001CD05AEA040035D114
:104BB000002013AE8DF84B000DF15A010DF14B02A0
:104BC0003046FEF785FC9DF95700139F002858BF1B
:104BD0003746119BCDE9009BB7A21AA84FF480710C
:104BE0000297A3E00020BAF1000F52D013AE8DF867
:104BF0004B000DF15A010DF14B023046FEF768FCF7
:104C00009DF95700139F002858BF3746B1A21AA834
:104C10004FF480714B46CDE9007A87E0BAF1000F7E
:104C200018BF002C4CD1BAF1000F40F00481002CC9
:104C300000F0018100208DF84B0013A80DF15A01FE
:104C40000DF14B02FEF744FC9DF957002768002840
:104C5000E088139D1090D4E902600F9020790E90A7
:104C600060790D9013A858BF0546384610F08BFBAD
:104C70000F994BF6377207910E99C0F6060208910C
:104C80000D990696CDE90910CDE9009BCDE90257B3
:104C900046E013AE8DF84B000DF15A010DF14B02B9
:104CA0003046FEF715FC9DF95700139F002858BFAA
:104CB00037468EA21AA84FF480714B46009735E014
:104CC00000208DF84B0013A80DF15A010DF14B0295
:104CD000FEF7FEFB9DF9570027680028E088139E29
:104CE0001090D4E902500F9020790E9060790D90C9
:104CF00013A858BF0646384610F045FB0F994BF6EF
:104D0000877207910E99069508910D99CDF82CA000
:104D1000CDE90910CDE9009BCDE90267C0F6060296
:104D2000DDE910731AA84FF480710497ECF746FD83
:104D30009DF95700B0F1FF3F05DC1599139821F05C
:104D40000041FFF7B7FD1AA822F01AFAB8F1000FD8
:104D50006ED064B120796179382202EAC00001F096
:104D60000F012268D4E90237E688890105E00022B4
:104D7000002600200021002300271A92ADF86E6063
:104D80005246A8F10106BAF1000F18BF0122CDE981
:104D90001C3706F0070343EA8222104340EA01026F
:104DA00043F6BC6641F61831C1F20006C0F60601B2
:104DB00030680968ADF86C2027F0AEFE04F054FEB0
:104DC0001AA9524604F05CFF10F0F1FB10F0FCFD54
:104DD000306827F07FFEB8F1050F29D100200121AE
:104DE00000220323002513F059F80146FE2015F098
:104DF00057FC0221817511F0A4FB214611F002FC41
:104E000010F0D5FB012110F0D4FD11F09AFB11F048
:104E1000A1FB4FF0804112F02DFF8DF8685010F08B
:104E2000C6FB1AA910F0B6FB9DF86800022825D130
:104E30005BB0BDE8F08FBAF1000F3FF484AF002CF7
:104E40007FF481AF002013AE8DF84B000DF15A01B5
:104E50000DF14B023046FEF73BFB9DF957001399CD
:104E6000002858BF3146119B029109A21AA84FF49D
:104E70008071CDE9009BCDF80CA057E744F21000FB
:104E8000C1F2000000684FF0FF3127F073FE00BF51
:104E90005B25735D202825732074736B2564204087
:104EA0002573292D3E207B7D3A202E2E2E20494E23
:104EB000464F203D202573005B25735D2028257318
:104EC0002074736B256420402573292D3E202E2EDF
:104ED0002E0000005B54524143455D20282573207D
:104EE000402573292D3E2025732E00005B5452412E
:104EF00043455D2028257320402573292D3E202E13
:104F00002E2E000000281ABF00210170FE2148B299
:104F100070474FF0FE0238B131B191E80C10C9680A
:104F200080E80C100022C16050B27047D8B10B4627
:104F30000178032910D0022907D0012913D18268F2
:104F40008AB14168104616F049B982685AB1416881
:104F500010461A4616F031B9416821B1D0E9022055
:104F600020B116F013B9FF2040B2704780B510464B
:104F700088470020BDE88040F6E7002814BF00788D
:104F80000020704750B10178032909D0022903D0CD
:104F9000012903D1416809B1082102E000207047CE
:104FA00004214058002818BF0120704780B506F042
:104FB0002BFA04211022012306F030FA002101709F
:104FC00080BD38B14FF0030C80F800C004300EC033
:104FD000002000E0FE2040B2704728B1012303709A
:104FE000C0E90112002000E0FE2040B27047002816
:104FF00014BF406800207047002814BF00680020DC
:10500000704700002DE9F04782B04FF0FE04F8B180
:105010008946E9B19846DBB107464046164609F095
:1050200064FE484609F0F2FD0446484609F0F3FDE7
:105030000546204609F0ECFE48B16DB1786820B114
:1050400009F14002314602F054F8002400E0FF2448
:1050500060B202B0BDE8F08720460021002209F0CE
:1050600097FE3868D9F8041009F12006324607F097
:10507000F3FF10B1304607F08FFDD7F808A0404687
:1050800009F033FED9F8300090B199F801000128F9
:1050900025D1022088F8010099F8001098F8000046
:1050A00089062ED500F0FC00013088F8000028E0C9
:1050B00099F8000000248006CAD598F80000A8F8E6
:1050C000024000F0FC00013088F80000D9F804101C
:1050D00099F80120C8F8041088F8012011E099F827
:1050E0000010890602D44FF0000853E098F8000041
:1050F00000F0FC00013088F8000099F8011088F8F1
:105100000110746996E8AE0008F1200CC8F834402C
:105110008CE8AE00B16900F0F700C8F8381099F8D3
:105120000010042211F00801014488F8001099F8D9
:10513000000001F0FB0102EA9000014488F8001031
:10514000D9F804204FF00001A8F80210C8F8042094
:1051500014BFD9F80C104FF0FF31C8F80C1020B96B
:105160004FF0FF304FF0FF3103E015F073FE15F004
:105170007FFEC8E9040108F14000414600220023F7
:10518000002409F029FED9F8300000283FF460AF70
:1051900099F80100052801D0032805D1304607F011
:1051A00008FE00283FF451AF304607F045FDBAF144
:1051B000000F05D0012803D1304607F023FD68B366
:1051C00099F80100002101380428ADF806103FF6D7
:1051D0003CAF09F14007DFE800F02D03440327004E
:1051E000D9F80810304602223B4607F0EBFD99F84B
:1051F0000100022803D13046394607F07AFDB8F1A4
:10520000000F1CBF99F8000010F020003FF41DAF04
:1052100099F8010004287FF418AF3EE05046494653
:10522000424608F01AFE10E7304601213A4607F0E0
:105230006FFD25E0D8F808200DF106033046002167
:1052400007F0B9FCBDF8060098F80010A8F80200B5
:10525000A8F84200D8F80800C8F8480021F0030078
:1052600020E0D9F83000B9F80210008881427FF4BC
:10527000ECAED9F80810304601223B4607F066FD37
:1052800000287FF4E2AEB8F1000F3FF4DEAE99F8EB
:10529000000010F020003FF4D8AE98F80000022182
:1052A00061F3010088F80000CFE60000B0B582B0DD
:1052B00042F640650446C0F6060550B902F050FCBF
:1052C00045F6D30310A2C0F606030521009502F0AF
:1052D00024FC02F045FC216845F6D30311A2C0F678
:1052E0000603002918BF0121009502F00FFC06F00B
:1052F0008BF804210C22012306F090F894E80E00AC
:1053000080E80E0002B0B0BD656F5F6167656E74C6
:105310005F4E657728293A204E554C4C20636667CE
:1053200000000000656F5F6167656E745F4E6577B2
:1053300028293A204E554C4C206366672D3E6E76E8
:105340007365740070B584B00E46002A4FF0FE01FC
:1053500065D0002E63D0002861D01C46002B5ED0A3
:105360002046154609F0C1FC2878698800F03C0009
:105370008DF808006878ADF80A1069688DF80900A2
:10538000039109F045FDF0B1D6E900CED6E902233C
:10539000D6E90410C4E90A23C4E90C10C4E908CE14
:1053A000B069DDE90212A06302A8C4E9001209F0A5
:1053B000E1FC012809D1A96849B16A88A068628026
:1053C000ECF778FD0DE0FF2129E0002008E0A2685D
:1053D0000DF106033046002107F0EDFBBDF8060095
:1053E0006080287800074CBFE8684FF0FF30E0602D
:1053F0002878089D400704D44FF0FF304FF0FF316C
:1054000003E015F027FD15F033FDC4E904012DB1CB
:1054100020786178628809F084FC2880002148B2F5
:1054200004B070BD42F24801C1F2000108680028D2
:1054300018BF084670470000F0B581B042F2480638
:10544000C1F200063268002A61D10C46054602F01E
:1054500087FB42F6406745F299732946C0F6060776
:105460002EA2C0F60603002D18BF0121009702F0FE
:105470004DFB28786F78022803D1FF2F01D075608B
:105480000EE002F06DFB42F6206545F29973C0F61E
:1054900006052CA2C0F606030521009502F03DFB8F
:1054A000022FB460377507D0012F02D047B9002012
:1054B00004E04FF4004001E04FF4003030610EE0B2
:1054C00002F04EFB42F6206745F29973C0F60607DC
:1054D00026A2C0F606030521009702F01EFB4BF63C
:1054E00019074BF635104BF609014BF6B5024BF692
:1054F0002903C0F60407C0F60400C0F60401C0F694
:105500000402C0F60403009715F05EFA306042F220
:105510004800C1F2000001B0F0BD00BF656F5F61DF
:10552000726D656E765F496E697469616C697365E9
:1055300028293A204E554C4C206D6F64696E666F79
:1055400000000000735F656F5F61726D656E765F6E
:105550007072657061726528293A2077726F6E6784
:10556000206D6F64696E666F00000000735F656F89
:105570005F61726D656E765F7072657061726528CD
:10558000293A20756E737570706F7274656420703F
:10559000726F6300F0B581B048B114463AB11D4650
:1055A0002BB10278064668180F46904201D901B027
:1055B000F0BDB178884213D9C3B29A4210D3C2B2B7
:1055C00091420DD0134638BF0B4688BF0A4671780A
:1055D000B07011FB0360D21A04305143ECF770FD38
:1055E000717811FB0760043001FB05F2214601B020
:1055F000BDE8F040ECF75EBC38B182788A4204D94D
:10560000427812FB0100043070470020704718B147
:1056100001788078081A00E00020C0B270470028A6
:1056200014BF00780020704730B101788078401AAC
:10563000B0FA80F04009704701207047002814BF7D
:105640004078002070472DE9F04116460C4605468B
:105650004FF000084FF000075AB905F0D5FE0421BD
:1056600014FB05118AB204210123012705F0D6FE9F
:105670000646301D04FB05F1F7703570747086F82E
:105680000280ECF71DFD3046BDE8F08138B181782D
:1056900000290FBFFF2001398170002000E0FE20AB
:1056A00040B2704710B5044600284FF0FE0018BF06
:1056B000002901D140B210BD2278A078904201D1DA
:1056C000FF20F7E7627812FB00400430ECF7F2FBB2
:1056D000A0780130A0700020ECE710B540B101784F
:1056E00042780024847004305143ECF7E9FC00E078
:1056F000FE2460B210BD28B182788A4202D00378BD
:105700008B4200D2704780B50B468C468A4238BF28
:10571000134688BF94464278817012FB0300ACEBBD
:10572000030104305143ECF7CBFC80BD002814BFCB
:1057300080780020704741F28C01C1F200010868B6
:10574000002818BF0846704741F28C01C1F20001E1
:105750004968002818BF0846704741F28C01C1F221
:1057600000010968002818BF084670472DE9F0417C
:105770008EB042F6C06141F28C08C0F60601C1F25B
:105780000008D1E9082CD8F800600A92002ED1E96F
:10579000002601F10807B0CF4B690292D1E906213A
:1057A000CDE90364CDE90557CDE907320991CDF87C
:1057B0002CC066D142F69856C0F60606002818BFDF
:1057C0000646306842F64064C0F6060450B902F05E
:1057D000C7F945F6E6032EA2C0F60603052100949C
:1057E00002F09BF9708948B1B08938B1F08928B1CD
:1057F000308A18B1708A08B1B08A50B902F0B0F995
:1058000045F6E6032FA2C0F606030521009402F038
:1058100084F9D8F804406CB9707FB16907F088FC4E
:1058200033687F220127C0F200120021044600974E
:1058300007F030FBD6E90001D6F80E300078D6F834
:105840000A2088F80800D6F812000292CDE9033049
:10585000308906F12002ADF818000020059108906B
:1058600007CA337F0990B069C8F804400A9002A8BB
:1058700007948DF82C30CDE90C120CF076FEC8F8A8
:10588000000041F28C00C1F200000EB0BDE8F081D2
:10589000656F5F626F6172647472616E7363656974
:1058A0007665725F496E697469616C6973652829F0
:1058B0003A204E554C4C206E767365746272646368
:1058C00066670000656F5F626F6172647472616E1B
:1058D000736365697665725F496E697469616C6945
:1058E000736528293A2061206366672D3E73697AC3
:1058F00065732E6669656C64206973203000000052
:1059000041F29801C1F20001002818BF01F13800EE
:10591000704741F29801C1F200010878002818BFD1
:1059200008467047B0B541F29804C1F200042178EE
:10593000012932D042F6C451C0F60601002818BF32
:10594000014643F63C20C0F60600D1E9001200688B
:10595000C4E90112904218BFB2FBF1F020740CF0C0
:10596000C5FCE06003200A2100220025FFF76BFE42
:10597000A062FFF7B2FE04F12C004FF48A71C4E973
:105980000655C4E90855ECF7BDFBFFF70FFBC4F85B
:105990004001FFF7B7FA0120207041F29800C1F2F0
:1059A0000000B0BD2DE9F04F85B0804600284FF0D3
:1059B000FE0000F0DA809A46002B00F0D68041F21B
:1059C0009809C1F2000999F82200002800F0C88067
:1059D00001F0010609EB4604A08DC1F343052946F9
:1059E00001F0F8FA002800F0BB80049409F13804B3
:1059F00004EB46000430294601F0F8FAC6EB061025
:105A000004EBC000BAF8041000EBC507B983DAF85C
:105A10000000B86115F01EFA15F02AFAD9E906233C
:105A2000D9F82840801A99414FF47A720023EBF795
:105A300037FEF8832046FFF779FE002876D004462B
:105A40004FF0000BD9F828005FFA8BF1FFF7D4FD77
:105A500040B1074600EB4600C088294601F0BAFA7B
:105A6000012806D00BF1010B5FFA8BF0A042E9D3BD
:105A70005CE038789AF80010DDF810B08842CDE983
:105A8000021004D00BF14400294601F0AFFA3C4665
:105A900014F8040F08B97979A9B1564636F8041FED
:105AA0002288914205D00BF14C00294601F09EFA64
:105AB00020783178814204D19AF8050079798842BA
:105AC00001D0012200E000223C4614F8016F26B903
:105AD000B87810B9F87800284BD00AF1010B019280
:105AE000584621460322ECF79AF928B10498294632
:105AF000483001F07BFA26789BF80000B04215D1BF
:105B00009AF80200B978884210D1DDE9021000232A
:105B1000401A18BF01209AF80310FA78914238BF52
:105B20000123019918430843C00707D0012089F8D1
:105B3000390004982946403001F058FAB9F82C0091
:105B4000B9F83C1088420DD1B9F82E00B9F83E10D2
:105B5000884207D1012089F83800404600F012F948
:105B6000002002E0002089F8380040B205B0BDE80E
:105B7000F08FDDE90210401AB0FA80F0400982F09F
:105B800001010842D2D0D9E788B180B541F298002E
:105B9000C1F2000090F8391090F83800B1FA81F1A4
:105BA000490916F051F80020BDE8804000E0FE20D1
:105BB00040B270472DE9F04F8FB0054600284FF0F6
:105BC000FE0000F0DB800E46002900F0D780304652
:105BD0009146FFF7ABFD002800F0CF8041F2980816
:105BE000C1F20008044698F82200012802D1284694
:105BF00000F0C8F8D8F828000595FFF76EFD0025DD
:105C000008F12C004FF48A71C8E90655C8E9085517
:105C1000032C28BF0324ECF775FA00BFD8F82870CE
:105C2000E9B23046FFF7E8FC01463846FFF73AFD97
:105C30000135E8B2A042F1D3D9E900014FF0000BE1
:105C4000C8E90C014FF4807088F823B0A8F821004F
:105C5000A8F838B015F0FEF815F00AF9C8E9060101
:105C6000D8F82800CDE908BBCDE906BB88F824B0F8
:105C7000C8F82CB0FFF75AFD002855D045F64F0A5A
:105C80000646C0F6060A08F124004FF00009049009
:105C9000D8F828005FFA89F42146FFF7ADFC0746E3
:105CA000052000210FF0BBFB06903889ADF81CB031
:105CB000ADF81E0078887A7840BA39783B797D79DA
:105CC00040EA0240FA8843EA012140EA056041EADD
:105CD0000241CDE9080101F043FF012100225346B2
:105CE00006AD009501F019FF787858B9B87848B931
:105CF000F87838B9387928B9787918B904982146EC
:105D000001F0D2F8F888B8F82C1009F1010908431D
:105D1000A8F82C003889B8F82E1008435FFA89F1EA
:105D2000B142A8F82E00B3D315F0ECFE98F8380075
:105D300008BB06AC20462021ECF7E4F914F0B6FDD0
:105D400014F0BDFD4BF6B921059A0346C0F60401D7
:105D50002046FFF736F943F62022C0F60602D8F8AF
:105D60000410D8F80C00D2E900230127CDE9001770
:105D700002940CF02FFB002000E0FF2040B20FB097
:105D8000BDE8F08F20B370B515F064F815F070F829
:105D900041F29804C1F20004D4E90623801A994123
:105DA0004FF47A720023EBF77BFC94F8381094F8E8
:105DB00039600129608708BF002E0BD0E068B6FA71
:105DC00086F14D090CF07AFB94F83800294606E07C
:105DD000FE201CE0E0680CF071FB0120012115F0B1
:105DE00033FF236B0020C4E906002062606263B1C8
:105DF00094F83810B6FA86F04209002918BF01213C
:105E0000606B0A40214698470020BDE8704040B2D0
:105E10007047C8B141F29802C1F2000292F8231013
:105E200000294FF0000110D092F822306BB192F8A7
:105E30002110012908BFFFF7A5BF80B515F062FE4C
:105E40000021BDE8804000E0FE2148B2704700001C
:105E5000002800F087802DE9F04F85B08A4603299D
:105E60004FF0FF0000F281809346072A7DD81C4640
:105E7000002B7AD042F66051C0F6060101EBCA0150
:105E800011F80B10C9B20A2903916ED8204601F00F
:105E900082F9002868D0204601F07DF901065FD024
:105EA00042F60C71039BC0F60601CD5C8AF002013C
:105EB0008BF0060211430AF0FD0218BF0121013ADE
:105EC00041F2580618BF01221140C1F200060091AC
:105ED00006EB83010831029100215FFA80F84FF050
:105EE000000900BF89B2204601F053F90746407807
:105EF000A8422FD23878716800F0010251F82210C0
:105F0000C0F3430051F82000049018B300785146C4
:105F10005A460DF0E9FDE8B103980A2811D8049813
:105F200003990190043001F061F8009848B938787D
:105F300002227B78A02838BF42090198514616F00A
:105F4000ACF802987978006850F8210004A9FFF7AE
:105F5000A9FB00BF09F101095FFA89F14145C1D3ED
:105F6000002002E0FE2003E0FF2005B0BDE8F04F76
:105F700040B2704768B12DE9F04F83B089460329DC
:105F80004FF0FF0098BF072A06D903B0BDE8F04FD5
:105F900000E0FE2040B270471C46002BF5D042F6D0
:105FA0006051C0F6060101EBC901895C5FFA81F816
:105FB000B8F10A0FE9D8204601F0EDF8002855D0D5
:105FC000204601F0E8F801064ED042F60C71C0F60A
:105FD000060111F8085009F0FD01019141F2580144
:105FE000C1F2000101EB88010831029100215FFA42
:105FF00080FB4FF0000A00BF89B2204601F0C9F8CB
:1060000007464078A84229D241F258013878C1F2B7
:106010000001496800F0010251F82210C0F343006A
:1060200051F82060D6B1B8F10A0F10D8301D4146A2
:1060300000F0D4FF0198012809D138780222A02865
:1060400038BF4209304649460F2316F026F8029918
:106050007878096851F82000FFF718FB0AF1010A67
:106060005FFA8AF15945C7D300208EE7FF208CE7FD
:1060700041F25800C1F20000406801F0010250F8FE
:10608000220001F01E0150F81100002814BF007812
:10609000FF207047002A68D02DE9F04F83B01046EA
:1060A000984615460C46FFF718FB204611F0ECFE0B
:1060B0000646204611F0EAFE0746204611F0E9FEAA
:1060C0000446032E4FF0FF0098BF072F50D842F62A
:1060D0006050C0F6060000EBC600C05D0A2846D836
:1060E00042F60C71C0F60601095C8C423FD841F2C1
:1060F0005801C1F2000101EB8000806850F824B023
:10610000BBF1000F33D05846FFF710FB78B382463F
:106110004FF00009CDE900845FFA89F15846FFF796
:106120006BFAB8B180460068A0B1047831462046C9
:106130003A460DF0D9FC01280CD1D8F80000019A9C
:10614000314615F088FF8DF80B0028460DF10B0144
:10615000FFF7A8FA09F101095FFA89F05045DBD38E
:10616000009800B10470002002E0FF2003E0FF204F
:1061700003B0BDE8F04F40B27047F0B581B041F2D6
:106180005800C1F2000040680C4601F0010150F8CF
:10619000210004F01E0150F81170002F47D0164660
:1061A000032A4FF0FF0043D81D46072B40D842F684
:1061B0006050C0F6060000EBC600415D0A2936D8E3
:1061C000B88800F007FF90B3032E14D0012E0CD135
:1061D0003978E2B210294FF0FF0011DD112914D0F7
:1061E00015291BD0122919D022E0022E4FF00000F1
:1061F00008BF062D1CD1B87900F00F000F2812E05F
:10620000032907D0082909D012E05009032802D138
:10621000F87904E0500901280DD040B9F88800F061
:106220000F00C1B20F2908BF4FF0FF3000E0FF2080
:10623000C0B201B0F0BDB8790009F2E7002A57D02A
:106240002DE9F0470846984615460F4611F01CFE0A
:106250000646384611F01AFE0446384611F019FE7B
:106260000746032E4FF0FF0098BF072C43D842F695
:106270006050C0F6060000EBC600005D0A2839D861
:1062800042F60C71C0F60601095C8F4232D841F229
:106290005801C1F2000101EB8000806850F827A08E
:1062A000BAF1000F26D05046FFF740FA10B38146EE
:1062B00050460021FFF7A0F9824600683146007879
:1062C00022460DF011FCA8B1DAF80000089C314616
:1062D0003A4615F0C0FE28701CB1DAF800000078CC
:1062E0002070B8F1000F18BF88F80090002002E07D
:1062F000FF2002E0FF20BDE8F04740B2704741F2C6
:106300005800C1F20000704770B541F25804C1F264
:1063100000046168002940F08C8042F6CC51C0F640
:106320000601002818BF0146086841F25001C1F279
:1063300000010025C4E90001012004210022FFF72B
:1063400082F9A16841F8250001350C2DF4D1002512
:10635000012004210022FFF776F9E16841F82500C9
:1063600001350C2DF4D10120042100220025FFF776
:106370006AF921690022086001200421FFF763F90E
:1063800061690022086001200421FFF75CF9A1691E
:106390000022086001200421FFF755F9E16900227D
:1063A000086003200421FFF74EF9216A00220860EB
:1063B00003200421FFF747F9616A086001200421E6
:1063C0000022FFF740F9A16A41F825000135042DAC
:1063D000F4D101200421002201250026FFF733F922
:1063E000E16A0022086008200421FFF72CF9216BE4
:1063F0000022086008200421FFF725F9216B002204
:10640000486044F6A000C1F20000FE21CFF6FF7202
:10641000C6EBC60300EB4313002600BF9C19995539
:106420000E36E02E6260F9D10126EB074FF0000531
:10643000EED141F25800C1F2000070BD00284AD0F0
:106440002DE9F04F81B08B4600293FD0584600F02F
:10645000A2FE01063AD041F2580A44F6A00840F2E2
:1064600000090021C1F2000AC1F20008CFF6FF794D
:10647000C6B2002789B2584600F08BFE4378DAF89E
:10648000041003F0010251F82250C3F3430355F8FE
:106490002350ADB9C2EBC20208EB4212C3EBC303F7
:1064A000056802EB430442F81350C4F804904078A6
:1064B00000F0010251F82210C0F3430041F82040DF
:1064C0000137F9B2B142D5D3002000E0FF2001B07E
:1064D000BDE8F04F00E0FE2040B2704700284CD0ED
:1064E0002DE9F04F81B00C46002941D0204600F044
:1064F00052FE01063CD044F6A00B41F2580A00259A
:10650000C1F2000B4FF6FF784FF0FE09C1F2000A0E
:10651000C7B20020002600BF81B2204600F039FE3D
:10652000417801F00102C1F34301C2EBC2020BEB5F
:106530004212C1EBC10102EB41018A8892B94D6060
:106540000D608D818D60A1F8068081F80090407803
:10655000DAF8041000F0010251F82210C0F34300F1
:1065600041F820500136F0B2B842D5D3002000E007
:10657000FF2001B0BDE8F04F00E0FE2040B27047C0
:10658000B0B582B0144600200DF107020DF10603EC
:106590000D468DF807008DF8060015F09DFD18B129
:1065A0004FF0FF3002B0B0BD9DF8070042F6D45165
:1065B000C0F6060151F820009DF8061050F8312071
:1065C000002AEDD02846214602B0BDE8B040104771
:1065D00044F66420C1F20000704742F6D051C0F684
:1065E0000601002818BF0146096844F66420C1F27C
:1065F0000000016070472DE9F04186B00C46002193
:1066000000284FF0FE068DF807108DF806107CD09C
:10661000002C7AD0207810F0F00F26D044F66220BB
:10662000C1F2000001781546B9B94FF0010880F8B1
:106630000080022001210022FF23002711F02EFC00
:106640000646FFF75CFE44F66022C1F200023146C6
:1066500000230097FFF7F2FD48B144F66120C1F234
:1066600000000078012808D041E000264DE044F603
:106670006120C1F2000080F8008044F66020C1F281
:106680000000007800F00101A94230D1216811F426
:10669000C06F2CD1C1F30311C0F34300814226D156
:1066A00000202E2100260EF0BAFE02902068A1796B
:1066B0006FF31F3040EA0130ADF80E00204600F0C5
:1066C000FAFBCDE904010220002D08BF012021784A
:1066D0008DF80C0008098DF80D0001F041FA02AFA9
:1066E000032100220023009701F017FA0DE0A079A2
:1066F000082809D868B10DF107020DF106032046FC
:10670000002115F0E9FC58B1FF2670B206B0BDE8D3
:10671000F0812046294606B0BDE8F04115F033BDB2
:106720009DF8070042F6D451C0F6060151F820004A
:106730009DF8061000EBC1004268002AE4D0204614
:10674000294606B0BDE8F041104744F66C20C1F27E
:1067500000000178012918BF00207047B0B588B04B
:1067600044F66C24C1F200042178012900F0B180C4
:1067700042F6F051C0F60601002818BF0146D1E9E3
:1067800000CED1E90235D1E90420C4E90335C4E9DA
:106790000520C4E901CE88692021E0616846EBF755
:1067A000B1FC0020A4F801001EF044F901282CD10E
:1067B000207B50B3A17B41B38DF805104CF28B21A7
:1067C0008DF804000020C0F60401CDE902104CF25F
:1067D000A921C0F60401CDE904104CF2892101225F
:1067E000C0F60401C0F60B32CDE9061069460092EE
:1067F0008DF806001EF030F8002869D100201DF049
:10680000F9FF002864D10120607001201EF012F908
:1068100001282BD1607B48B3E17B39B38DF80400AC
:1068200000208DF806004CF28B208DF80510C0F684
:1068300004004CF2A92102900120C0F60401CDE928
:1068400004104CF289210122C0F60401C0F60B327B
:10685000CDE906106946009203901DF0FDFFB8BB1C
:10686000012001251DF0C6FF90BBA57043F638201E
:10687000C0F606000168A06801EB8101B0EB410F92
:1068800084BF4CF6C070C0F26A0026F02FFC207B5B
:1068900060B1A07B50B1002084F8200084F8210072
:1068A000FF20002126F0B6F9606288B1607B60B1FC
:1068B000E07B50B1002084F8280084F82900FF20F4
:1068C000002126F0A7F9E06210B10120207000E05D
:1068D0000024204608B0B0BD002854D02DE9F04F68
:1068E0008BB0084440780E4600284ED0984691461A
:1068F000002A4FF000044AD04FF0020A07AF0DF112
:10690000080B0025002E08BF4FF0010A304639461B
:106910000022CDE90944CDE907441DF085FFB8BB4D
:10692000FFF756FE39463246FFF765FE30B30020CA
:106930001B21CDE90444CDE902440EF070FD029024
:1069400007989DF822106FF31F3040EA0130ADF830
:106950000E00384600F0AFFACDE904019DF81C00A6
:106960008DF80CA000098DF80D0001F0F9F8032155
:1069700000220023CDF800B001F0CFF801354D45DD
:10698000C4D34D4604E0FE200BE0FF2006E00025C6
:106990000020B8F1000F18BF88F800500BB0BDE818
:1069A000F04F40B27047000028B32DE9F04381B0AA
:1069B0000446471C4FF0000801250DF10309002093
:1069C000395C71B1C6B2304649468DF803801EF07D
:1069D0001BF89DF8032022B1204631460023FFF723
:1069E0007BFF00210120EA074FF00005E8D101B04C
:1069F000BDE8F04300E0FE2148B270472DE9F047C2
:106A00008CB000284FF0FE0757D00E46002954D016
:106A100007AD8146284614219046EBF773FB102002
:106A200001212A46FEF70FFE8246FFF768FC414629
:106A3000524600230027FFF72DFBA8B100201D219F
:106A40000EF0EDFC02900020C0F69910CDE904870D
:106A5000039001F085F802AF042100220023009783
:106A600001F05BF8FF2728E0308871680297ADF8E5
:106A70000800504604970391FEF758FEE8B1064619
:106A800009F1010400250DF108080027E9B250467C
:106A9000FEF7B2FD007800F00101615C012908D128
:106AA0008DF810004846414615F08DFB002818BFB0
:106AB00007460135E8B2B042E8D378B20CB0BDE881
:106AC000F0872DE9F0418AB0044600284FF0FE001F
:106AD0003CD00E46D1B34FF0000807A81546CDF8BC
:106AE0002480CDE9078800F10807FFF708FC294654
:106AF0003A460023CDF80080FFF7A0FBA8B10020A4
:106B00001D210EF08CFC02900020C0F26660CDE9E1
:106B10000458039001F024F802AF0421002200235E
:106B2000009700F0FAFFFF2010E09DF8240000F02D
:106B30000100204440780028F5D030887168ADF815
:106B40001C00089107A9204615F03DFB40B20AB091
:106B5000BDE8F0814FF0FE03C0B1B9B102F001030E
:106B600003445B788BB180B584B0D1E900134FF05A
:106B7000000C8DE80A1069468DF8082015F023FBFB
:106B8000034604B0BDE8804000E0FF2358B27047E0
:106B900000281ABF01710020FE2040B2704770B378
:106BA000F0B581B00646084440780D4648B33079C8
:106BB00048B300203F278DF80300002D08BF13279E
:106BC0003846144620F078FA0DF1030128461DF0EE
:106BD000E9FE9DF8030006EBC50181F8210081F86C
:106BE0002000384620F06AFA9DF8030010B12846CC
:106BF0001DF028FF54B19DF80300207006E0FE2030
:106C000008E0FF2003E028461DF01CFF002001B033
:106C1000BDE8F04040B2704770B560B114460A4616
:106C2000002105460026FFF7BAFF2846012122462B
:106C3000FFF7B5FF00E0FE2670B270BD70B560B121
:106C40000D4600212A460446002600F009F8204699
:106C500001212A4600F004F800E0FE2670B270BD63
:106C6000D0B370B588B00C4601444978C1B30179FE
:106C7000A1B300EBC40515F8200F78B3686811467E
:106C800025F078FF4FF0000660B30DF11F0120469C
:106C90008DF81F601DF086FE002019210EF0BFFB4D
:106CA0009DF81F10029008020130ADF80E0002207E
:106CB000CDE90466002C08BF01208DF80C008DF88A
:106CC0000D6000F04DFF02AC04210022002300946F
:106CD00000F023FFFF2006E0FE2008E0002003E094
:106CE000FF2001E000202E7008B0BDE8704040B2E7
:106CF000704745F62860C0F606007047704710B52B
:106D000088B00020012100220323002411F0C6F8DE
:106D10000146FE2013F0C4FC84756C4620462021F9
:106D2000EBF7F0F90FF08AF90FF091F902462046DF
:106D30000121FEF752F90FF0F8FF2146002200234F
:106D400010F085F80FF0F1FF10F06CF830B10FF093
:106D500075F90FF07CF9012110F08CFF40F6B0704E
:106D6000C1F200000EF077FE08B010BD10B588B07B
:106D7000002001210022032311F090F80146FE209B
:106D800013F08EFC02216C46817520462021EBF722
:106D9000B9F90FF0D6FB0FF0DDFB024620460121CA
:106DA000FEF71BF90FF0C1FF21460022002310F06F
:106DB0004EF80FF0BAFF10F035F830B10FF0C1FB0C
:106DC0000FF0C8FB012110F055FF40F6B070C1F282
:106DD00000000EF069FE08B010BD10B588B00020AC
:106DE000012100220323012411F058F80146FE205E
:106DF00013F056FC84756C4620462021EBF782F98F
:106E00000FF032FC46F631110246C0F6040120466E
:106E10000023FEF7D6F80FF088FF0021224600235A
:106E200010F015F80FF020FC0FF002FE40F6B070E5
:106E3000C1F200000EF09EFE08B010BD40F6B0702A
:106E4000C1F200000EF0BFBE40F6B070C1F200000B
:106E50000EF0C2BE80B50FF007FC0FF01DFF40F62C
:106E6000B070C1F20000BDE880400EF0B6BE7047C1
:106E7000704770477047704700EE100A9FED031A85
:106E8000B8EEC00A20EE010A704700BF000080384B
:106E9000C84000F0010070470122037802FA01F1B6
:106EA00023EA0101017070470122037802FA01F11F
:106EB000194301707047002812BFD0E90201002079
:106EC000002170472DE9F0418AB0884600284FF034
:106ED000000142D0CDE90811CDE90611CDE9041138
:106EE00005A906AA09AB04AFCDE9003202911DA1A4
:106EF00008AA07AB0397EAF759FE099EB6F5006F9B
:106F00002ADA44F69C440127C0F6060408AD00BF07
:106F100054F827102846EBF71FF918B101370D2F49
:106F2000F6D119E00798B8B11F2815DC0699182981
:106F300012DC059A3D2A0FDA92026FF31F3600F039
:106F40001F0061F3491246EA073310440121A8F8F3
:106F50000030A8F8020000E0002108460AB0BDE8B1
:106F6000F08100BF25732025642025642025643A24
:106F700025643A2564000000C2F12003D04001FAE4
:106F800003F31843203A58BF21FA02F000F0010041
:106F900070470123C1F12002B1F1200C23FA02F263
:106FA00058BF03FA0CF203FA01F1D0E900C358BF4D
:106FB00000211A4341EA0C01C0E900127047084061
:106FC000401AB0FA80F040097047002814BF0068EA
:106FD00000207047C84000F001007047012203887C
:106FE00002FA01F123EA01010180704701220388BE
:106FF00002FA01F119430180704745F61E12C1B231
:10700000C0F60602000A515C105C0844C0B270472A
:107010000122038802FA01F1594001807047000003
:1070200099B110B584B0C0F3072CC0F3074ECDE979
:1070300000CE0FF2180CC3B2040E08461146624689
:107040000294EAF7BBFB04B010BD704725642E25FF
:10705000642E25642E25640050F8040C7047C84047
:1070600000F001007047B0B5054600284FF0FF0062
:1070700010D00C4671B1207880060AD5286940B13D
:107080000CF02AFA08B1FF2004E0286921460CF030
:107090002AFB002040B2B0BD40B3F0B581B0044639
:1070A00000690D460CF04CFBD8B120690CF048FB90
:1070B000A0B10646002700BF2069B9B20CF0CAF99A
:1070C00040B101460078800604D5A26812B1284676
:1070D000904700BF0137B8B2B042EDD320690CF041
:1070E000C5F9002001B0BDE8F04000E0FF2040B24B
:1070F00070474FF0FF0380B17AB113789B0709D036
:10710000C3684BB180B50846114698470023BDE8D7
:10711000804002E0FF2300E0002358B27047B0B582
:1071200082B042F68855C0F60605002818BF05460D
:10713000287810B304F068F904211822012304F020
:107140006DF9044695E80F004FF0000C84E80F003D
:10715000698849B1182000220023CDF800C0CDF87D
:1071600004C00CF0C3F984466868C4F810C0002855
:107170000CBF00208047606100E00024204602B080
:10718000B0BDFEF739BA7047002814BF80780020E0
:1071900070470CF05FB90CF0D3BA44F69C21C1F2F1
:1071A000000191F86400002818BF084670470000ED
:1071B000B0B500F069FA00F051FB0428014644F62E
:1071C0009C2428BF0421C1F20004217480B300254F
:1071D00000F05AFAE9B200F0BCFA44F82500207C2D
:1071E00001358542F4D3002504F114005021C4F880
:1071F0006550EAF787FF012084F8640045F2D86003
:10720000C1F200000580FE2001210222002311F0BE
:10721000C5FA44F21471C1F20001086050B900F0DF
:107220009FFC45F6720206A1C0F6060200F0BCFC07
:107230000020207444F69C20C1F20000B0BD00BFC5
:10724000656F5F63757272656E74735F7761746387
:1072500068646F675F496E697469616C69736528FA
:10726000293A204E554C4C206E765F636F6E7472D7
:107270006F6C6C65725F707472000000002A00F021
:10728000C580002800F0C2802DE9F04F81B02DEDBF
:10729000068BA2B044F69C26C1F20006307C002882
:1072A00000F0AE809FED5A8A9FED5A9A40F6A8757D
:1072B0009146C1F20005B6EE00AA4FF0000B002780
:1072C000029100BF39F9174038462146EDF7F9FE23
:1072D00000EE100A06EB0B00B8EEC00A90ED052A8E
:1072E00020EE001A90ED153A31EE421A21EE081AFE
:1072F00090ED090A33EE011AB5EE401AF1EE10FADC
:10730000B8BFB0EE491AB4EE401AF1EE10FA06EB2F
:10731000070A80ED151A03DD01208AF8650009E0EF
:107320009AF8650048B120EE0A0AB4EE401AF1EE70
:1073300010FA0FDD3846EDF7FAFC35F917000BF1BE
:10734000040B8442C8BF25F81740307C01378742C0
:10735000B8D341E00020CDE9200004200021002620
:107360000EF05DF81E902C48ADF87C602AA60590C2
:10737000AC46D6E90550D6E903230490F069D6E976
:107380000181039008A82CC006F12403D6F820E060
:10739000CDE906810FCBADF87E70CDE90DE0039805
:1073A00065460C900498CDE90F120B9096F83400C6
:1073B00011938DF8480000F0D3FB1EAE022105AA00
:1073C0000023009644F69C26C1F2000600F0A5FBBF
:1073D00000208AF86500B0E745F2D860C1F20000ED
:1073E000018801318AB2B2F5FA7F029A018007D38F
:1073F00044F21471C1F2000109680A82002101807F
:1074000022B0BDEC068B01B0BDE8F04F704700BF65
:107410006F12833A000000004570203C204932542E
:107420002F323A206E6F7720697420697320706F55
:10743000737369626C652070757420696E2069646D
:107440006C6520746865206D6F746F7200000000B9
:1074500030B344F69C20C1F20000027C8A4221D95C
:1074600050F8212000EB8100B2F95C10B2F95E20E7
:1074700000EE101A01EE102AB8EEC00AB8EEC11ADA
:1074800020EE000A21EE011A80ED050A30EE410AD5
:10749000B8EE081A20EE010A80ED090A002002E089
:1074A000FE2000E0FF2040B27047002814BF008992
:1074B0000020704738B1018829B1C1684288C0886E
:1074C00000FB021070470020704730B1018800892E
:1074D000081AB0FA80F04009704701207047000098
:1074E0002DE9F04F81B0984615460E46074603F049
:1074F0008BFF0421202201234FF0010903F08EFFAE
:1075000082460020CAF80000AAF8040000F028FB18
:1075100045F2AE6442F6406BC0F606043946C0F64A
:10752000060B2AA22346002F18BF0121CDF800B078
:1075300000F0ECFA00F014FB31462BA22346002E9B
:1075400018BF0121CDF800B000F0E0FA0A98012F31
:10755000CAF818000B98AAF80670AAF80A70AAF8D8
:107560000860CAE90458CAF81C0012D0022F02D1E0
:107570004FF002090DE0042F04D84FF00409AAF8D7
:107580000A9006E0F81D20F007004FF00809AAF85D
:107590000A0003F039FF49463A46334603F03EFFFE
:1075A000CAF80C0076B1044625B120464146A847EA
:1075B00005E000BFBAF806102046EAF781FD013E5B
:1075C0003C44F1D1504601B0BDE8F08F656F5F6477
:1075D000657175655F4E657728293A20302069749A
:1075E000656D5F73697A6500656F5F646571756568
:1075F0005F4E657728293A203020636170616369A6
:1076000074790000C0B110B50446008890B1E169FA
:1076100031B1E0686288E38803FB02008847208874
:10762000618822890131B1FBF2F3013803FB1211A9
:1076300020806180BDE810407047F8B1F1B110B50D
:10764000044600892288904216D0B4F804C0E2882B
:10765000E068A36902FB0C000BB1984701E0EAF770
:1076600029FCA08821890130B0FBF1F202FB110056
:107670002188A080481C2080BDE810407047002869
:1076800014BF00880020704710B544F61034C1F2D2
:1076900000042078012803D000F00AF901202070AE
:1076A00044F61030C1F2000010BD44F61030C1F2B3
:1076B000000090F88B208A4292BF002000EB8100EE
:1076C000806F704744F61030C1F2000090F88420BB
:1076D0008A4292BF002000EB81004068704744F668
:1076E0001030C1F2000090F884208A4292BF00203E
:1076F00000EB81004068704744F61030C1F2000092
:1077000090F884208A4286BF00EB81004068002008
:10771000002818BFF830704744F61030C1F200005E
:1077200090F888208A4292BF002000EB8100006F11
:10773000704744F61030C1F2000090F888208A4269
:1077400086BF00EB8100006F0020002818BF0830C2
:10775000704744F61030C1F2000090F885208A424C
:1077600092BF002000EB8100406B704744F6103060
:10777000C1F2000090F885208A4286BF00EB8100AC
:10778000406B0020002818BFA030704744F610302E
:10779000C1F2000090F88D208A4292BF002000EBD9
:1077A0008100D0F88000704744F61030C1F200002C
:1077B00090F88C208A4292BF002000EB8100C06FBD
:1077C000704744F61030C1F2000090F886208A42DB
:1077D00092BF002000EB8100406E704744F61030ED
:1077E000C1F2000090F887208A4292BF002000EB8F
:1077F0008100C06E704744F61030C1F2000090F86E
:1078000089208A4292BF002000EB8100406F7047C0
:1078100010B544F61034C1F200042078012803D0DA
:1078200000F046F80120207044F61030C1F200004C
:1078300010BD44F61030C1F2000090F88B00704784
:1078400044F61030C1F2000090F88400704744F60E
:107850001030C1F2000090F88800704744F61030F4
:10786000C1F2000090F88500704744F61030C1F274
:10787000000090F88D00704744F61030C1F200000F
:1078800090F88C00704744F61030C1F2000090F878
:107890008600704744F61030C1F2000090F887006F
:1078A000704744F61030C1F2000090F8890070472C
:1078B000F0B581B044F61035C1F20005281D7C21D9
:1078C000EAF720FCFE2001210022002610F036FFFE
:1078D00085F8846080B1044600270C2828BF0C245A
:1078E000FBB2FE200121002210F058FF05EB8701BA
:1078F0000137BC424860F3D1FE200121012210F083
:107900001DFF85F8856088B1044600260C2828BF35
:107910000C2400BFF3B2FE200121012210F03EFF33
:1079200005EB86010136B4424863F3D1FE20032102
:107930000022002610F002FF85F8866080B1044620
:107940000027022828BF0224FBB2FE2003210022C8
:1079500010F024FF05EB87010137BC424866F3D1E4
:10796000FE200221002210F0E9FE85F8876030B188
:10797000FE2002210022002310F010FFE866FE2006
:107980000221012210F0DAFE002485F8884030B18F
:10799000FE2002210122002310F000FF2867FE20B4
:1079A0000221022210F0CAFE85F8894030B1FE2083
:1079B00002210222002310F0F1FE6867FE2002215E
:1079C000032210F0BBFE002485F88B4030B1FE206E
:1079D00002210322002310F0E1FEA867FE2002210D
:1079E000042210F0ABFE85F88C4030B1FE2002215D
:1079F0000422002310F0D2FEE867FE2002210522B7
:107A000010F09CFE002185F88D1038B1FE20022177
:107A10000522002310F0C2FEC5F88000002001B04E
:107A2000F0BD012901D9FF2006E044F61030C1F273
:107A3000000080F88B10002040B270470C2901D95B
:107A4000FF2006E044F61030C1F2000080F88410F8
:107A5000002040B27047012901D9FF2006E044F61A
:107A60001030C1F2000080F88810002040B270474A
:107A70000C2901D9FF2006E044F61030C1F20000C5
:107A800080F88510002040B27047012901D9FF20FD
:107A900006E044F61030C1F2000080F88D1000209E
:107AA00040B27047012901D9FF2006E044F61030AA
:107AB000C1F2000080F88C10002040B2704702290B
:107AC00001D9FF2006E044F61030C1F2000080F832
:107AD0008610002040B27047012901D9FF2006E03E
:107AE00044F61030C1F2000080F88710002040B248
:107AF0007047012901D9FF2006E044F61030C1F299
:107B0000000080F88910002040B2704701B1704732
:107B1000009805210090AFF3008070B582B0069DFB
:107B2000002014460E46CDE9000313F093F913F03C
:107B30009AF900280CBF022013F074FA8DF80000A7
:107B40006A46304621462B4614F0CAFB02B070BD8F
:107B500041F6EC70C1F2000000EBC1000430704748
:107B600041F6EC70C1F20000704780B582B0184653
:107B700013460A4601210090FFF7CFFF02B080BDF7
:107B800042F60C61C0F60601002818BF01460968DC
:107B900041F6EC70C1F200000160704741F6EC70F4
:107BA000C1F2000001607047B0B582B000200D4600
:107BB000CDE9000213F04EF913F055F900280CBF7F
:107BC000022013F02FFA41F6EC71C1F200010C68AB
:107BD0008DF8000024B16A46002029460023A04702
:107BE00002B0B0BD10F048B844F6A030C1F20000B9
:107BF000017B012918BF0020704700002DE9F041EA
:107C000086B044F6A034C1F20004217B012948D09B
:107C100042F66065C0F60605002818BF05462046F6
:107C200029460C22EAF7FFF90020002607F0DDFFC5
:107C3000012001214FF0010824F0ECFF6B68606126
:107C400047F6E53029786A88C0F603004CF20D3714
:107C5000CDE902364CF2F13315A5C0F604070490C5
:107C6000C0F604030520CDE9007605950FF056FE19
:107C70002061012001212673A67324F0CBFFC4E903
:107C8000060604F134003021266284F82460EAF705
:107C900039FA00202686C4E90A6621F0F7F884F84C
:107CA0000C8044F6A030C1F2000006B0BDE8F081BF
:107CB0006574686D6F6E69746F72000070B5A8B1FD
:107CC0000D4644F6A03641F61831C1F20006C0F662
:107CD0000601B0690968144624F04CFFB069002120
:107CE000C6E90754002424F073FF00E0FE2460B2CC
:107CF00070BDB0B586B038B344F6A035C1F200050A
:107D0000687B0024012820D04CF22940C0F60400F2
:107D10002C86C5E90A4421F0B9F8012068730620D1
:107D200004210DF07CFBCDE90204CDE90444FFF70A
:107D300017FF45F6620302ADC0F6060304210022D8
:107D40000095FFF7EAFE00E0FE2460B206B0B0BD89
:107D50002DE9F04F87B0A0B344F6A035C1F200057D
:107D6000687B60B3D5E90A0108431DD006200321D2
:107D70000DF055FB0290288E0024ADF80E00D5E9D9
:107D80000A01ADF80C40CDE90401FFF7E9FE45F624
:107D9000620302AFC0F60603042100220097FFF73A
:107DA000BCFE2C86C5E90A44A87B40B141F61431DB
:107DB000C0F606016869096824F0DCFE30B10024D1
:107DC00000E0FE2460B207B0BDE8F08FA87B002879
:107DD00000F098804FF0000ACDE904AACDE902AA8C
:107DE0000EF042FC0EF09EFD45F662094FF0805BFE
:107DF00005F140040DF10808C0F606090026002729
:107E0000012808BF4FF0405B14F80C1C14F80B0C51
:107E1000012923D1A0B9062000210DF000FB02901A
:107E2000ADF80CA0ADF80E60CDE904ABFFF798FEFD
:107E3000042100224B46CDF80080FFF76EFE01279B
:107E40002078800722D554F8040CF8B106200221CE
:107E50000DF0E5FA029054F8040C07E0012815D162
:107E6000062001210DF0DBFA02900020ADF80CA0F5
:107E7000ADF80E60CDE9040BFFF772FE042100227D
:107E80004B46CDF80080FFF748FE01270136032E50
:107E900004F11004B8D124F037FF44F60832C1F2DF
:107EA0000002D2E90036AC68C31A61EB06061B1B60
:107EB00076F1000324D3C2E900010FBB062005219F
:107EC0000DF0ADFA95F8341095F8442095F854303B
:107ED00041EA42010290002041EA8301ADF80C0022
:107EE000ADF80E10CDE9040BFFF73AFE45F662033C
:107EF000C0F6060301210022CDF80080FFF70DFE39
:107F00000020A87368690021002424F061FE59E76D
:107F10002DE9F04792B00446E0B944F60844C1F2B6
:107F200000042078012815D04EF61450CEF200003F
:107F3000016841F010010160016941F4E021016133
:107F40004EF20800CEF20000016841F0020101602B
:107F50000120207000208DF8070004F120000DF1B1
:107F600007011022FCF756FD002840F07982FCF74B
:107F70004FFD9DF807000F2800F2728294F82E0042
:107F8000662840F06D8294F82450D4E908670420F4
:107F900000214FF000080DF042FAA2464AF8300FD7
:107FA000CAE90186CAF80C70FFF7DAFD45F6C3038B
:107FB0000FF2B442C0F606030421CDF800A0FFF78B
:107FC000ACFD062D24D102AD28464021EAF79AF8EF
:107FD000236A46F21862C0F6060228464021E9F7F5
:107FE000EDFBFFF7BDFD45F6C303C0F60603042114
:107FF0002A46CDF800A0FFF790FD94F824000B2846
:108000002BD845F62C41C0F6060151F8203028E067
:1080100002AD28464021EAF775F8236A46F2186255
:10802000C0F6060228464021E9F7C8FBFFF798FD95
:1080300045F6C303C0F6060304212A46CDF800A086
:10804000FFF76BFD94F824000B2870D845F62C41FF
:10805000C0F6060151F820306DE046F2CA53C0F672
:10806000060394F8257046F2526202ADC0F606028D
:10807000284640210097E9F7A1FBFFF771FD45F67F
:10808000C303C0F6060304212A46CDF800A0FFF77B
:1080900044FD94F8240046F240530328C0F606033A
:1080A00011D194F8250000F12001C9B205290AD8A0
:1080B00045F65C41C0F6060101EB80004FF68041B9
:1080C000CFF6FF71435846F2106202ADC0F60602C9
:1080D00028464021E9F772FBFFF742FD45F6C3034E
:1080E000C0F6060304212A46CDF800A0FFF715FDCF
:1080F00094F8269094F8275044F608420021C1F2E3
:1081000000020020531893F840701031AF4208BFAE
:1081100003F14100B1F5807FF4D1B9F10F0F5ED8C2
:1081200045F67441C0F6060151F829305BE046F28D
:10813000CA53C0F6060394F8257046F2526202ADA7
:10814000C0F60602284640210097E9F737FBFFF703
:1081500007FD45F6C303C0F6060304212A46CDF801
:1081600000A0FFF7DAFC94F8240046F240530328FD
:10817000C0F6060311D194F8250000F12001C9B220
:1081800005290AD845F65C41C0F6060101EB8000DE
:108190004FF68041CFF6FF71435846F2106202ADB0
:1081A000C0F6060228464021E9F708FBFFF7D8FC95
:1081B00045F6C303C0F6060304212A46CDF800A005
:1081C000FFF7ABFC94F8265094F827900F2D4ED86B
:1081D00045F67440C0F6060050F825304BE046F2F4
:1081E0000A73C0F6060346F2485246F24E51C0F6F4
:1081F000060246F22557C0F60601022D08BF0A46C0
:10820000C0F60607012D18BF174646F2FC5202AE13
:10821000002818BF0746C0F60602304640210097E6
:10822000E9F7CCFAFFF79CFC45F6C308C0F6060850
:10823000042132464346CDF800A0FFF76EFC46F21B
:108240006852C0F60602304640214B460095E9F7D9
:10825000B5FAFFF785FC042132464346CDF800A06D
:10826000FFF75BFCA36A87A23046402125E046F277
:108270000A73C0F6060346F2FC5202AE04F1280768
:10828000C0F60602304640210097E9F797FAFFF75B
:1082900067FC45F6C308C0F606080421324643468B
:1082A000CDF800A0FFF739FC46F26852C0F606028E
:1082B000304640212B46CDF80090E9F77FFAFFF7D2
:1082C0004FFC042132464346CDF800A0FFF725FCC1
:1082D000D4E908560420002100270DF0A0F844F846
:1082E000300FC4E90175E660FFF73AFC45F6C303B9
:1082F00067A2C0F6060304210094FFF70EFC02A853
:108300004021E9F7FFFE4FF080500178662940F0E8
:1083100091800827C1F200073B6A7E6A46F2B56287
:1083200002ADC0F60602284640210096E9F746FA5B
:10833000FFF716FC45F6C308C0F6060804212A46D6
:1083400043460094FFF7E9FBBB6AFE6A46F2EE6221
:10835000C0F60602284640210096E9F72FFAFFF7FB
:10836000FFFB04212A4643460094FFF7D6FB3B6BF4
:108370007E6B46F29862C0F60602284640210096BF
:10838000E9F71CFAFFF7ECFB04212A464346009468
:10839000FFF7C3FBBB6BFE6B46F2D262C0F6060270
:1083A000284640210096E9F709FAFFF7D9FB042196
:1083B0002A4643460094FFF7B0FB3B687E6846F2CE
:1083C0006862C0F60602284640210096E9F7F6F9F1
:1083D000FFF7C6FB04212A4643460094FFF79DFBA6
:1083E000BB68FE6846F28062C0F60602284640215D
:1083F0000096E9F7E3F9FFF7B3FB04212A46434669
:108400000094FFF78AFB3B697E692CA22846402135
:108410000096E9F7D3F9FFF7A3FB04212A46434668
:108420000094FFF77AFBBB69FF692BA22846402125
:10843000009703E0037819A202A84021E9F7BEF9EA
:10844000FFF78EFB45F6C303C0F6060302AA04211C
:108450000094FFF762FB4FF080504821E9F752FE8D
:1084600012B0BDE8F08700BF524553544152544505
:108470004420616674657220464154414C20657207
:10848000726F720043465352203078257800000006
:108490004D4F524520494E464F0000006D707520EB
:1084A000737461746520696E76616C6964207369A8
:1084B000676E203D203078253038780072313220C8
:1084C0003D20307825303878206C72203D2030787F
:1084D00025303878000000007063203D203078257A
:1084E00030387820707372203D203078253038780D
:1084F0000000000044F60840C1F20000043070475C
:1085000044F60840C1F200000178012918BF00209C
:10851000704744F60840C1F200000178012908BF05
:1085200070474EF61451CEF200010A6842F0100274
:108530000A600A6942F4E0220A614EF20801CEF2B2
:1085400000010A6842F002020A60012101707047CE
:1085500070B544F60845C1F2000568780F2888BF59
:1085600070BD05F14006144606EB001208461146A0
:1085700024F0B5FC687846F2D04206EB00100130DA
:10858000C0F606020F212346E9F718F96878013092
:10859000687070BD2DE9F04383B00C4644F6084680
:1085A000C1F20006002908BF341D20784EF6045998
:1085B0000628CEF2000933D14FF000080DF10A0071
:1085C0008DF80A8017F0DAFB40F21820C1F20000A3
:1085D000D0E9005724F088F8A5FB002107FB001123
:1085E00010464FF47A720023E9F75AF83061207888
:1085F00086F8158030751EF039FD9DF80A10B075AB
:10860000F175D9F824000190019830760198000A9C
:1086100070760198000CB0760198000EF0762EE08E
:1086200000208DF80B000DF10B0017F0A7FB40F2B6
:108630001821C1F20001D1E90075804624F054F8F8
:10864000A7FB002105FB001110464FF47A720023AE
:10865000E9F726F8306120783075607870751EF083
:1086600005FD9DF80B1046F2D042B075F17506F18C
:108670001800C0F6060206214346E9F79FF8662275
:10868000B2770120A1684FF08053C1F200001A7048
:10869000002201230270437002238370C0F803207C
:1086A000C1B10A68C0F807204A68C0F80B208A6880
:1086B000C0F80F20CA68C0F813200A69C0F8172054
:1086C0004A69C0F81B208A69C0F81F20C969C0F830
:1086D00023100FE0C0F82320C0F81F20C0F81B2093
:1086E000C0F81720C0F81320C0F80F20C0F80B20E6
:1086F000C0F80720D9F80010C0F82710D9F82010CA
:10870000C0F82B10D9F82410C0F82F10D9F8281071
:10871000C0F83310D9F82C10C0F83710D9F8301041
:10872000C0F83B10D9F83410C0F83F10D9F8381011
:10873000C0F8431006F110001021FCF76DF903B0EA
:10874000BDE8F043FCF776B950B1B0B505464068D6
:108750000C4638B1114612F0D8FA40B1FD200FE0B6
:10876000FE200FE02868FEF7A0FE208007E02868C2
:10877000FEF79BFE69682080084612F0B9FA0020D7
:10878000BDE8B04040B27047B0B50C464FF0FE01B6
:10879000D8B1D4B10546406828B1114612F0B5FAF7
:1087A00030B1FD2111E02868FEF784FE206007E06B
:1087B0002868FEF77FFE2060686812F099FA20684A
:1087C0000021002808BF6FF0040148B2B0BD0000CE
:1087D0002DE9F04F83B0DDF834A0984691460E465F
:1087E000074602F011FE04210822012302F016FEC2
:1087F0000446FFF7B5F945F2B66542F6406BC0F6A0
:1088000006053946C0F6060B12A22B46002F18BFEC
:108810000121CDF800B0FFF779F9FFF7A1F9314652
:1088200013A22B46002E18BF0121CDF800B0FFF790
:108830006DF938460C9F31464A464346CDE9007AE9
:10884000FEF74EFE0E9A01462046C4E9001203B020
:10885000BDE8F08F656F5F6669666F5F4E6577286C
:10886000293A2030206974656D5F73697A6500006C
:10887000656F5F6669666F5F4E657728293A2030BD
:10888000206361706163697479000000B0B548B11C
:10889000044640680D4638B1114612F036FA48B128
:1088A000FD251BE0FE2519E02068FEF70EFE38B11D
:1088B000FA2513E02068FEF708FE38B1FA250AE031
:1088C00020682946FEF7B9FE002507E02068294602
:1088D000FEF7B3FE0025606812F00AFA68B2B0BD78
:1088E00040B110B50446406830B112F00EFA38B10C
:1088F000FD200CE0FE200CE02068FEF783FE05E082
:108900002068FEF77FFE606812F0F2F90020BDE8F3
:10891000104040B27047B0B50C4640B105464068C3
:1089200048B1114612F0F1F950B1FD2011E00020DC
:108930002080FE200DE02868FEF7A1FE208007E0E1
:108940002868FEF79CFE69682080084612F0D0F97E
:10895000002040B2B0BD44F29850C1F2000001784E
:1089600001291CBF01210170704700284FF0FE0053
:1089700057D02DE9F0470D46002950D01C46002B5A
:108980004DD0DDF82080B8F1000F48D06878164649
:1089900006F03EFAB0B1284606F0E7F9012804D106
:1089A000688806F0DDF9074600E00027287800F027
:1089B000080A00F0040907EB5A0000EB49000830F0
:1089C000B04201D9FF202AE0D5E9000120604FF034
:1089D00008006160A8F8000057B1A96804F1080018
:1089E0003A46E9F767FAB8F800003844A8F80000FA
:1089F000BAF1000F05D0E96882B20430A150A8F89E
:108A00000000B9F1000F09D0D5E9041283B214FABD
:108A100080F70830E1507A60A8F800000020BDE837
:108A2000F04740B270470000002800F072802DE946
:108A3000F0438BB004464078002800F0B280E07824
:108A4000002800F0AE8094F8AC01002800F0A98066
:108A500002201F4615460E468DF81C000CF0A7FD9F
:108A600007A90CF097FD9DF81C000021012840F09B
:108A70009980D4F8A402D6F800800A91CDE90811B3
:108A800007910AF029FD01282AD1072000210CF0C6
:108A9000C6FC02903068B1796FF31F3040EA0130B4
:108AA000ADF80E003046FEF706FA059131780490D5
:108AB00008098DF80D000220002D08BF01208DF857
:108AC0000C00FFF74DF80DF1080C032100220023E4
:108AD000CDF800C0FFF721F82046012100F098FBF7
:108AE000B81E0C2863D8DFE800F01616166262077D
:108AF0000707078807078D00307AF17A96F80AC0D1
:108B00008DF81F000A024FF00E0E0F230C200D21CE
:108B10000AE0FE2149E0707A96F808C002024FF0A0
:108B20000C0E0D230A200B21715C305C42EA0C0212
:108B3000ADF8262040EA0120F15C16F80E20ADF8D1
:108B4000280042EA01200D2FADF82A002FD801207D
:108B5000B84043F69C71084229D05FFA88F04FEA8A
:108B6000101905F00105C8F3031040EA05168DF849
:108B70001D7012F06FF912F07BF94FF47A72002336
:108B8000E8F78EFD0890D4F8A40207A98DF81C60C0
:108B90000AF0A9FD04EB450000F537704946FEF7E1
:108BA0001DFA00210BB0BDE8F04348B27047072022
:108BB00001210CF034FC02903068B1796FF31F3062
:108BC00040EA0130ADF80E003046FEF774F9059129
:108BD0003178049008098DF80D000220002D08BF9F
:108BE00001208DF80C00FEF7BBFF02AF032100222D
:108BF00000230097FEF791FFD3E7D6E90201CDE904
:108C00000901AAE7307A717AB27AF37A8DF81F00F7
:108C100001F0030062F3830063F305108DF81E007A
:108C20009BE700002DE9F04F8DB000284FF0FE06C5
:108C300000F047810D46002900F043810446287862
:108C4000082840F0AD806078012802D1204600F06D
:108C500082F9FEF719FD0121FEF7E3FEFEF714FD90
:108C6000FEF7E7FD002800F09980FEF70DFD0021DA
:108C70000026FEF71AFDC4F8A80204F114002946E4
:108C80004FF4AC72E9F79DF9D5E901C1D5E90323A9
:108C9000D5E90507C4E9AE23C4E9B007C4E9ACC10E
:108CA000D5E90702696AC4E9B202D4F8D402C4F86B
:108CB000D01205F128018422E9F7FCF894F8E702C4
:108CC000002800F0ED8004F52C70019094F8E50286
:108CD000C4F8D8620028C4F8DC62C4F8E06261D04D
:108CE00004F53675002600BFD4F8D402F1B2FCF7C3
:108CF00083FC60B1417801F00300012807D1C1F382
:108D0000800005EB4000C1F3C301FEF76FF90136A7
:108D100094F8E502F1B28142E6D300210C9142F6CB
:108D20000051C0F6060191E88C00D1E90365D1E954
:108D300005CEC9690DF11008002888E88C00CDE93E
:108D40000765CDE909CE0B9140D000250DF1300823
:108D500004AF00BFD4F8D402E9B2FCF74DFCB0B1C7
:108D60004178064601F00300012810D1C1F38000CC
:108D700048EA4000C1F3C301FEF738F97078317852
:108D8000C0F38002C0F3C30007EB02121154013597
:108D900094F8E502E9B28142DCD317E0002060706C
:108DA000FF268EE000200C9042F60050C0F6060030
:108DB00090E88E00D0E90465D0E906C00DF1100EF0
:108DC0008EE88E00CDE90865CDE90AC044F2FE00C8
:108DD00003904020ADF80A00002501200DF1300875
:108DE00003AE0DF10A074FF0000B00BF009004A87E
:108DF00000EB0B1A4FF0010938F81B005FFA89F1FC
:108E0000FEF7E8F8012830D11AF8091001988DF81A
:108E10000C100AF005FE10B10179407901E0002143
:108E200000208DF80E109DF80D108DF80F0001F048
:108E3000E00040EA0B0040EA4901D4F890018DF8C7
:108E40000D1031460AF04FFC9DF80A00394600F03B
:108E5000E00040EA0B0040EA49008DF80A00D4F82F
:108E600094018DF80B500AF03EFC09F10109B9F1AB
:108E70000F0FC1D100984FF0010BC0074FF0000059
:108E8000B4D1FDF73CFAD4F89011FDF7D7FAFDF70D
:108E900036FAD4F8943102210322FCF7D9FF0026D8
:108EA00020464FF0FF3113F0E5FA012060700420F6
:108EB00084F8AC61207306F035FB227B042106F0B8
:108EC00021FB70B20DB0BDE8F08F10B586B004463E
:108ED00000284FF0FE0018BF002939D06078B0B3E9
:108EE00008784968052884F8B001C4F8B41101D2A3
:108EF000052102E0C92824D3C82184F8B01141EA31
:108F000000200021CDE90211ADF80E00CDE90411D9
:108F1000052028210CF083FA0290032084F88801B0
:108F2000FEF71EFE94F8881145F68F030DF1080C2C
:108F3000C0F606030022CDF800C0FEF7EEFDD4F81F
:108F4000B411204613F096FA012084F8AC010020F9
:108F500040B206B010BD002861D0B0B504464078DC
:108F6000002850D0E078012804D1204600F031F9E3
:108F7000607848B1D4F8AC024CF2CD62C0F604027D
:108F80000021002306F042FAFDF7B9F9D4F8943134
:108F900002210322FCF7EEFFFDF7B1F9D4F890119E
:108FA000FDF79CFAFEF770FB00210025FEF739FD66
:108FB000D4F8D402C4F8A852FCF78FFBD4F8A4026A
:108FC0000AF054FA04F114004FF4AC71E9F79AF87E
:108FD000D4F89001FF2121750AF048FAD4F89401E1
:108FE0000AF044FAD4F89801FCF777FBD4F8700142
:108FF00009F064FAC4F8B45184F8E752A4F8E552D1
:109000006570C4F8AC510120207306F08BFA227B06
:10901000042106F077FA0020BDE8B04000E0FE2011
:1090200040B2704741F2E010C1F20000017801291E
:1090300018BF00207047F0B583B041F2E014C1F2D0
:1090400000042078012871D0FF202075002504201D
:109050000F2100220023CDE9005504260AF046FA2C
:10906000C4F8900102200F210022002300950195F1
:109070000AF03CFAC4F8940106200A210022FCF709
:10908000E2FAC4F898014FF0FF30C4F88E024FF6B0
:10909000FF70A4F89202012004210022C4F8C851F4
:1090A000C4F8B85184F8CC51C4F8AC51C4E9B655F1
:1090B000C4F8E052C4F8A8520127FCF7C4FAC4F877
:1090C000AC0204F52C702421E9F71CF820200421BF
:1090D0000022FCF7B8FAC4F8D4023220C4E96C05C7
:1090E0001020202100220023009501950AF0FEF9AE
:1090F000C4F8A402002002F0F1FB09F0F7F8C4F86C
:1091000070010520202184F88861A4F87C510CF0BE
:1091100086F9C4F878012780E570C4F8E452277313
:1091200006F000FA227B042106F0ECF941F2E0108F
:10913000C1F2000003B0F0BDB0B582B0D8B10446B2
:10914000FEF70EFD94F8881104F5BC7245F68F0306
:109150000092C0F6060300220025FEF7DEFCD4F8DC
:1091600078010CF045F92B2806D1FCF7D2FBFCF76F
:109170000BFD002500E0FE2568B202B0B0BD50B185
:10918000134642784AB1D0F8AC024CF2CD62C0F638
:10919000040206F03BB9FE2000E0002040B2704718
:1091A000A0B110B50446407860B1E078012809D03C
:1091B0000120E0700620207306F0B4F9227B042120
:1091C00006F0A0F90020BDE8104000E0FE2040B20B
:1091D0007047B0B5B0B104464078A8B1E07800253A
:1091E00098B1204613F021F90420E570207306F0B1
:1091F00099F9227B042106F085F9D4F8A4020AF03B
:1092000035F902E0FE2500E0002568B2B0BD00009F
:10921000F0B58BB0002800F08D800446407800281F
:1092200000F0B480E078002800F0B08094F8AC0141
:10923000002800F0AB8094F8E4020D46012833D1F9
:10924000D4F8E002411CB0F57A7FC4F8E0122BD9C3
:10925000B4F8DC02B4F8DE1250EA01021FD04FF479
:10926000802241EA004140F3C03007920022CDE95C
:1092700008100020392106920CF0D1F80690032046
:1092800084F88801FEF76CFC94F8881145F68F038A
:1092900006AFC0F6060300220097FEF73EFCD4F8A6
:1092A000D8020021C4E9B701002D4FF000066ED0AE
:1092B000D4F8A80200F108052846FCF70EFA089633
:1092C000CDE906668DF81760CDE90366CDE9016644
:1092D00002F0FBFA43F64021C0F606010A6801A934
:1092E0000DF11703009602F0B9FA28B3D4F8A402DE
:1092F0000AF0E3F8002849D1D4F8A4020AF020FAD1
:1093000007462846FCF78BF90646F8B2B04238BF4C
:109310000646DEB3D4F8A4020AF0D7F838B1014605
:109320002846FCF7BFF9D4F8A4020AF0B3F9013ECD
:10933000F0D12BE0FE262AE0029944F6D3529DF8A4
:109340001700C1F26202A1FB02120146002818BFF9
:10935000012104EB410191F88E1200288DF81810BC
:109360004FF005014FF0000008BF06218DF81A00EC
:1093700004988DF819109109BDF80E2007910990F5
:1093800006A92846ADF82220FCF78CF9002670B219
:109390000BB0F0BD002800F0D4802DE9F04F87B06D
:1093A00004464078002800F0D180E078002800F0E2
:1093B000CD8094F8AC01002800F0C880012940F06D
:1093C000C280B4F8C80138B9B4F8CA0120B994F819
:1093D000CC01002800F0BA80D4F8B401002800F0D5
:1093E000B58094F8CC010021FDF752FD012809D188
:1093F00002F06BFA04F5257102F01EFA02F065FA2C
:1094000002F0CDFA94F8E70200284FF0000000F0D7
:109410009E8005904FF48030049004F5D270019046
:1094200043F20240A4F8A40104F5E27004F5E471EB
:109430000DF1100902904FF0400B01204FF0000A8F
:109440000391C4F8A89100BF00900BF0FE005FFAF2
:109450008AF140EA010B4FF0010800BF03985FFA60
:1094600088F530F81A002946FDF7B4FD0299064642
:1094700031F81A1008462946FDF7ACFD012E08BF49
:1094800001283BD10020ADF8100048460F21FDF720
:10949000ADFD94F8E50218B3002500BFD4F8D4025E
:1094A000E9B2FCF7A9F8A8B14178C1F3C30242457B
:1094B00010D101F00302012A0CD1C1F380018A45C9
:1094C00008D180780AF0A0FA102803D00146484657
:1094D000FDF78CFD013594F8E502E9B28142DDD358
:1094E0000BF0E10000EB480BFDF72FF927F0FF012F
:1094F00041EA0B0701993A46FDF72CFBB8F10E0F34
:1095000008F10108AAD300984FF0010AC0074FF0F4
:1095100000054FF0000097D194F8B02120460121BA
:1095200013F082F894F8B0212046012113F0D8F806
:10953000D4F8C80184F8E4A2C4E9B600C4F8E05243
:1095400004E0FE2006E0204612F06FFF002007B086
:10955000BDE8F04F40B270472DE9F04F93B0904610
:109560000446002864D00F46002961D038780828C6
:1095700073D160781D46012802D12046FFF7EBFC2D
:109580000220207305F0CEFF227B042105F0BAFFF4
:10959000D4F8700108F092FFC4E90184A5703E1D63
:1095A000BD694FCE04F52C7CC4F8C4528CE84F0042
:1095B000D7E90702796AC4E9B202D4F8D402C4F840
:1095C000D01207F128018422E8F774FCD4F8D40201
:1095D000002184F8E712A4F8E512FCF7A7F884F854
:1095E000E502D0B304F52C79002500BFD4F8D402ED
:1095F000E9B2FCF701F858B1407800F00300012807
:1096000018BF03280CD194F8E702013084F8E70270
:10961000013594F8E502E9B28142E7D319E000BFD1
:109620000228F5D194F8E602013084F8E602EFE76B
:109630000520207305F076FF227B042105F062FFF0
:10964000B8F1000F02D020460021C0474FF0FE0ABB
:1096500013E02138C0B2DF2814D80520207305F0AC
:1096600061FF227B042105F04DFFB8F1000F02D00D
:1096700020460021C0474FF0FF0A4FFA8AF013B08E
:10968000BDE8F08F94F8E602CDE90679002847D0CE
:1096900046464FF0000A4FF0010B0DF140084FF025
:1096A00000090025CDE910AAD4F8D402EFB239465A
:1096B000FBF7A2FF88B1417801F0030102290CD128
:1096C0008178062910D1007820280DD102F0FDF80C
:1096D000002102F05DF9012806D1013594F8E50278
:1096E000E9B28142E0D310E040463946FDF751FC33
:1096F000013594F8E512E8B209F101094FF0FF0ACB
:1097000088424FF0000BCFD32CE05FEACB7029D01A
:1097100094F8E702DDE906790028B04600F03F81C1
:10972000D4F89801FBF7D9FF94F8E502002100284E
:109730001091CDF814806AD000250026D4F8D40208
:10974000F1B2FBF759FF18B10078202808BF0125B6
:10975000013694F8E502F1B28142EFD3B5FA85F013
:10976000400955E000205FFA89F108AEA4F87C01B9
:10977000A4F87E11C4E960003046202104F5BC75D0
:10978000E8F7C0FC11F092F811F099F84CF6DD11F1
:109790000346C0F6040130462246FBF712FC0520C2
:1097A000272105270BF03BFEC4F87801042084F83C
:1097B0008801FEF7D5F994F8881145F68F03C0F6B5
:1097C000060300220095FEF7A8F9D4F8741179B1C8
:1097D00043F62022C0F60602D4F87001D2E9002335
:1097E000FF2584F8895101258DE8620008F0F2FD1B
:1097F000277305F097FE227B042105F083FE626843
:10980000002A3FF43AAF20460021904735E7012077
:1098100004900AF035F9002860D008A800F1060B82
:109820004FF000084FF0000A5FFA8AF0ADF8288088
:10983000CDE908880AF01AF90746484639460AF081
:10984000EFF8002842D081880068ADF8241094F821
:10985000E5120890CDF82680C1B34FF0000900262C
:10986000D4F8D4025FFA89F1FBF7C6FEE0B1417883
:10987000054601F00300012816D12878874213D14C
:10988000C1F380000BEB4000C1F3C301FDF7AEFB59
:10989000697810AAC1F3800042EA4000C1F3C30115
:1098A000FDF7A4FB012600BF09F1010994F8E502C8
:1098B0005FFA89F18142D3D3DDF81C90012E05D1E6
:1098C000D4F8980108A9FBF7EDFE00BF0AF1010AE0
:1098D0005FFA8AF50AF0D4F88542A5D3049828B136
:1098E000D4F89801FBF722FF002867D0BDF84000AC
:1098F000FDF783FBBDF8421005460846FDF77DFBEA
:109900002844C1B2059F102938D30021A4F87C1146
:10991000000210990F30A4F87E01C81708AEC4E900
:1099200060103046202104F5BC75E8F7EBFB10F021
:10993000BDFF10F0C4FF4CF6DD110346C0F6040174
:1099400030462246FBF73DFB05202A214FF0050853
:109950000BF065FDC4F87801042084F88801FEF757
:10996000FFF894F8881145F68F03C0F6060300222D
:109970000095FEF7D2F8D4F8741155E04CF62900A2
:109980000699C0F6040004F5CE75C4E96701FBF73B
:10999000C0FFD4F898112A46FCF70CF90BE0A07828
:1099A000012803D120463946FFF73CF9626812B11D
:1099B0002046012190474FF0000A5EE64FF48030C8
:1099C00094F8E51204F5BE7308AE002207C33046D2
:1099D000202104F5BC75E8F795FB10F067FF10F047
:1099E0006EFF4CF6DD110346C0F6040130462246F8
:1099F000FBF7E7FA05202C214FF005080BF00FFDCF
:109A0000C4F87801042084F88801FEF7A9F894F8D6
:109A1000881145F68F03C0F6060300220095FEF775
:109A20007CF8D4F87411059F79B143F62022C0F672
:109A30000602D4F87001D2E90023FF2584F8895189
:109A400001258DE8620008F0C5FC84F80C8005F063
:109A500069FD227B042105F055FD002F3FF40BAE7C
:109A600020460021B84706E644F69051C1F20001B5
:109A70000868002818BF084670470000F0B583B09A
:109A800044F69055C1F200052968002940F0BD80D8
:109A900042F66C64C0F60604002818BF044620880D
:109AA00070B9FEF75DF842F6406745F60A13C0F656
:109AB000060759A2C0F6060305210097FEF72DF808
:109AC000606870B9FEF74CF842F6406745F60A1335
:109AD000C0F606075CA2C0F6060305210097FEF754
:109AE0001CF82188002648200022002300960196B9
:109AF00009F0FCFC286001F087FC002148220123CA
:109B000001F08CFC686001F07FFC002148220123F9
:109B100001F084FC6168C5E90201084608F088FE8E
:109B2000044603F08EF8286100200221002203235E
:109B30000EF0B4F92A690146204603F08DFA03F0CD
:109B400080F86861002002210022042304270EF01F
:109B5000A5F96A690146204603F07EFA6868482143
:109B6000E8F7D0FA002013210BF059FC696843F69E
:109B7000442288608889C0F60602147840F0030009
:109B8000CE810E614E61888120460421182218265C
:109B900005F0C7F8E88420460421482205F0C1F802
:109BA000A88401F031FCAA8C0021012301F036FCCD
:109BB00000F10801C5E9060029620178002201F0E0
:109BC000FC010170E8690423017801F0FB010170D8
:109BD000E869017801F0F7010170E869017801F0A6
:109BE000EF010170E869017801F0DF010170E869B7
:109BF000017801F03F010170E869022147700020FF
:109C00000EF04CF9E96948604E8044F69050C1F27C
:109C1000000003B0F0BD00BF656F5F696E666F64E2
:109C20006973706174636865725F496E69746961B4
:109C30006C69736528293A2030206366672D3E637E
:109C40006170616369747900656F5F696E666F64E6
:109C50006973706174636865725F496E6974696184
:109C60006C69736528293A204E554C4C2063666711
:109C70002D3E7472616E736D6974746572000000BC
:109C800000284FF0FE0039D070B50D46A1B344F660
:109C90009056C1F200063068144609F01DFC0128F8
:109CA00010D17268D2E90001084306D111F0D2F850
:109CB00011F0DEF87268C2E90001D0890130D0816C
:109CC000FF2019E011F0C6F811F0D2F8B268C2E92D
:109CD0000001EB6823CD536102F1080223C2B5688D
:109CE0002CB105F1180021463022E8F7E3F830687E
:109CF000294609F0F8FC0020BDE8704040B27047EA
:109D00002DE9F04F81B0914690B144F6905BC1F2DD
:109D1000000B0F46DBF804100646D1E90002984616
:109D200010430ED0304612F087FE60B1002535E0BA
:109D3000B9F1000F4FF0FE0036D00025A9F8005011
:109D400032E0002507E0706800210125C0E900111C
:109D5000C181C0E90411C7B105EB070A002400BFA7
:109D6000DBF8000009F0B1FB78B10146304612F093
:109D700063FE50B9DBF8000009F08CFC0134A0B29E
:109D8000B84205F10105EBD35546DBF8000009F0B8
:109D9000D7FCB8F1000F18BFA8F800000020B9F1F7
:109DA000000F18BFA9F8005040B201B0BDE8F08F15
:109DB00042F2B400C1F2000090F85A10012918BF15
:109DC000002070472DE9F04142F2B404C1F20004D2
:109DD00094F85A1000294BD142F67466C0F6060674
:109DE000002818BF06463088002840D07068002838
:109DF0003DD0B068D8B3F068C8B330694FF0000800
:109E0000A8B396E88F00C4E90E8884E88F00002785
:109E1000308804EB8705F840C0070BD008F066FADD
:109E20006268A861FDB2284600219047E168284693
:109E3000884701E0C5F818800137082FE8D10020D5
:109E4000A4F85800FBF7B2F80546606110F02EFD4B
:109E500010F035FD4CF6A7210346C0F60401284654
:109E60000022FBF7AEF8012084F85A0000E000243D
:109E70002046BDE8F08148B1FF2907D042F2B40086
:109E8000C1F20000B0F85800FDF7A4B800207047F8
:109E9000F0B581B000B30C46FF291DD042F2B405E5
:109EA000C1F2000505EB8406374657F8180F98B144
:109EB00008F00FFA012802D1386808F0FFFA0020F4
:109EC000E968B0632046884705F15800214601B093
:109ED000BDE8F040FDF782B801B0F0BDF0B581B04B
:109EE00000B30C46FF291DD042F2B405C1F20005B3
:109EF00005EB8406374657F8180F98B108F0E9F9D2
:109F0000012802D1386808F0D9FA0020A968B063A6
:109F10002046884705F15800214601B0BDE8F040D1
:109F2000FDF764B801B0F0BD2DE9F04383B000281F
:109F300044D00D46FF2941D042F2B408C1F20008D6
:109F400008EB85073C4654F8180FB8B31E469146F7
:109F500008F0BFF9012802D1206808F0AFFA7000BC
:109F6000002E08BF4FF0FF30D8F80810B86328461D
:109F7000884708F158002946FDF738F8D8F81460EA
:109F800010F094FC10F09BFC4CF6A7210346C0F6A1
:109F9000040130462A46FBF714F843F62021C0F6A8
:109FA00006012068D1E90023D8F814104FEA5907B8
:109FB0000126CDE90076029108F00CFA03B0BDE865
:109FC000F083024600284FF0000018BF002900D19E
:109FD00070479089052801F1080028BF0068704784
:109FE000002814BF006800207047002814BF408973
:109FF0000020704750B110B5044600BF206818B16A
:10A00000204600F060F9F9E7BDE8104070470028ED
:10A010000FBF01200089B0FA80F0400970470000AE
:10A0200068B361B310B50446006830B3024600BFA0
:10A030008A4203D05268002AFAD11EE0884207D033
:10A04000606888420AD0D1E90002426010600AE0EC
:10A05000486808B100220260206004E0086808B186
:10A06000002242606060204612F0A0FD2089013885
:10A070000104208104BF00206060BDE810407047EB
:10A08000B0B1F0B581B00E4679B10768054667B149
:10A09000144600BFA8892146052807F1080028BFFB
:10A0A0000068B0477F68002FF4D101B0BDE8F040F0
:10A0B00070470000B1B1F0B581B0074678B11C46D9
:10A0C0006BB115460E4600BFB8892946052804F134
:10A0D000080028BF0068B0476468002CF4D101B0C4
:10A0E000BDE8F04070470000F0B581B04FF00004CB
:10A0F000E0B11546D2B104680746B4B10E4600BFC0
:10A10000BA8904F10800052A28BF006829460EB163
:10A11000B04705E0E7F783FE002818BF4FF0FF3097
:10A12000000603D06468002CEAD10024204601B068
:10A13000F0BD000070B54FF0000498B10D4689B134
:10A14000046874B1868900BF04F1080029463246CC
:10A15000052E28BF0068E7F762FE18B16468002C7E
:10A16000F2D10024204670BD48B1016839B1808920
:10A17000052801F1080024BF0068704770470020DF
:10A18000704730B141890089081AB0FA80F040095F
:10A1900070470120704700002DE9F04F81B0DDF8D5
:10A1A00028B0984691460D46064601F02DF9042147
:10A1B0002422012301F032F904460020C4E9000002
:10A1C0002081FDF7CDFC45F2BD6742F6406AC0F63E
:10A1D00006073146C0F6060A28A23B46002E18BFE5
:10A1E0000121CDF800A0FDF791FCFDF7B9FC29464F
:10A1F00029A23B46002D18BF0121CDF800A0FDF794
:10A2000085FC0B986581A681C4E90498C4F818B050
:10A21000E0617DB34FF6FF7085421CD1FDF7A0FCD5
:10A22000054601F0F1F801F0FFFAB0FA80F042F6CD
:10A23000506745F68C6245F2BD634109C0F60607DA
:10A24000C0F60602C0F6060328460097FDF75EFC3E
:10A25000002020620EE00026002700BF204612F0FA
:10A2600055FC216AC0E9006101B108600137AF42C5
:10A270002062F3D3204601B0BDE8F08F656F5F6CBC
:10A280006973745F4E657728293A203020697465B8
:10A290006D5F73697A650000656F5F6C6973745FE9
:10A2A0004E657728293A20302063617061636974B4
:10A2B0007900000000284FF0000018BF002900D1ED
:10A2C000704748687047A0B110B50168044671B185
:10A2D000486808B1002202602060204612F066FC47
:10A2E000208901380104208104BF00206060BDE89E
:10A2F0001040704730B370B50E4609B3044640892C
:10A30000218988421CD0204612F03DFCC0B1A289B0
:10A3100005460830052A28BF0068A36931460BB1FD
:10A32000984701E0E7F7C6FD208900B9256061681C
:10A330000022C5E9001201B14D6001306560208145
:10A34000BDE87040704730B370B50E4609B304469F
:10A350004089218988421CD0204612F014FCC0B1EB
:10A36000A28905460830052A28BF0068A36931463E
:10A370000BB1984701E0E7F79DFD208900B96560C2
:10A3800021680022C5E9002101B10D60013025607E
:10A390002081BDE870407047002814BF008900206C
:10A3A000704700284FF0FE0018BF002920D010B5DC
:10A3B00041F2C844C1F20004D4F8B001A8B1083099
:10A3C00001F10802002B19BF0721082300210723F0
:10A3D000FBF7E0F8207801284FF0000006D1617803
:10A3E00021B1D4F8BC0109F095FA0020BDE8104075
:10A3F00040B270472DE9F04182B000284FF0FE06D0
:10A4000000F094800D46002900F0908004462878E2
:10A41000052840F08A806078012831D1687A637F0E
:10A42000E979584000F01E032A7AB3FA83F35B09F6
:10A4300051EA020723EA000006D0E37E277F594055
:10A440007A40114318BF002029796A7951EA020342
:10A4500002D1AA7972B10022237E677E59407A40E8
:10A46000A67EAB7911434FF0000118BF0846B342F6
:10A4700018BF08460026002808BF4FF0FF3655E0F9
:10A48000FDF702F901214FF00108FDF7E4FAFDF7AD
:10A49000FBF8FDF7DCF9002845D0FDF7F5F80021C1
:10A4A0000026FDF739F9C4F8B00104F1140029467B
:10A4B0004FF4AC72E7F785FD07200190687A022718
:10A4C00067F35F10B5F807108DF80500D4F8900118
:10A4D000ADF8061001A909F006F9FBF710FFD4F852
:10A4E0009011FBF7ABFF687A0DF1020167F35F1083
:10A4F0008DF80200D4F894018DF8036009F0F3F8A8
:10A50000FBF7FDFED4F8943102210122FBF7A0FCF9
:10A51000042084F80180207305F004F8227B0221D6
:10A5200004F0F0FF02E000206070FF2670B202B07D
:10A53000BDE8F081002855D0B0B504464078002829
:10A5400044D0E078012802D1204600F0C1F994F807
:10A55000B801002842D1607848B1D4F8B4014CF673
:10A56000EB32C0F604020021002304F04FFFFBF79A
:10A57000C6FED4F8943102210122FBF7FBFCFBF765
:10A58000BEFED4F89011FBF7A9FFFDF77DF800217E
:10A590000025FDF760FA04F114004FF4AC71C4F823
:10A5A000B051E7F7AFFDD4F89001FF21217508F015
:10A5B0005DFFD4F8940108F059FFD4F89801FBF737
:10A5C0008CF8D4F8700107F079FF657001202073D2
:10A5D00004F0A8FF227B022104F094FF0020BDE8D4
:10A5E000B04000E0FE2040B2704741F2C840C1F2E6
:10A5F00000000178012918BF00207047F0B585B030
:10A6000041F2C844C1F20004207801285DD0022044
:10A6100001210022FF2301250026FF270DF03EFC2B
:10A62000C4F8AC0104200121002200232775CDE9E4
:10A630000066042708F05AFFC4F8900102200121A7
:10A64000002200230096019608F050FFC4F8940100
:10A6500001200A210022FAF7F6FFC4F8980102202F
:10A6600004210022C4F8B061FAF7EDFFC4F8B40188
:10A6700049F640400396ADF80C004CF64950C0F640
:10A680000400049048F2A060C0F20100029002A809
:10A6900084F8B86109F018F9C4F8BC0107F026FE87
:10A6A000C4F8700105201E2184F88871A4F87C612B
:10A6B0000AF0B5FEC4F878012580E670257304F031
:10A6C00031FF227B022104F01DFF41F2C840C1F29C
:10A6D000000005B0F0BDB0B582B0D8B10446FDF7BA
:10A6E0003FFA94F8881104F5BC7245F62F030092E6
:10A6F000C0F6060300220025FDF70FFAD4F8780112
:10A700000AF076FE0B2806D1FBF703F9FBF73CFABB
:10A71000002500E0FE2568B202B0B0BDB0B5044629
:10A7200000284FF0FE0014D00D4691B1607878B14A
:10A730006978204600F00FF858B9A978204600F053
:10A740006CF830B929782046BDE8B04000F02BB84D
:10A75000002040B2B0BDB0B582B08DF80710F0B1A6
:10A7600004464078C8B140F60200A4F8A4010DF1F7
:10A77000070004F5D275C4F8A801FBF7E6FFD4F88A
:10A78000AC212946FCF79DF99DF80710D4F8BC01CF
:10A7900042F21072514309F0ECF8002000E0FE2074
:10A7A00040B202B0B0BDB0B582B08DF80710D8B1DC
:10A7B00004464078E0B140F20270A4F8A4010DF123
:10A7C000070004F5D275C4F8A801FBF7BEFFD4F862
:10A7D000AC212946FCF775F99DF80710D4F8BC01A7
:10A7E00021B109F0BDF803E0FE2002E009F0A6F86F
:10A7F000002040B202B0B0BD50B1134642784AB119
:10A80000D0F8B4014CF6EB32C0F6040204F0FEBD01
:10A81000FE2000E0002040B27047B0B582B08DF855
:10A82000071010B30446407868B341F20200A4F860
:10A83000A4010DF1070004F5D275C4F8A801FBF7D7
:10A8400084FFD4F8AC212946FCF73BF9FCF71CFF48
:10A850000021FCF76EFF50B102469DF8070040B1A1
:10A86000012808D10F24022107E0FE200CE0FF2080
:10A870000AE00F2400E0002401212046FAF7E3FE5D
:10A880002146FAF738FF002040B202B0B0BD60B1F7
:10A8900010B504464078B0B1E078012807D194F8AB
:10A8A000B801013084F8B8010DE0FE200EE001206F
:10A8B00084F8B801E0700620207304F033FE227B98
:10A8C000022104F01FFE0020BDE8104040B2704796
:10A8D000B0B5D0B104464078A8B1E07898B194F80A
:10A8E000B80180B1013884F8B80100064FF00005C6
:10A8F0000CD10420E570207304F014FE227B0221A9
:10A9000004F000FE02E0002500E0FE2568B2B0BDC4
:10A910000021002808BF6FF001010846704710B5FC
:10A9200082B090B1427892B101294FF000040FD16A
:10A93000C17869B1D0F8B011B1F801100194ADF847
:10A94000051001A9FFF7EAFE02E0FE2400E0002462
:10A9500060B202B010BDF0B585B015460446B0B384
:10A960000E46A1B33078052843D1607801284ED136
:10A97000707A637FF179584000F01E03327AB3FA9F
:10A9800083F35B0951EA020723EA000006D0E37E65
:10A99000277F59407A40114318BF002031797279DE
:10A9A00051EA020302D1B27962B10022237E677EAE
:10A9B00059407A40114394F81AC018BF0020B17969
:10A9C000614564D1002862D0012600277EE041F273
:10A9D000C846C1F200060520307304F0A3FD327BA7
:10A9E000022104F08FFD15B120460021A847FE2763
:10A9F00071E00520207304F095FD227B022104F014
:10AA000081FD15B120460021A847FF2763E0022001
:10AA10001F46207304F086FD227B022104F072FDA4
:10AA2000D4F8700107F04AFDC4E90154A7703279E7
:10AA300007208DF80A008DF80B20D6F80500727AF1
:10AA40000390C2F3430001230DF10A058340D4F8BB
:10AA50009801A91D002702F00102049721F8123085
:10AA6000FAF73BFED4F898012946FAF71BFE4CF69C
:10AA7000FD30C0F6040004F5CE75C4E96706FAF7A8
:10AA800048FFD4F898112A46FBF794F823E00420F5
:10AA900084F88801002605200C2104F5BC77A4F871
:10AAA0007E61C4E960660AF0BAFCC4F87801A4F8D3
:10AAB0007C61FDF755F894F8881145F62F03C0F630
:10AAC000060300220097FDF728F8012715B120465C
:10AAD0003146A8477F4278B205B0F0BD18B1D0F832
:10AAE000BC0108F0BEBE0020704700002DE9F04117
:10AAF00060B344F6B858C1F2000898F8010018B3E2
:10AB00004FF49240A8F8040098F8020008F5B671D6
:10AB1000C8F80810C0B1002608F10404002700BFDF
:10AB2000F2B20120002100230DF0B8F90546FBF731
:10AB30000CFE21462A46FBF7C4FF013698F80200B6
:10AB4000F1B28142ECD302E0002700E0FE2778B2A8
:10AB5000BDE8F08158B3F0B581B044F6B856C1F203
:10AB60000006707800284FF000001CD000904FF4D1
:10AB70009240B080B0786946B16098B10027341D2A
:10AB8000FAB20120002100230DF088F90546FBF7F9
:10AB9000DCFD21462A46FBF794FF0137B078F9B275
:10ABA0008142EDD3002001B0BDE8F04000E0FE207E
:10ABB00040B27047002844D02DE9F04F81B044F6F0
:10ABC000B856C1F20006707800284FF0000034D06B
:10ABD000F178012931D0B0780021317150B30027CC
:10ABE0004FF04A08341D06F5B2794FF00E0A06F50B
:10ABF000B37B00BFFAB20120002100230DF04EF913
:10AC0000054686F80580C6F80890FBF79EFD2146AC
:10AC10002A46FBF756FF86F805A0C6F808B0FBF7F2
:10AC200094FD21462A46FBF74CFF0137B078F9B274
:10AC30008142DFD30120F070002001B0BDE8F04F69
:10AC400000E0FE2040B2704710B544F6B850C1F2A3
:10AC50000000837800248B4236D900EE102A90F849
:10AC6000662190F867319FED191A1A440123B8EE56
:10AC7000C00A03FA02F220EE010A01EE102AB8EE31
:10AC8000C11A80EE010A01EB410100EBC10090ED19
:10AC9000031A80EE010A10EE100A26F0F3FED0F13E
:10ACA00000424FF0FF3272EB0103B8BF0124002CC9
:10ACB00004BF4FF00040114626F05EFE00EE100A81
:10ACC000BDEEC00A10EE104A204610BD00247449A3
:10ACD00044F6B850C1F2000083788B429CBF00203C
:10ACE000704701EB410100EBC10100EE102A91ED2C
:10ACF000031AB8EEC00A9FED142A21EE000A80EE76
:10AD0000020AB0F86401012101FA00F001EE100A14
:10AD1000B8EEC11A9FED0D2A20EE010A9FED0C1A24
:10AD2000B4EE420AF1EE10FAB8BFB0EE420AB4EE49
:10AD3000410AF1EE10FAB8BFB0EE401ABDEEC10AFA
:10AD400010EE100A704700BF0024744900FEFFC6D1
:10AD500000FEFF4610B544F6B850C1F200008378FB
:10AD600000248B4228D901EB410100EBC10000EE29
:10AD7000102A90ED031AB8EEC00A80EE010A90ED99
:10AD8000041A30EE410A10EE100A26F07BFED0F1D4
:10AD900000424FF0FF3272EB0103B8BF0124002CD8
:10ADA00004BF4FF00040114626F0E6FD00EE100A09
:10ADB000BDEEC00A10EE104A204610BD10B544F694
:10ADC000B850C1F20000837800248B4228D901EBEF
:10ADD000410100EBC10000EE102A90ED041AB8EE1C
:10ADE000C00A90ED032A31EE000A20EE020A10EEAE
:10ADF000100A26F047FED0F100424FF0FF3272EB0E
:10AE00000103B8BF0124002C04BF4FF000401146DD
:10AE100026F0B2FD00EE100ABDEEC00A10EE104A98
:10AE2000204610BD10B544F6B850C1F2000083783A
:10AE300000248B4233D900EE102A90F866219FED52
:10AE4000191A0123B8EEC00A03FA02F220EE010A31
:10AE500001EE102AB8EEC11A80EE010A01EB4101A1
:10AE600000EBC10090ED031A80EE010A10EE100A0B
:10AE700026F008FED0F100424FF0FF3272EB0103E2
:10AE8000B8BF0124002C04BF4FF00040114626F04B
:10AE900073FD00EE100ABDEEC00A10EE104A204607
:10AEA00010BD00BF00007A4444F6B85CC1F2000C4B
:10AEB0009CF8020088429CBF00207047032B38D8C2
:10AEC00001EB41000CEBC00000EE102A90ED031ADC
:10AED000B8EEC00A21EE000ADFE803F02D021224CA
:10AEE0009FED201ABCF8640180EE010A012101FAED
:10AEF00000F001EE100AB8EEC11A20EE010A1AE0C5
:10AF00009FED181ABCF8640180EE010A012101FAD4
:10AF100000F001EE100AB8EEC11A20EE010AB0EE00
:10AF2000C00A08E0B0EEC00AB2EE041A80EE010AD0
:10AF300001E09FED0D0A9FED0D1A9FED0D2AB4EE75
:10AF4000410AF1EE10FAB8BFB0EE410AB4EE420A7F
:10AF5000F1EE10FAB8BFB0EE402ABDEEC20A10EE14
:10AF6000100A704700007A440000000000FEFFC68F
:10AF700000FEFF4698B144F6B852C1F20002507884
:10AF800000284FF0FF000BD093788B4208D901EBDB
:10AF9000410002EBC00080ED030A002000E0FE202B
:10AFA00040B2704798B144F6B852C1F200025078EE
:10AFB00000284FF0FF000BD093788B4208D901EBAB
:10AFC000410002EBC00080ED040A002000E0FE20FA
:10AFD00040B2704744F6B850C1F2000082788A420D
:10AFE00022D901EB410200EBC20200EB810090ED9F
:10AFF0004B1A92ED032A21EE000A80EE020A9FED21
:10B000000C1A20EE012ABDEEC23A20EE410A13EEE0
:10B01000100ABDEEC00AB5EE402A10EE101AF1EE8D
:10B0200010FAD8BF484200E0002000B2704700BFCD
:10B0300000007A4444F6B850C1F2000083788B4295
:10B040009CBF9FED110A704701EB410300EBC30366
:10B0500093ED030A00EB810002EE102A90ED4B1AEB
:10B06000B8EEC22A20EE020A80EE010A9FED071A0E
:10B0700080EE010AB5EE400AB1EE401AF1EE10FA88
:10B08000B8BFB0EE410A70470000000000007A44EB
:10B0900044F6B850C1F2000082788A421ED901EB12
:10B0A000410200EBC20200EB810090ED4B1A92EDE1
:10B0B000032A21EE000A80EE020ABDEEC01A11EE4C
:10B0C000100AB1EE401ABDEEC11AB5EE400A11EEFB
:10B0D000101AF1EE10FAD8BF484200E0002000B28A
:10B0E0007047000044F6B850C1F2000083788B42EC
:10B0F0009CBF9FED0F0A704701EB410300EBC303B8
:10B1000093ED030A00EB810002EE102A90ED4B1A3A
:10B11000B8EEC22A20EE020A80EE010AB5EE400A1D
:10B12000B1EE401AF1EE10FAB8BFB0EE410A704726
:10B130000000000001EB410100EBC10040697047D5
:10B1400001EB410100EBC1004261704701EB41019D
:10B1500000EBC100C069704701EB410100EBC10089
:10B16000C261704701EB410100EBC100806970478B
:10B1700001EB410100EBC1008261704701EB41012D
:10B1800000EBC100006A704701EB410100EBC10018
:10B190000262704744F6B850C1F2000000EB810033
:10B1A00090ED4B1A9FED0C2A21EE000A9FED0B1A31
:10B1B000B4EE420AF1EE10FAB8BFB0EE420AB4EEB5
:10B1C000410AF1EE10FAB8BFB0EE401ABDEEC10A66
:10B1D00010EE100A704700BF00FEFFC600FEFF46DB
:10B1E00044F6B850C1F2000000EB810090ED4B0A2C
:10B1F00001EE102AB8EEC11A81EE000A704780B540
:10B20000002000F005F844F6B850C1F2000080BDFF
:10B21000F0B583B044F6B854C1F200042178012996
:10B2200067D00546FCF730FAFCF70AFB00285CD033
:10B23000012000210022002300270CF02FFE0646EB
:10B24000FF208DF80B708DF80A00FBF758F80DF110
:10B250000A070DF10B02314600230097FAF7EEFFC3
:10B26000002842D19DF80A0003283ED145F2A86685
:10B270000120C0F606066070002D18BF2E4630680B
:10B28000C4F85C01B088A4F86001B078318841EA64
:10B290000041204600F044F8607828B1B088A4F856
:10B2A00060014008C4F86C01FE2001210022002545
:10B2B0000DF044FAA070E570C8B104F110014FF030
:10B2C0007E52034641E90125013B01F11801F9D104
:10B2D00068B143F2BD7204F59671C3F6864200BFB1
:10B2E000013841F8042BFBD101E0002060700120FF
:10B2F000207044F6B850C1F2000003B0F0BD60B158
:10B3000044F6B850C1F20000427822B1A0F86011B2
:10B310004908C0F86C11002000E0FE2040B27047E0
:10B3200048B344F6B850C1F2000042782AB380B561
:10B330000A0A0B0C5FFA82FE80F85C11C9B2A0F811
:10B3400064114FEA1E115FFA83FC80F8671102F066
:10B350000F0180F866114FEA1C1180F8691103F0A3
:10B360000F0180F85D2180F85E3180F868110020BF
:10B37000BDE8804002E0FE2000E0002040B27047BF
:10B38000B0B582B0A1B142F26005C1F200052879E2
:10B3900080B1FCF7E5FB42F6506545F2C963C0F6A3
:10B3A00006050BA2C0F6060303210095FCF7B5FBCA
:10B3B00002B0B0BD08460C46FBF74EFEE96C6A6968
:10B3C000091A2046E96402B0BDE8B040104700BF4A
:10B3D000656F5F6D656D706F6F6C5F44656C6574F4
:10B3E0006528293A206F6E6C7920772F20656F5F72
:10B3F0006D656D706F6F6C5F616C6C6F635F6479AE
:10B400006E616D696300000042F26000C1F20000ED
:10B410000178012918BF0020704700002DE9F04194
:10B4200088B00026079682B11C4673B142F26008CC
:10B430001546C1F20008D0B198F80420022A32D093
:10B44000012A34D02AB300273AE00220CDE904666D
:10B45000CDE90206FCF784FB45F2C96302AF40A2C6
:10B46000C0F6060303210097FCF757FB46E00020D7
:10B470000321CDE90400CDE90210FCF771FB45F290
:10B48000C96302AF1FA2C0F6060301210097FCF7B3
:10B4900044FBD8F80C1004FB05F088470646FBF780
:10B4A000DBFD07460BE090F838000842F1D007AB0F
:10B4B00008462946224611F097FC06460027B6B9F1
:10B4C00004200026029004FB05F0CDE90466ADF8E7
:10B4D0000E00ADF80C60FCF743FB45F2C96302AD0A
:10B4E00015A2C0F6060305210095FCF716FB079888
:10B4F000D8E9131210443944C8E91310304608B093
:10B50000BDE8F081656F5F6D656D706F6F6C5F4753
:10B5100065744D656D6F72792829206E6F7420698E
:10B520006E697474656420757365732064796E2028
:10B53000616C6C6F63000000656F5F6D656D706FAF
:10B540006F6C5F4765744D656D6F72792829206E49
:10B550006F206D6F7265206D656D6F7279000000F0
:10B56000656F5F6D656D706F6F6C5F4765744D657E
:10B570006D6F727928292069732061736B6564206F
:10B580003020627974657300B0B582B042F2600415
:10B59000C1F20004217801297ED00121217000210F
:10B5A000C4E9131143F64031C0F60601002818BF64
:10B5B0000146D1E90002C4E901020878421E022ACC
:10B5C0003CD24868002843D0D0E900CED0E902310F
:10B5D000D0E90452C4E906CEC4E90A52C4E90831EC
:10B5E000A269D0E90610606321633AB194F838008B
:10B5F00040F0010084F8380000206087206A38B1EC
:10B6000094F8380040F0020084F838000020A08749
:10B61000A06A38B194F8380040F0040084F838008B
:10B620000020E087206B10B394F8380040F0080049
:10B6300084F838000020A4F8400018E0B8B9486841
:10B64000A8B1D0E90812806AC4E9031260610EE073
:10B65000FCF786FA42F6406545F2C963C0F6060576
:10B6600010A2C0F6060305210095FCF756FAE06823
:10B6700020B94FF65560C0F60400E060206920B99B
:10B680004FF65F60C0F604002061606920B94FF694
:10B690005B60C0F60400606142F26000C1F200002D
:10B6A00002B0B0BD656F5F6D656D706F6F6C5F49A7
:10B6B0006E697469616C69736528293A20706F6FCF
:10B6C0006C73206E656564656400000070B586B0BB
:10B6D00042F26006C1F20006F26808460D46904745
:10B6E0000446A0B900200421CDE904000291ADF880
:10B6F0000E50ADF80C00FCF733FA45F2C96302AD09
:10B7000007A2C0F6060305210095FCF706FA2046BD
:10B71000FBF7A2FCF16C01442046F16406B070BD59
:10B72000656F5F6D656D706F6F6C5F4E6577282913
:10B73000206E6F206D6F7265206D656D6F72790080
:10B7400070B586B00C46C2B142F26006C1F2000686
:10B750003079B8B100240720CDE90444CDE90204D2
:10B76000FCF7FEF945F2C96302AE1CA2C0F606035F
:10B7700005210096FCF7D1F92DE02146FFF700FEE8
:10B78000002428E015462CB12046FBF765FCF16C3F
:10B79000081AF06432692046294690470446A0B949
:10B7A00000200421CDE904000291ADF80E50ADF85F
:10B7B0000C00FCF7D5F945F2C96302AD11A2C0F641
:10B7C000060305210095FCF7A8F92046FBF744FC89
:10B7D000F16C0844F064204606B070BD656F5F6D83
:10B7E000656D706F6F6C5F5265616C6C6F6328295B
:10B7F0002075736564207768656E206E6F6E2064B7
:10B80000796E0000656F5F6D656D706F6F6C5F5274
:10B8100065616C6C6F632829206E6F206D6F726597
:10B82000206D656D6F72790042F26000C1F2000018
:10B83000007970470CF020BA10B54FF0FE0458B1F3
:10B8400051B1D1E900120024C0E90512C1680477A2
:10B85000084601210CF00EFA60B210BDF0B581B0BF
:10B860004FF0FE0770B30E4661B30446407AFF27DF
:10B8700040B3606811461D46377021F07BF908BB64
:10B88000206807F01AFE012817D0206807F01DFE77
:10B8900098B190E80E00C06886E80E00F06020685D
:10B8A000069F07F0F7FE0DB1002028701FB1206839
:10B8B00007F046FF3880002700E0FF27606803217B
:10B8C00021F086F978B201B0F0BD41F28860C1F292
:10B8D0000000017A012918BF002070472DE9F041CE
:10B8E00086B041F28864C1F20004217A012943D074
:10B8F00042F68867C0F60607002818BF07460020F2
:10B90000002504F072F9012001214FF0010821F017
:10B9100081F948F2A06360604BF63500C0F2010384
:10B9200039787A88C0F603004CF67D76CDE9023589
:10B930004DF2ED0314A7C0F604060490C0F604030C
:10B940000120CDE9006505970BF0E8FFE06006F007
:10B95000CDFC2061012001212572A57221F05AF948
:10B96000606010200821002200230095019507F057
:10B97000BDFD206084F8088041F28860C1F20000BB
:10B9800006B0BDE8F08100BF6D656D73000000007A
:10B9900018B111B9002019F093BD0020704738B3D9
:10B9A00070B58CB00446407A01281CD0E0680126AE
:10B9B000012166720CF05EF904AD28462021E6F7FD
:10B9C000A1FBE26828460221F9F707FB43F6202095
:10B9D000C0F60600D0E900232069A1690295CDE9EF
:10B9E000001606F0F7FC00200CB0BDE8704000E047
:10B9F000FE2040B2704770B110B50446407A30B1B5
:10BA0000206906F05BFDE06804210CF033F90020AA
:10BA1000BDE8104000E0FE2040B270472DE9F0473D
:10BA200084B089460446FCF79BF842F286520FF236
:10BA3000E441C0F60602FCF7B7F8002C4FF0FE0612
:10BA400000F06382B9F1000F00F05F8299F8000006
:10BA5000FF260E2800F25982012101FA00F044F677
:10BA60001E01084200F051826078012802D1204670
:10BA700000F0D2FA04F11408404649464FF4AC7283
:10BA8000E6F7D1FA207D002601380D2800F23D822C
:10BA90001821DFE810F00E00D5004A0149013A02F2
:10BAA0003A023A023A023A023A0293013A023A025E
:10BAB0008B0004F12000FBF766FBC4F8C805FBF718
:10BAC00063FB0746FBF7E0FD3946FBF7B7FFFBF7E3
:10BAD000DBFD3946FBF7CCFFFBF7D6FDFBF7B0FEED
:10BAE000002800F0D281002F84F8AC7100F0D381DF
:10BAF0004FF0000A02AE0025D4F8C805E9B2FBF702
:10BB000040FB617FCDF808A08DF80810017801F0A6
:10BB100001018DF80910027802F01E0211448DF81F
:10BB20000910007800F0E0000844B4F81B108DF80C
:10BB30000900D4F89001ADF80A10314607F0D3FDA2
:10BB40000135E8B2B842D7D3FAF7D9FBD4F890114F
:10BB5000FAF774FC002F00F0A4814FF0000A02AE47
:10BB6000002500BFD4F8C805E9B2FBF70AFBADF821
:10BB700008A0017801F001018DF80810027802F0A8
:10BB80001E0211448DF8081000788DF8095000F05D
:10BB9000E00008448DF80800D4F89401314607F01D
:10BBA000A2FD0135E8B2B842DCD37AE104F13000FD
:10BBB000FBF7E9FAC4F8C805FBF7E6FA0746FBF716
:10BBC00063FD3946FBF73AFFFBF75EFD3946FBF7AD
:10BBD0004FFFFBF759FDFBF733FE002800F05581BE
:10BBE000404684F8AC71E8F7E1F900204FF0FF31EE
:10BBF000002FC4F8D005C4F8D405C4F8D805C4F89B
:10BC0000DC15A4F8E015C4F8E205C4F8E605C4F8AC
:10BC1000EA05A4F8EE0500F0188104F2DC550026D0
:10BC2000D4F8C805F1B2FBF7ACFA007800F01F00B9
:10BC30001F2808BFFF20A8550136B742F0D104E104
:10BC40000025C4F8C855FBF71FFD0C210C26FBF797
:10BC5000F5FEFBF719FD0C21FBF70AFFFBF714FDBE
:10BC6000FBF7EEFD002800F0148184F8AC6120267B
:10BC7000032702ADA05DB4F81B108DF80900D4F8BD
:10BC80009001ADF80A1029468DF8087007F02BFDD9
:10BC900001362C2EEED1FAF732FBD4F89011FAF7D8
:10BCA000CDFB00260DF10605A01990F820002946CD
:10BCB0008DF80600D4F894018DF8076007F013FDA5
:10BCC00001360C2EF0D1FAF71AFBD4F89431012189
:10BCD000002201250026FAF7BBF8FAF710FBD4F88A
:10BCE000943101210122FAF7B3F80020FFF790FA0E
:10BCF000C4F8B001FFF783FAE17FB4F81D2042EAEF
:10BD00000141FFF70DFBFFF77AFA618EFFF7F7FAB3
:10BD1000FFF775FAFEF74EFF07F02FFD20460121D1
:10BD2000F2F72BFA6570E8E020216018FBF72BFA98
:10BD3000C4F8C805FBF728FA0746FBF7A5FC394607
:10BD4000FBF77CFEFBF7A0FC3946FBF791FEFBF707
:10BD50009BFCFBF775FD002800F09780404684F8B7
:10BD6000AC71E8F723F900204FF0FF31002FC4F841
:10BD7000D005C4F8D405C4F8D805C4F8DC15A4F877
:10BD8000E015C4F8E205C4F8E605C4F8EA05A4F82D
:10BD9000EE055AD004F2DC55002600BFD4F8C805E1
:10BDA000F1B2FBF7EEF9007800F01F001F2808BF82
:10BDB000FF20A8550136B742F0D146E004F120003B
:10BDC000FBF7E1F9C4F8C805FBF7DEF90746FBF716
:10BDD0005BFC3946FBF732FEFBF756FC3946FBF7B6
:10BDE00047FEFBF751FCFBF72BFD00284DD04046EA
:10BDF00084F8AC71E8F7DAF800204FF0FF31C4F8AE
:10BE0000D005C4F8D405C4F8D805C4F8DC15A4F8E6
:10BE1000E015C4F8E205C4F8E605C4F8EA05A4F89C
:10BE2000EE0597B104F2DC55002600BFD4F8C80532
:10BE3000F1B2FBF7A6F9007800F01F001F2808BF39
:10BE4000FF20A8550136B742F0D1F3F7C3FD99F8AA
:10BE50000150B9F80260F6F768FC45EA064203684B
:10BE6000D4F8C81503925A68029102A990471AF0B3
:10BE7000F5FBFBF79DF9012060700420207303F0AF
:10BE800051FB227B002100263DE000206070FF2650
:10BE90003BE06570FBE7FAF732FAD4F89011FAF755
:10BEA000CDFAFAF72CFAD4F89431012100224FF0A0
:10BEB000010A0026F9F7CCFFFAF721FAD4F89431F9
:10BEC00001210122F9F7C4FF99F80150B9F8027075
:10BED000F6F72BFC45EA07420368D4F8C81503922D
:10BEE0005A68029102A990474046E8F75FF8204659
:10BEF0000121F2F742F984F801A00420207303F035
:10BF000011FB227B002103F0FDFA70B204B0BDE802
:10BF1000F08700BF63616C6C65643A20656F5F6D8C
:10BF20006F74696F6E636F6E74726F6C5F41637470
:10BF3000697661746528290050B1134642784AB188
:10BF4000D0F8F0054EF2C552C0F6020203F006BA70
:10BF5000FE2000E0002040B27047C8B1F0B58DB0BF
:10BF60000C46417889B1017D0E290ED801238B4002
:10BF700044F6180633420DD020461146E8F71FFD5F
:10BF8000FBF70BF92146FBF763FA0DB0BDE8F04073
:10BF9000002070470129F8D1417D042937D1C18A99
:10BFA000A9B3032CF1D8002AEFD043F63423C0F60E
:10BFB00006031B6803FB01F604EB440100EB810759
:10BFC00087F8FC4504AC2046202107F2F455C7F859
:10BFD000F825E6F797F80EF069FC0EF070FC4DF2CC
:10BFE0009B310346C0F6020120462A46F8F7E9FFD6
:10BFF00043F62021C0F60601D7F8F405D1E9002365
:10C000000021CDE90061029406F0E4F9BDE7204685
:10C010001146E8F7D4FCB8E72DE9F0410446FBF7F8
:10C020009FFD42F2865277A1C0F60602FBF7BCFDE7
:10C03000002C4DD06078002800F0D780E0780128EF
:10C0400004D1204600F084FA607848B1D4F8F005B5
:10C050004EF2C552C0F602020021002303F0D6F9C9
:10C06000A04618F8140F01380D2800F28580DFE88B
:10C0700000F007387E6983838383838374838331ED
:10C08000FAF73DF9D4F8943101210022F9F772FF53
:10C09000FAF735F9D4F8943101210122F9F76AFF52
:10C0A000FAF72DF9D4F89011FAF718FAF6F73DFBE4
:10C0B000016889688847D4F8940107F0D7F9D4F863
:10C0C000900107F0D3F9D4F89801F9F706FB34E0B2
:10C0D000FE2493E001F0AEFB01F03CFB04F26C4067
:10C0E00036E0FAF70CF9D4F8943101210022F9F77F
:10C0F00041FFFAF704F9D4F8943101210122F9F74C
:10C1000039FFFAF7FCF8D4F89011FAF7E7F9D4F808
:10C11000940107F0ABF9D4F8900107F0A7F9D4F82F
:10C120009801F9F7DAFAFEF760FAFEF703FA04F578
:10C13000DA704FF4AC71E5F7E5FF20460021F2F725
:10C140001CF819E0FEF751FAFEF7F4F904F5DA707D
:10C150004FF4AC71E5F7D6FF09E002F0A3F902F065
:10C1600031F904F544704FF4AC71E5F7CBFFF6F705
:10C17000DCFA016889688847FBF786FAFBF76EFBF3
:10C1800088B1064642F69070C0F6060007680025A2
:10C19000FBF77AFAE9B2FBF7E9FA00B1476101353A
:10C1A000E8B2B042F4D3002684F8AC61FBF76CFA35
:10C1B0000021FBF743FCFBF767FA0021FBF758FC73
:10C1C00040464FF4AC71C4F8C865E5F79BFFFF200B
:10C1D0002075D4F87001C4E90166A670C4F89C61AA
:10C1E000C4F8A06106F06AF966700120207303F0BC
:10C1F00099F9227B0021002403F084F960B2BDE8A4
:10C20000F08100BF63616C6C65643A20656F5F6D9F
:10C210006F74696F6E636F6E74726F6C5F4465618B
:10C2200063746976617465282900000040F2E84073
:10C23000C1F200000178012918BF0020704718B131
:10C24000417809B1007D7047FF207047F0B583B099
:10C2500040F2E844C1F200042078012865D0FF20B4
:10C260000025207504200C210022002384F8AC5105
:10C270002561CDE90055042607F038F9C4F890018E
:10C2800002200C21002200230095019507F02EF9D1
:10C29000C4F8940101200A2100220127F9F7D3F9FB
:10C2A000C4F89801202004210022F9F7CCF9C4F841
:10C2B000F00504200621E8F747FDC4F8CC05F6F7A1
:10C2C00034FAF6F72DFAFEF799F9C4F80C0302F0E8
:10C2D000F2F8C4F8680401F0B6FAC4F8C40506F030
:10C2E00005F8C4F8700105201C2184F8886184F8E1
:10C2F0007D5109F094F8C4F878012780E570277320
:10C3000003F010F9227B002103F0FCF8002600BFA7
:10C31000A719D7F8F40518B905F0E8FFC7F8F40530
:10C320000C36302EC7F8F855F2D140F2E840C1F291
:10C33000000003B0F0BDB0B582B078B30446FBF79F
:10C340000FFC94F8881104F5BC7242F286530092F7
:10C35000C0F6060300220025FBF7DFFBD4F87801C6
:10C3600009F046F83A281BDC1A2838D8012148F28F
:10C3700000028140C0F21022114225D111F4103F79
:10C3800028D1012101FA00F00021C0F20441084245
:10C3900025D0FEF72AF9FEF79EF91FE0FE251EE0E4
:10C3A0004C2808DC3B280FD03C2818D102F07AF842
:10C3B00002F0E7F812E04D2806D04E280FD101F028
:10C3C00039FA01F0A6FA09E0F6F7AFF90168C96891
:10C3D000884703E0F9F79DFAF9F7D6FB002568B224
:10C3E00002B0B0BD50B1134642784AB1D0F8F00562
:10C3F0004EF2C552C0F6020203F008B8FE2000E07B
:10C40000002040B270470000B0B50446FBF7A8FB1F
:10C4100042F2865234A1C0F60602FBF7C5FB002C9F
:10C420002BD0607800285CD0E078012859D001201A
:10C43000E0700620207303F075F8227B00210025B0
:10C4400003F060F8207D01380D284BD8DFE800F0BC
:10C45000440744314A4A4A4A4A4A3B4A4A17FEF785
:10C46000C4F8FEF714FAFEF7C0F80121FEF757FAF8
:10C47000FEF7C5FEFEF73AFB33E0FE2532E0FBF7A0
:10C480006FFB42F28654C0F6060420A12246FBF759
:10C490008BFBFBF765FB25A12246FBF785FB01F033
:10C4A000C9F901F06BFA01F0C5F9012101F028FB8F
:10C4B00012E0FEF79AF8FEF7EAF9FEF796F8012186
:10C4C000FEF72DFA08E001F0EDFF02F08FF801F021
:10C4D000E9FF012102F04CF9F6F727F90168096933
:10C4E0008847002568B2B0BD63616C6C65643A2012
:10C4F000656F5F6D6F74696F6E636F6E74726F6C72
:10C500005F537461727428290000000063616C6CD1
:10C51000696E6720656F5F706F735F5374617274CB
:10C52000282920696E206D630000000063616C6C37
:10C53000696E6720656F5F706F735F5472616E73B1
:10C540006D697373696F6E282920696E206D6300B1
:10C55000B0B50446FBF704FB42F286521FA1C0F6B9
:10C560000602FBF721FB8CB1607868B1E07858B126
:10C57000207D02280CD1FEF742FEFEF7EBFAFEF713
:10C5800034F8FEF7A5F91CE0002524E0FE2522E0A2
:10C59000E8F7CCFAFBF7E4FA42F2865217A1C0F6AC
:10C5A0000602FBF701FBE8F785FA50B9FBF7D8FA6A
:10C5B00042F2865219A1C0F60602FBF7F5FAE8F737
:10C5C0004BFA00250420E570207302F0ABFF227BBC
:10C5D000002102F097FF68B2B0BD00BF63616C6CD0
:10C5E00065643A20656F5F6D6F74696F6E636F6E1F
:10C5F00074726F6C5F53746F7028290043414C4C08
:10C6000045443A204D436F6E74726F6C6C65725F77
:10C61000676F5F69646C65282900000043414C4CDA
:10C6200045443A204D436F6E74726F6C6C65725F57
:10C630006465696E697428290000000098B12DE9CD
:10C64000F04792B004464078002800F0F480E0788B
:10C65000002800F0F080207D022806D107F075F850
:10C6600007F0BAF8E7E0FE20E9E0617D042920D177
:10C6700094F82416E9B104F2246804F5BF67002594
:10C6800098F80000EEB23146FAF702FC01280AD110
:10C69000396821B13879032898BFE8F790F9404606
:10C6A0003146FAF7F9FB0135042D07F10C07E7D104
:10C6B000207D0E2826D8012101FA00F044F6180149
:10C6C00008421FD094F8AC5185B104F2E25600271D
:10C6D000062D28BF062500BFF01910F8060C17F02C
:10C6E000BFFE26F817000137BD42F5D117F064FFF1
:10C6F000A4F8EE05FAF751FDB4F9EE1504F2E25292
:10C70000FAF7BCFD002500BFF6F70FF8016849698C
:10C71000884730B905201AF0A7FC1D2D05F1010549
:10C72000F2D3F6F702F801684969884794F8AC112A
:10C73000002842D0D9B300250DF134090DF1200AAB
:10C740000DF1040848461321E5F7DCFC504613219F
:10C75000E5F7D8FCF5F7E9FF0168EFB28E693946D5
:10C760004A465346B04738464946F2F7FAFD38463E
:10C770005146F2F7F6FD40461B21E5F7C3FCF5F7FD
:10C78000D4FF016842460B6B39469847FAF77CFFA5
:10C790003946FAF7B1FF20B101AB0ECBC264C0E954
:10C7A0001113013594F8AC01E9B28142CAD3F5F70F
:10C7B000BCFF0168C96988470BE051B1002500BF83
:10C7C000E8B2E8F72FFC013594F8AC01E9B28142F8
:10C7D000F6D3F5F7AAFF016809698847E8F73EF93B
:10C7E00094F8AC0138B30025FAF74EFFE9B2FAF736
:10C7F00083FF50B1064628463146E8F74BF906F16B
:10C80000100128460022E8F769F994F8AC010135D7
:10C810008542E9D378B10025FAF736FFE9B2FAF795
:10C82000A5FF18B101462846E8F74CF994F8AC0189
:10C8300001358542F0D3002012B0BDE8F04740B288
:10C84000704700002DE9F04387B0994615460E4623
:10C850000446FBF785F942F28652C6A1C0F60602ED
:10C86000FBF7A2F9002C00F09380002E00F09080DE
:10C8700030780E2800F29E80012101FA00F044F683
:10C880001E01084200F096806078012802D12046FF
:10C89000FFF7C2FB0220207302F044FE227B00213E
:10C8A000002702F02FFED4F8700105F007FE04F116
:10C8B0001408404631464FF4AC72E5F7B4FB207DD6
:10C8C00001380D2800F25181DFE810F00E00C90098
:10C8D00082000F014F014F014F014F014F014F01E6
:10C8E00031014F014F01A50004F12000FAF74BFC84
:10C8F000627F0021CDF816108DF81020217ED4F82B
:10C900001920C4F8C805C4E9015484F802908DF8D0
:10C910001110CDF81220FAF737FCA8B1054604A88B
:10C92000861D0027D4F8C805F9B2FAF72AFC017869
:10C9300001F0010006EB4000C1F34301FAF756FB9A
:10C940000137F8B2A842EDD3D4F89801F8F7C5FE44
:10C95000D4F8980104A9F8F7A5FE4EF6A760C0F632
:10C960000200C4E967084FF28D20657DE68AC0F6B3
:10C970000200CDE90204F5F7D8FED4F8C815026824
:10C98000009145EA064101911768694602AB3FE014
:10C9900040F2E846C1F200060520307302F0C2FD05
:10C9A000327B002102F0AEFD15B120460021A847E0
:10C9B000FE27DAE00520207302F0B4FD227B00217F
:10C9C00002F0A0FD15B120460021A847FF27CCE0CA
:10C9D00004F11800FAF7D7FBC4F8C805F2F7FAFF1C
:10C9E0004FF2ED40C4E90154657DE68AC0F60200CD
:10C9F00084F80290CDE90404F5F797FED4F8C81541
:10CA00000268029145EA06410391176802A904AB46
:10CA10000122B847A8E004F13000FAF7B4FBC4F8EB
:10CA2000C8050D2004F1180784F86C048FCFE66A5E
:10CA300004F58E6CC4E9015484F8029004F26C454C
:10CA40008CE88F00C4F8846400F0F4FE4EF6B12246
:10CA5000C0F602022946012301F0EAF884E005202D
:10CA600084F8B401E06A218EC4F8B801A4F8BC11BE
:10CA700004A803218DF81010217E871DD4F8190019
:10CA80000026C4E9015484F8029004F5DA7904F12F
:10CA90002005C4F8C8658DF81110CDF81660CDF8E2
:10CAA000120000BFA95D01F0010007EB4000C1F3D7
:10CAB0004301FAF79BFA01360C2EF3D1D4F8980112
:10CAC000F8F70BFED4F8980104A9F8F7EBFD4EF641
:10CAD000C570C0F60200C4E96708FDF786FD4EF692
:10CAE0009B52C0F6020249461DE004F12000FAF70D
:10CAF0004AFBC4F8C805F2F76DFF0520A16984F868
:10CB0000B401A08BC4E9015484F80290C4F8B811B0
:10CB100004F5DA75A4F8BC01FDF767FD4EF69B52EB
:10CB2000C0F6020229460123FDF715FF1CE004F1BF
:10CB30002000FAF728FBC4F8C8050C2084F810037D
:10CB4000D4E90601C4E9015484F8029004F544755F
:10CB5000C4E9C50101F0A6FC4EF6A732C0F60202F8
:10CB60002946012301F076FE002778B207B0BDE820
:10CB7000F08300BF63616C6C65643A20656F5F6D24
:10CB80006F74696F6E636F6E74726F6C5F566572EF
:10CB9000696679282900000050B1FF2200218280B7
:10CBA0004FF0FF3201608260C0E90411816100E052
:10CBB000FE2148B270474FF0FE0CD0B1CAB1C3B1EC
:10CBC000012903D099B90169143001E00169081DF8
:10CBD00080B5B1F800C0016810466246A3F800C0F5
:10CBE000E5F768F94FF0000CBDE8804001E04FF038
:10CBF000FF0C4FFA8CF07047002814BF80684FF08C
:10CC0000FF30704743F62821C0F606010968006826
:10CC1000081A18BF0120704748B1016939B1896805
:10CC200041B180B588470020BDE8804000E0FE208B
:10CC300040B27047FF20FBE7002814BF4079002076
:10CC4000704780B5FEF7E0FB04211C220123FEF7AC
:10CC5000E5FB48B1FF22002182804FF0FF320160E6
:10CC60008260C0E90411816180BD002814BF406961
:10CC700000207047B0B5A0B11C4603690546012AE3
:10CC800004D0987800F0FE0002280CD168691A8858
:10CC9000E5F710F9284621460022002410F042FA58
:10CCA00002E0FE2400E0FF2460B2B0BD00280EBF09
:10CCB0000020006900887047D0E9042308461288E4
:10CCC0001946E5F7F7B870B58446DDE90640DDF8AA
:10CCD00020E0DDE90465CCE904400020CCF8001038
:10CCE0008CF804208CF80530CCE90265CCF818E00B
:10CCF00070BD4FF0FE0248B141B1C2682AB180B5A3
:10CD000090470022BDE8804000E0002250B270470A
:10CD1000A8B170B5144602690546907800F0FE008F
:10CD200002280ED10E46516868691288E5F7C2F8EC
:10CD300028463146224610F0F5F9002002E0FE2098
:10CD400002E0FF20BDE8704040B27047A0B170B56E
:10CD5000154602690646907800F0FE0002280DD1C3
:10CD6000706912881C46E5F7A5F830462946224628
:10CD700010F0D8F9002002E0FE2002E0FF20BDE81C
:10CD8000704040B2704730B180B510F0CBF9002050
:10CD9000BDE8804000E0FE2040B2704743F6282105
:10CDA000C0F6060109680068081AB0FA80F0400968
:10CDB00070470069807800F0FE000238B0FA80F019
:10CDC0004009704770B5064600284FF0FE0018BFB6
:10CDD00000290CD01546D6E904201C461288E5F738
:10CDE00069F830462946224610F09CF9002040B2EE
:10CDF00070BD18B102680AB1407910B1FF2040B28D
:10CE0000704780B508460BF056F80020BDE880401A
:10CE1000F5E780B1F0B583B0174604464FF0FF0048
:10CE200092B30E46216879BB1D4618462EB10BF011
:10CE30004AF830B903E0FF2029E00BF03CF8A06885
:10CE400008B1FF2020E02760002E08BF6FF0010529
:10CE50002571002504204FF6FF7100220023667122
:10CE60000095019506F042FB94F82010A06002297D
:10CE700002D1606A804705464FF0FF30E5602061CF
:10CE80006061A061E061002003B0BDE8F04040B205
:10CE9000704700002DE9F04381B0814600284FF033
:10CEA000FE0024D01C4613B323784846FFF7B1FF99
:10CEB00008B1FF201BE06068FAF76DF9B0B1DDF84A
:10CEC00020800646002500BF6068A9B2FAF761F924
:10CED00007460AF0B7FF012804D1484639464246C2
:10CEE00000F00AF80135A8B2B042EDD3002040B2FC
:10CEF00001B0BDE8F08300002DE9F04F93B0834608
:10CF000000284FF0FE0000F094800F46002900F04A
:10CF100090809BF804909046FEF776FA1C21FEF76D
:10CF2000D5FB3946092204461290E4F7C3FF217865
:10CF3000621C48460AF0FAFF217848460BF074F963
:10CF40003978824648460BF0E3F800284FD0002796
:10CF5000064660812773FEF757FA002152460123E7
:10CF6000FEF75CFA206102469BF82000032804D1FA
:10CF7000DBF824008047226907462178484653465B
:10CF800067610AF0FBFF9BF82000042817D10025F9
:10CF900004203146002200230095019506F0A6FAF0
:10CFA00002AFA061DBF824008047A1690290084627
:10CFB000394606F098FB0135A8B2B042F2D3DBF84F
:10CFC000080006F0BDFB2178DBF808200BEB4101DF
:10CFD000088212A9104606F086FBB8F1010F04D1B1
:10CFE000129958460A7810F0B5F8002021E002ADF9
:10CFF00028464021E5F786F83B7810A228464021D4
:10D00000E4F7DCFBFAF7ACFD42F62067C0F6060752
:10D0100004212A4600230097FAF77FFD217848462D
:10D0200000220AF083FFFEF7EFF92146FEF7A8F988
:10D03000FF2040B213B0BDE8F08F00BF454F6E76C1
:10D040005365743A20657020256420686173203030
:10D05000206E7673000000002DE9F04F87B0064681
:10D06000084690460D460AF00FFF0446002E4FF08A
:10D07000FE0059D0B8F1000F56D03779294638460E
:10D080000DF092FAE8B1384629460DF0E0FA069024
:10D0900020460DF0CEFA8146384629460DF060FB59
:10D0A0008246384629460DF0FBFA96F82010834652
:10D0B000042912D0032906D0022922D106F10C003E
:10D0C0001DE0FF2030E028460AF0DEFE0146304633
:10D0D00010F0B6F8A8B1143011E028460AF0D4FEDA
:10D0E0000146304610F0ACF858B104463079294674
:10D0F0000AF0BCFFA26981B2104606F0ABF90468E1
:10D1000000E00024BAF1000F4FF0FF0018BFBBF1A0
:10D11000000F09D03168069B40463A468DE8200E44
:10D120000494FFF7D0FD002040B207B0BDE8F08FB7
:10D1300070B50C460546FEF767F900212822012349
:10D140000026FEF76BF906604462002C08BF2546F6
:10D1500080F8205070BD4FF0FE0330B129B122B1EC
:10D16000036880880B600023108058B27047002845
:10D170000FBFFE2001608280002040B270474FF058
:10D18000FE0218B111B140890022088050B27047E8
:10D190004FF0FE0CE0B180B5DDF808E0BEF1000F05
:10D1A00014D090F807C0BCF1010F0DD14FF0000C66
:10D1B0000160828080F806C0038143818381A0F8EA
:10D1C0000EC0C0F810E001E04FF0FF0CBDE8804059
:10D1D0004FFA8CF07047B0B50446FEF715F90421FC
:10D1E00014220123FEF71AF9054600202860A880C2
:10D1F000A87128816C81E86034B1FEF705F901213E
:10D2000022460123FEF70AF9B4FA84F1490928619C
:10D210002846E971B0BD4FF0FE0348B141B13AB1C3
:10D220000389D0F810C0C38113800023C1F800C067
:10D2300058B2704748B142898A4208D2028182813D
:10D2400000210122C181827105E0FE2103E00181FC
:10D2500081810021C18148B27047002201460260ED
:10D260008280827102810020CA607047B0B50C468E
:10D27000096805460160A08869892289A880002084
:10D28000914298BF0120A871208998BF0846288143
:10D29000A88128690022EA81E4F712FF2869216940
:10D2A0002A89E4F707FE0020B0BDB0B50D4604465C
:10D2B00000202060A080A0712081E060618131B1F8
:10D2C000FEF7A2F8ABB201210122FEF7A7F8B5FAEA
:10D2D00085F1490920610020E171B0BD44F2995007
:10D2E000C1F20000017801291CBF012101707047C3
:10D2F0002DE9F04F81B00B9FC0B10E46B1B11C4675
:10D30000A3B1DDF82890B9F1000F0FD077B1204616
:10D31000154601F0EAFC0020072DA9F8000038703E
:10D3200009D8FF203870A9F8005037E00FB1FC2071
:10D330003870FE2032E0B2461AF8080B402828D296
:10D34000707801F065FD20B3304601F013FD804692
:10D3500001280FD1304601F008FD012819D170884D
:10D3600001F0FEFC02460830A84212D8514606EBF6
:10D37000000A01E000210022307800F0080C00F0E3
:10D38000040B02EB5C0000EB4B00083083B2AB42B5
:10D3900008D9FD203870A9F80050FF2040B201B034
:10D3A000BDE8F08F258BAB4204D9FE213970A9F876
:10D3B0000000F2E700233B70A9F80000D6E9000363
:10D3C000B8F1010FC4E9000306D17388A068638037
:10D3D0006546E4F76FFDAC46BCF1000F1CBFDAF800
:10D3E0000000E060BBF1000F08D04FEA5C000AEBE0
:10D3F000000149685AF80000C4E904016288A36882
:10D4000004F14000214601F0E7FC0020C6E70000DF
:10D41000002847D02DE9F04F81B005464078E0B3B1
:10D42000E878D0B395F8AC01B8B30E4605EB4200EE
:10D430000978B0F8C20109099146F9F7CBFD60B34C
:10D44000307A01281FD8707A10F00F0B1BD0D5F856
:10D45000B811070901F1040A00240DF10208BBF11B
:10D46000020F28BF4FF0020B06EB440040894246F2
:10D47000ADF802003819C1B250460123F8F78AF816
:10D480000134A345F0D13078010909F0010005EB22
:10D49000400000F5E370F9F7A1FD002001B0BDE800
:10D4A000F04F00E0FE2040B2704700002DE9F0414F
:10D4B00082B00D460446FAF753FB45F6BA024BA17B
:10D4C000C0F60602FAF770FB002C4FF0FE0600F0E3
:10D4D0008880002D00F0858028780D2840F080801D
:10D4E0006078012807D120462946002202B0BDE815
:10D4F000F0410FF0B9BEFAF7C7F801214FF001086B
:10D50000FAF7C3FAFAF7C0F8FAF7AFF9002865D0CE
:10D51000FAF7BAF800210026FAF738F9C4F8B8018A
:10D5200004F1140029464FF4AC72E4F74AFDA17FE0
:10D5300004F5E17001F0010200EB4200C1F3430188
:10D54000C4F8C261C4F8C661C4F8CC6184F8D5815E
:10D55000F9F74CFDA97A0227287967F35F118DF856
:10D56000051029898DF80400D4F89001ADF8061053
:10D5700001A906F0B8F8A87A0DF1020167F35F106F
:10D580008DF80200D4F894018DF8036006F0ABF832
:10D59000F8F7B5FED4F89011F8F750FFF8F7AFFEA2
:10D5A000D4F8943102210522F8F752FCD4F8B801DE
:10D5B000051D2846F8F791F82846F8F730F8014697
:10D5C0002846F8F798F8042084F80180207301F0C9
:10D5D000A9FF227B072101F095FF02E00020607087
:10D5E000FF2670B202B0BDE8F08100BF63616C6CD1
:10D5F00065643A20656F5F706F735F41637469762D
:10D60000617465282900000070B584B0002846D0F8
:10D610004578002D41D0C578002D3ED090F8AC5112
:10D62000002D4FF000053BD00395029545F20225F1
:10D63000A0F8A4510DF10605C0F8A85100EB810532
:10D6400095F82110920101F01F0463F34512DDF8F3
:10D6500020C0867FA31885F82130CB06A5F822C00C
:10D660001BD505F120031B7800F5D27518098DF83C
:10D67000060003F00F008DF807000E2000EA1210DC
:10D6800040EA011001308DF80800ADF80AC0F9F742
:10D690005CF829463246F9F75DFA002500E0FE25E0
:10D6A00068B204B070BD0000B0B586B00D46044647
:10D6B000FAF756FA45F6BA0220A1C0F60602FAF7C2
:10D6C00073FA4FF0FE00ACB3A5B3607888B3287846
:10D6D0000528014698BF0521C82928BFC8218842CE
:10D6E00084F8AD111FD041EA00200021CDE90211DC
:10D6F000ADF80E00CDE9041105204A2107F08FFE98
:10D700000290032084F88801FAF72AFA94F8881125
:10D7100045F6BA0302ADC0F6060300220095FAF7FB
:10D72000FCF994F8AD014000C4F8D001012084F860
:10D73000AC01002040B206B0B0BD00BF63616C6CAC
:10D7400065643A20656F5F706F735F436F6E6669E3
:10D7500067282900B0B50446FAF702FA45F6BA027E
:10D760002DA1C0F60602FAF71FFA002C51D06078FE
:10D77000002844D0E078012802D1204600F032F998
:10D7800094F8C001002842D1607848B1D4F8BC01B7
:10D790004DF26932C0F604020021002301F036FE8A
:10D7A000F8F7ADFDD4F8943102210522F8F7E2FB39
:10D7B000F8F7A5FDD4F89011F8F790FEF9F764FF9B
:10D7C00000210025FAF761F904F114004FF4AC715F
:10D7D000C4F8B851E4F796FCD4F89001FF21217504
:10D7E00005F044FED4F8940105F040FED4F8980109
:10D7F000F7F773FFD4F8700104F060FE6570012044
:10D80000207301F08FFE227B072101F07BFE0020B8
:10D8100000E0FE2040B2B0BD63616C6C65643A20EC
:10D82000656F5F706F735F4465616374697661747F
:10D830006528290041F2A860C1F2000001780129A1
:10D8400018BF00207047F0B583B041F2A864C1F260
:10D8500000042078012856D0FF20207500250420E0
:10D86000012100220023CDE900550427012605F0FF
:10D870003DFEC4F890010220012100220023009502
:10D88000019505F033FEC4F8940101200A2100221D
:10D89000F7F7D9FEC4F89801022005210022FF23E2
:10D8A00084F8AC510AF0FAFAC4E96D0501200421AC
:10D8B0000022C4F8C251C4F8C651C4F8CC5184F84F
:10D8C000D561F7F7C0FEC4F8BC01322084F8C0511E
:10D8D000C4F8AD0104F00AFDC4F870010520482128
:10D8E00084F88871A4F87C5107F099FDC4F8780198
:10D8F0002680E57084F8D451267301F013FE227B54
:10D90000072101F0FFFD41F2A860C1F2000003B061
:10D91000F0BDB0B582B0D8B10446FAF721F994F859
:10D92000881104F5BC7245F6BA030092C0F60603EE
:10D9300000220025FAF7F1F8D4F8780107F058FD35
:10D94000462806D1F7F7E5FFF8F71EF9002500E0B5
:10D95000FE2568B202B0B0BD50B1134642784AB15C
:10D96000D0F8BC014DF26932C0F6040201F04EBDA0
:10D97000FE2000E0002040B27047000010B50446D1
:10D98000FAF7EEF845F6BA0210A1C0F60602FAF769
:10D990000BF954B16078B0B1E078012807D194F860
:10D9A000C001013084F8C0010DE0FE200CE0012030
:10D9B00084F8C001E0700620207301F0B3FD227BE3
:10D9C000072101F09FFD002040B210BD63616C6C27
:10D9D00065643A20656F5F706F735F537461727432
:10D9E00028290000B0B50446FAF7BAF845F6BA029D
:10D9F00012A1C0F60602FAF7D7F8E4B16078C0B118
:10DA0000E078B0B194F8C00198B1013884F8C00151
:10DA100000064FF000050FD120460FF07FFC0420D8
:10DA2000E570207301F07EFD227B072101F06AFD85
:10DA300002E0002500E0FE2568B2B0BD63616C6CB9
:10DA400065643A20656F5F706F735F53746F702801
:10DA50002900000020B310B586B004464078D0B14C
:10DA6000E078C0B194F8AC01A8B194F8D4010128D1
:10DA700011D1D4E97301421C8842C4F8CC210AD9DF
:10DA8000B4F8C601B4F8C81150EA01020BD1012064
:10DA900084F8D5012BE0002006B0BDE8104000E07E
:10DAA000FE2040B2704741EA004140F3C0300022FE
:10DAB0004FF4E023CDE904100020392184F8D5216A
:10DAC000CDE9022307F0ABFC0290032084F8880123
:10DAD000FAF746F894F8881145F6BA030DF1080CE8
:10DAE000C0F606030022CDF800C0FAF716F8D4F805
:10DAF000C201C4F8C6010020C4F8CC01CCE7000084
:10DB00002DE9F04184B00D460446FAF729F845F6B0
:10DB1000BA023FA1C0F60602FAF746F8002C6DD013
:10DB2000607800286FD0E07800286CD094F8AC01C1
:10DB3000002868D0012D63D145F20220A4F8A40189
:10DB400001A80025C4F8A801A67F40F60F60CDF813
:10DB50000A50CDF8065004F5D278ADF80400F8F775
:10DB6000F4FD41463246F8F7F5FF9DF80A0000F053
:10DB7000FE008DF80A0000BF04EB850090F821102C
:10DB8000CA0619D590F82020408C130902F00F0224
:10DB90008DF805200A0142EA11118DF804308DF844
:10DBA0000610ADF80800F8F7D0FD27F0FF018F1937
:10DBB00041463A46F8F7CEFF0135042DDCD194F802
:10DBC000AD018DF80F0045F20230A4F8A4010DF16B
:10DBD0000F00C4F8A801F8F7B8FDD4F8B421414605
:10DBE000F8F70CFF40F20110D4F8C211A4F8D401E8
:10DBF0000020C4F8C611C4F8CC0105E0FE2003E003
:10DC000020460FF08BFB002040B204B0BDE8F0814D
:10DC100063616C6C65643A20656F5F706F735F540D
:10DC200072616E736D697373696F6E2829000000ED
:10DC30002DE9F04383B01F4615460E460446F9F71A
:10DC40008FFF45F6BA0245A1C0F60602F9F7ACFF10
:10DC500074B16EB130780D281CD1607801282AD1BA
:10DC6000204631462A4603B0BDE8F0430FF0FCBA27
:10DC700041F2A866C1F200060520307301F052FCA3
:10DC8000327B072101F03EFC15B120460021A84758
:10DC9000FE270CE00520207301F044FC227B0721C5
:10DCA00001F030FC15B120460021A847FF2778B2CB
:10DCB00003B0BDE8F08396F80480022140460522B7
:10DCC0004FF0050905F010FF3179884543D1002850
:10DCD00041D00220207301F025FC227B072101F0B6
:10DCE00011FCD4F8700104F0E9FBC4E90154A770F9
:10DCF000B088B27AADF80200D6F806000DF102083D
:10DD0000002708F1060102970190C2F3430002F0D8
:10DD10000102012331F8125003FA00F040EA050332
:10DD2000D4F8980121F81230F7F7D7FCD4F898010D
:10DD30004146F7F7B7FC4DF27D30C0F6040004F51C
:10DD4000CE75C4E96706F7F7E4FDD4F898112A46C2
:10DD5000F7F730FFABE784F80C909DE763616C6CDC
:10DD600065643A20656F5F706F735F5665726966B0
:10DD700079282900002814BF90F8D50100207047A9
:10DD8000B0B582B042F68C65C0F60605002818BF13
:10DD90000546287810B3FDF737FB04211C22012328
:10DDA000FDF73CFB044695E80F004FF0000C84E8BB
:10DDB0000F006988E868206149B1402000220023F3
:10DDC000CDF800C0CDF804C0FCF7E6F98446A86899
:10DDD000C4F814C018B18047A06100E000242046B8
:10DDE00002B0B0BD70B588B00C46064600250020D4
:10DDF0002C21CDE9025507F012FB02904FF0FF30C5
:10DE00000694079036B370694FF62F61C0F604018F
:10DE100006AAFCF769F90146706921B1FCF7D1F84F
:10DE200000F1340516E0FCF7E0F871690546084694
:10DE3000FCF7B2FA40EA05200025ADF80E00CDE966
:10DE40000445F9F78DFE02AE04210022002300965E
:10DE5000F9F763FE284608B070BD2DE9F04796B08B
:10DE60000C4605460027002028211646CDE90277FA
:10DE700007F0D5FA0290ADF80E700597049705B338
:10DE8000FCB104F120073846FEF7D6FE20B394F823
:10DE90004100052843D0032839D001280FD10CF0C8
:10DEA000D9FF0CF0E5FF804668698946FCF769F9FF
:10DEB0008246304600F019FFBAF1010F62D1FF2708
:10DEC00035E0F9F74DFE02AF042100220023009750
:10DED000F9F723FEFE2743E06869FCF786F86969D5
:10DEE00005460846FCF758FA40EA0520ADF80E0052
:10DEF000E06C616CCDE90410F9F732FE02AF042149
:10DF0000002200230097F9F708FEFF2728E0A16C04
:10DF100004F1400338460122FEF718FF05E004F142
:10DF2000400238460121FEF7F3FE0746E0B168697A
:10DF3000FCF75BF8696905460846FCF72DFA40EAEC
:10DF40000520ADF80E00E06C616CCDE90410F9F726
:10DF500007FE02AE0421002200230096F9F7DDFD42
:10DF600078B216B0BDE8F087002E4FF00007F7D06A
:10DF7000207810F02000F3D0307800F0FC00023060
:10DF80003070EDE7264616F8400F042101EA9001B3
:10DF900000F0C80008448DF8180002208DF8190020
:10DFA0007068F2684FF0000CCDE9070C099243F657
:10DFB0003C206A68C0F60600006818EB020349F1CD
:10DFC0000001ADF81AC0904204BF4FF0FF314FF08E
:10DFD000FF33CDE90A3197E80F40D7E905890DF104
:10DFE000300A8AE80F4011A880E80013686906A982
:10DFF000CDF850C0FCF77EF9384602213246FEF7D4
:10E00000C2FE0746002892D10027A9E72DE9F0417A
:10E0100088B00D460446002600202B219046CDE90D
:10E02000026607F0FCF902904FF0FF30ADF80E6089
:10E03000CDE9046606950790B4B360694FF62F6189
:10E04000C0F6040106AAFCF74FF806466069B6B3AD
:10E050003146FBF7B6FFB8F1000F074606D007F1CF
:10E060001800414601220023FEF704FEE0684FF04D
:10E0700000083946C7F81080C7F8148004F0ACFBDC
:10E08000074660B1ADF80E80CDE90458F9F768FD98
:10E0900002AD0421002200230095F9F73EFD6069DE
:10E0A0003146FBF7BDFF22E0F9F75AFD02AF04212C
:10E0B000002200230097F9F730FDFE2717E0FBF759
:10E0C00094FF616904460846FCF766F940EA0420BB
:10E0D000ADF80E000020CDE90450F9F741FD02AF84
:10E0E0000421002200230097F9F717FDFF2778B2DB
:10E0F00008B0BDE8F0810000D0B170B504460CF066
:10E10000A9FE0CF0B5FE054660690E46FCF72CF83A
:10E1100050B1D0E90401401B71EB060004D26069E4
:10E12000FCF7D1F86069F1E70020BDE8704000E03D
:10E13000FE2040B27047000000283DD02DE9F04F8E
:10E1400081B00546407890B3E87880B395F8AC018B
:10E1500068B3087A91460E46F8B9707A10F00F0B42
:10E160001BD0D5F8B811070901F1040A00240DF1FC
:10E170000208BBF1020F28BF4FF0020B06EB440070
:10E1800040894246ADF802003819C1B25046012319
:10E19000F7F700FA0134A345F0D13078010909F00E
:10E1A000010005EB400000F5E370F8F717FF0020D1
:10E1B00001B0BDE8F04F00E0FE2040B27047000023
:10E1C0002DE9F04F83B08B460446F9F7C9FC45F6BC
:10E1D000B10253A1C0F60602F9F7E6FC002C4FF09D
:10E1E000FE0000F09980BBF1000F00F095809BF8D5
:10E1F00000000C2840F08F806078012807D120466D
:10E200005946002203B0BDE8F04F0FF0F3B9F9F71B
:10E210003BFA01214FF00108F9F744FCF9F734FA11
:10E22000F9F72AFB002874D0F9F72EFA002100270D
:10E23000F9F7BAFAC4F8B80104F1140059464FF4DA
:10E24000AC72E3F7BEFE04F5E17604F11D05C4F8F7
:10E25000C271C4F8C671C4F8CC7184F8D58100BF0E
:10E26000E95D01F0010006EB4000C1F34301F8F75E
:10E27000BDFE0137032FF3D10BF1090700264FF044
:10E280000F094FF0020A0DF1080800BFB85DBBF896
:10E2900007106AF35F10CDF808908DF80900D4F8E4
:10E2A0009001ADF80A10414605F01DFA0136032E23
:10E2B000ECD14FF000084FF002090DF106050026E1
:10E2C000B85D294669F35F108DF80600D4F8940113
:10E2D0008DF8078005F007FA0136032EF0D1F8F724
:10E2E0000EF8D4F89011F8F7A9F8F8F708F8D4F870
:10E2F0009431022104220425F7F7AAFD0120607061
:10E30000257301F00FF9227B062101F0FBF80020B4
:10E3100002E000206070FF2040B203B0BDE8F08F43
:10E3200063616C6C65643A20656F5F7073635F4115
:10E3300063746976617465282900000010B586B0A1
:10E34000044600284FF0FE0018BF002936D0607840
:10E3500098B308780528014698BF0521C82928BF29
:10E36000C821884284F8AD1121D041EA0020002163
:10E37000CDE90211ADF80E00CDE9041105203921D7
:10E3800007F04DF80290032084F88801F9F7E8FBC4
:10E3900094F8881145F6B1030DF1080CC0F6060398
:10E3A0000022CDF800C0F9F7B8FB94F8AD014000A9
:10E3B000C4F8D001012084F8AC01002040B206B0BE
:10E3C00010BD0000B0B50446F9F7CAFB45F6B1022E
:10E3D0002DA1C0F60602F9F7E7FB002C51D06078BA
:10E3E000002844D0E078012802D1204600F032F91C
:10E3F00094F8C001002842D1607848B1D4F8BC013B
:10E400004DF20572C0F604020021002300F0FEFF69
:10E41000F7F775FFD4F8943102210422F7F7AAFD2B
:10E42000F7F76DFFD4F89011F8F758F8F9F72CF9D1
:10E4300000210025F9F736FB04F114004FF4AC710C
:10E44000C4F8B851E3F75EFED4F89001FF212175BE
:10E4500005F00CF8D4F8940105F008F8D4F8980108
:10E46000F7F73BF9D4F8700104F028F86570012043
:10E47000207301F057F8227B062101F043F80020B9
:10E4800000E0FE2040B2B0BD63616C6C65643A2070
:10E49000656F5F7073635F4465616374697661740F
:10E4A0006528290041F68000C1F2000001780129A9
:10E4B00018BF00207047F0B583B041F68004C1F268
:10E4C00000042078012856D0FF2020750025042064
:10E4D000032100220023CDE90055042605F006F8AB
:10E4E000C4F8900102200321002200230095019529
:10E4F00004F0FCFFC4F8940101200A210022012746
:10E50000F7F7A1F8C4F89801022004210022FF23A4
:10E5100084F8AC5109F0C2FCC4E96D050120042166
:10E520000022C4F8C251C4F8C651C4F8CC5184F8D2
:10E53000D571F7F788F8C4F8BC01322084F8C051CF
:10E54000C4F8AD0103F0D2FEC4F8700105203721F4
:10E5500084F88861A4F87C5106F061FFC4F8780162
:10E560002780E57084F8D451277300F0DBFF227B0D
:10E57000062100F0C7FF41F68000C1F2000003B0A1
:10E58000F0BDB0B582B0D8B10446F9F7E9FA94F815
:10E59000881104F5BC7245F6B1030092C0F606037B
:10E5A00000220025F9F7B9FAD4F8780106F020FF27
:10E5B000352806D1F7F7ADF9F7F7E6FA002500E0C0
:10E5C000FE2568B202B0B0BD50B1134642784AB1E0
:10E5D000D0F8BC014DF20572C0F6040200F016BF7F
:10E5E000FE2000E0002040B27047000010B5044655
:10E5F000F9F7B6FA45F6B10210A1C0F60602F9F72E
:10E60000D3FA54B16078B0B1E078012807D194F81A
:10E61000C001013084F8C0010DE0FE200CE00120B3
:10E6200084F8C001E0700620207300F07BFF227B9D
:10E63000062100F067FF002040B210BD63616C6CE2
:10E6400065643A20656F5F7073635F5374617274C1
:10E6500028290000B0B50446F9F782FA45F6B10260
:10E6600012A1C0F60602F9F79FFAE4B16078C0B1D2
:10E67000E078B0B194F8C00198B1013884F8C001D5
:10E6800000064FF000050FD120460FF015F80420CA
:10E69000E570207300F046FF227B062100F032FF78
:10E6A00002E0002500E0FE2568B2B0BD63616C6C3D
:10E6B00065643A20656F5F7073635F53746F702891
:10E6C0002900000020B310B586B004464078D0B1D0
:10E6D000E078C0B194F8AC01A8B194F8D401012855
:10E6E00011D1D4E97301421C8842C4F8CC210AD963
:10E6F000B4F8C601B4F8C81150EA01020BD10120E8
:10E7000084F8D5012BE0002006B0BDE8104000E001
:10E71000FE2040B2704741EA004140F3C030002281
:10E720004FF4C023CDE904100020392184F8D5210D
:10E73000CDE9022306F073FE0290032084F88801DD
:10E74000F9F70EFA94F8881145F6B1030DF1080CAB
:10E75000C0F606030022CDF800C0F9F7DEF9D4F8C0
:10E76000C201C4F8C6010020C4F8CC01CCE7000007
:10E77000002864D02DE9F04383B08146407800281A
:10E7800062D099F8030000285ED099F8AC01002807
:10E790005AD0012955D145F20220A9F8A4016846B2
:10E7A000002709F5D278C9F8A801012009F11D0553
:10E7B000CDF80670CDF80270ADF800708DF8060047
:10E7C0008DF802009DF802009DF8061000F00F0081
:10E7D00040EA47108DF8020001F00F0040EA4710B0
:10E7E0001030EC5D8DF80600F7F7AFFF26F0FF0163
:10E7F0000E1941463246F8F7ADF90137032FE1D142
:10E8000099F8AD018DF80B0045F20230A9F8A4018A
:10E810000DF10B00C9F8A801F7F797FFD9F8B4215B
:10E820004146F8F7EBF840F20110D9F8C211A9F807
:10E83000D4010020C9F8C611C9F8CC0105E0FE20BA
:10E8400006E048460EF038FF002003B0BDE8F04374
:10E8500040B27047F0B583B01F4616460D460446D9
:10E86000F9F77EF945F6B1023FA1C0F60602F9F7C5
:10E870009BF974B16DB128780C281CD160780128FF
:10E8800027D120462946324603B0BDE8F0400EF0BD
:10E89000B1BE41F68005C1F200050520287300F0E5
:10E8A00041FE2A7B062100F02DFE16B120460021F4
:10E8B000B047FE2055E00520207300F033FE227B98
:10E8C000062100F01FFE16B120460021B047FF20B0
:10E8D00047E00220207300F025FE227B062100F095
:10E8E00011FED4F8700103F0E9FD0021C4E90164D0
:10E8F000A77002910F218DF802102979D5F8052013
:10E900000DF1020006308DF8031001920921012259
:10E910006B5C0131C3F3430703F0010330F813606C
:10E9200002FA07F737430C2920F81370F0D1D4F816
:10E930009801F6F7D2FED4F898010DF10201F6F72E
:10E94000B1FE4DF21570C0F6040004F5CE76C4E9B0
:10E950006705F6F7DEFFD4F898113246F7F72AF983
:10E96000002040B203B0F0BD63616C6C65643A2076
:10E97000656F5F7073635F566572696679282900F9
:10E98000B0B50C464FF0FE0160B15CB10546406881
:10E9900000F09EFB6968002821604FF0000108BF6D
:10E9A0004FF0FF3148B2B0BD002818BF303070477B
:10E9B000F0B581B042F69C66C0F60606002818BF86
:10E9C0000646FCF721FD042178220123FCF726FDF1
:10E9D000044600F0D0FA206000F0CDFA7188606043
:10E9E000084600F055F9B188A060084600F050F9DB
:10E9F000B1680027C4E9030130886761278340B10B
:10EA0000FCF702FD328804210123FCF707FD0546CF
:10EA100000E0002543F66020C0F60600D0E90001C2
:10EA2000C4E90750C4E90910E16204F13000302163
:10EA3000E3F768FBD6E90301C4E91A772767206684
:10EA400060683388616629461C2200F07BFA6068A2
:10EA500000F038FA204601B0F0BD00002DE9F04F7B
:10EA600087B005460020ADF81A00ADF81800002D5B
:10EA70004FF0FE0000F0C2800C46002900F0BE807E
:10EA800068689946904600F01DFA03A90DF10A0244
:10EA90002046FEF760FB05A90DF112022046FEF7A5
:10EAA000BAFB04A92046FEF76AFB28680599BDF861
:10EAB0001220BDF8103000F045FA286800F02AFA5C
:10EAC00000286FD0286800F035FC834628680F4680
:10EAD00000F010FC43F66024C0F60604D5E90832C5
:10EAE000D4E90046824682EA060083EA04063043FF
:10EAF0000C461DD0581C42F100018BEA000287EA47
:10EB000001031A4314D0EA6ED5E90A3C0132EA66E1
:10EB10002A6E039E05F1400E2E63C5E90EB78EE8FE
:10EB20000304C5E91343C5F854C00AB12846904709
:10EB30002868C5E908B7C5F828A0EC6200F0DFFA3C
:10EB4000002842D0074600240DF11A0B0DF1180AD7
:10EB5000002600BF2868A9685A4600F0D3FA38B1E9
:10EB6000BDF81A0090B30136BE42F3D32EE000BFC9
:10EB7000D5E902132869039A0134F6F743FAE868E5
:10EB800000F044F80028EBD06868E9680022002310
:10EB9000CDF800A000F0FCF90028E1D0286F01308A
:10EBA0002867DDE7D5E919102A680130A8660398BF
:10EBB000C5E9160209B128468847B9F1000F1CBF04
:10EBC000002089F80000FF2018E00024B8F1000FB1
:10EBD00018BFA8F80040109CB9F1000F07D0686872
:10EBE00000F076FA002818BF012089F8000024B14F
:10EBF000286800F07FFBC4E90001002040B207B0A4
:10EC0000BDE8F08F002818BF20307047002814BFDF
:10EC100040780020704700280EBF0020007800F0E8
:10EC200003007047E8B14278911F11F1050F18D326
:10EC3000017840888B0712D1053A12F1030F0ED3E9
:10EC400078B103300A0720F003004FF00C0258BFE0
:10EC50000822104401F0040100EB410002E000280A
:10EC6000EFD0002080B2704741788A1F12F1050F63
:10EC70000CD302784088920706D1053911F1030FB1
:10EC800002D318B1012070470028FBD00020704744
:10EC9000B0B50546FCF7B8FB042158220123FCF768
:10ECA000BDFB044605834DB1FCF7AEFB01210122FB
:10ECB0002B46FCF7B3FB218BA06001E0A06800218C
:10ECC0000022C4E90022E3F7FBF94FF0FF30C4E96A
:10ECD0000300606104F12000FDF75EFF04F14000D5
:10ECE0001821E3F70FFA2046B0BDB0B5B0B1044625
:10ECF000002505608068218B6560E3F7E1F94FF03E
:10ED0000FF30C4E90300606104F12000FDF744FF17
:10ED100004F140001821E3F7F5F900E0FE2568B2A0
:10ED2000B0BD4FF0000CC1B110F0C00315D10332DB
:10ED300022F0030205390832830718BF082211F1B7
:10ED4000030F4FF0040101EA500100F0040041EA12
:10ED5000400038BF082202EB000C1FFA8CF070470D
:10ED600003304FF6FC71084070474088002818BFF8
:10ED7000012070470146007880074FF0000018BF5F
:10ED8000704749780239032938BF012070470000D5
:10ED9000431E5FFA83FCBCF1040F9ABF0CA313F867
:10EDA0000CC04FF0010C00F0FD030538013BB0FA38
:10EDB00080F0B3FA83F34009012A4FEA531308BFE6
:10EDC00040EA030C002918BF01218CEA01007047BA
:10EDD000000100010000000080B591F800C04280F1
:10EDE00080F800C0CA6891F801C0D1F804E0C0E919
:10EDF0000232D1E9041280F801C0C0F804E0C0E991
:10EE0000041280BD811E0020032938BF01207047F5
:10EE1000411E0020052938BF01207047A0B32DE90D
:10EE2000F04381B00546806848B30E46016845F25C
:10EE30007863C1F23423994221D14FF0FF01FEB132
:10EE40001446828844F22139104450F8187FC8F2E1
:10EE500065794F4514D1B16889B10F689F420ED1D1
:10EE6000B1F80480183151F808304B4507D1B8F19A
:10EE7000000F25D02B8842441C329A4207D9FF212B
:10EE800001B0BDE8F04300E0FF2148B270474246C0
:10EE9000E3F710F86888A96840446880B0688A88F9
:10EEA000C38802EB0800CA8888801A44CA8011FA15
:10EEB00080F1C1F818901CB12988081A1C382080EC
:10EEC0000021DDE7B0B10188002918BF1C2182684C
:10EED00041800021818072B145F27860C1F2342016
:10EEE000C2E9000144F22130C8F26570C2E90211A2
:10EEF000906100E0FE2148B270474FF0FE0238B149
:10EF000031B1B0F900001C22D0FA52F00022088082
:10EF100050B27047A0B1806890B1016845F2786244
:10EF2000C1F2342291420BD18188084480694BF6AA
:10EF3000DF41C7F69A010844B0FA80F040097047F3
:10EF4000002070474FF0FE0C90B189B11C2B02D20B
:10EF50004FF0FF0C0CE01C2A4FF0FF0C08D39A4234
:10EF600006D84FF0000C03804280A0F804C08160F6
:10EF70004FFA8CF0704780B5FCF746FA04210C225A
:10EF80000123FCF74BFA002101608180816080BD84
:10EF900000283ED02DE9F04F97B004460F460029D7
:10EFA0004FF0FE0049D0A168002946D03846994666
:10EFB0009346FFF759FE00283ED03846FFF732FE51
:10EFC000D4F808A0B4F80080BAF804100546A8EBFD
:10EFD0000100A0F11C06AE42ADF85A501BDA06AF94
:10EFE00038464021E3F78EF86088BAF8061029A267
:10EFF000CDE90001CDE9021638464021434604958B
:10F00000E2F7DCFBF8F7ACFD39460022F8F7CCFD5F
:10F0100012E0FE2014E00AEB010000F1180588461A
:10F02000F9F799FC0DF15A0CB2B239462B46CDF8DE
:10F0300000C0F9F79AFC28B1FF2017B0BDE8F04FE7
:10F0400040B27047A068BDF85A10628883880A44AD
:10F0500062805A18C38882800133C38044F221330E
:10F0600010FA82F2C8F26573BBF1000F9361209A27
:10F070001CBF4746ABF80080B9F1000F18BFA9F8D4
:10F08000001022B121888088081A1C3810800020C6
:10F09000D3E700BF4E6F7420656E6F75676820738D
:10F0A0007061636520696E20726F706672616D6554
:10F0B000207265706C793A202025642C2025642C00
:10F0C0002025642C2025642C2025642C2025640018
:10F0D00098B1806888B1016845F27862C1F2342243
:10F0E00091420AD1818844F2213201448969C8F2EF
:10F0F0006572914204BFC0887047002070478068E5
:10F10000C08870472DE9F04188B005460020002DE9
:10F110004FF0FE06ADF81E008DF81D005DD00F46C5
:10F1200000295AD0A86890468188AA88914209D1BE
:10F130003846FFF7DAFDB8F1000F4FF0FF064CD06C
:10F14000002048E010448C1A00F11806FEF7C6F8BB
:10F150000DF11D0C0DF11E0EA2B231463B46CDE95C
:10F1600000ECFEF7C5F8064650B300243846CDE95A
:10F170000444FFF7BAFD0F209DF91D100290B01C4A
:10F18000ADF80E10ADF80C400ED1F8F7E9FC46F6DC
:10F19000440245F6DB0302AFC0F60602C0F60603E2
:10F1A00005210097F8F7B9FCF8F7DAFC45F6DB0320
:10F1B00002AF0CA2C0F6060304210097F8F7ADFCDD
:10F1C000BDF81E00A988B8F1000F0844A88004D03B
:10F1D000A9688988081AA8F8000070B208B0BDE8CC
:10F1E000F08100BF656F5F726F706672616D655F01
:10F1F000524F505F506172736528293A20656F5FE6
:10F200007061727365725F476574524F5028292090
:10F210006861642070726F626C656D73000000003D
:10F2200040B3B0B505468068144682886318D31A87
:10F230001BB2012B07DB084418309AB20119E2F720
:10F240007EFEA86882886988091B6980111BC288B4
:10F250008180013AC28010FA81F044F22131C8F273
:10F26000657181611C302146E2F72AFF0020BDE86C
:10F27000B04000E0FE2040B2704770B5054600285F
:10F280004FF0FE0018BF002901D140B270BD1646F4
:10F29000002AFAD0A8681C462B8882889B1A1C3B3F
:10F2A000B34201DAFF20F0E7104418303246E2F7AB
:10F2B00001FEA96868888A88304468809019CA88E5
:10F2C00088800132CA8044F2213211FA80F1C8F2FA
:10F2D00065728A611CB12988081A1C3820800020B8
:10F2E000D3E74FF0FE0218B111B140880022088028
:10F2F00050B2704710B18068083003E043F6202018
:10F30000C0F60600D0E90001704700280FBFFE20BC
:10F310008068C0E90223002040B270471C21D0FA67
:10F3200051F080B2704700280FBF00208068084469
:10F330001830704710B18068103003E043F6602049
:10F34000C0F60600D0E90001704700280FBFFE207C
:10F350008068C0E90423002040B270472DE9F04FD7
:10F3600089B01C4616460F468146F6F7E4F9F6F7D3
:10F37000F4F9002F41D083463846F6F7D7F9E0B3C9
:10F3800038460194F6F7D2F943F64421C0F6060157
:10F390000978054601F0F3008DF8080004208DF887
:10F3A00009004FF0FF30059035B34FF000080DF124
:10F3B000080A00BF5FFA88F13846F6F71DF9A8B1D0
:10F3C00004461EB12068B04701280FD1206851467D
:10F3D0000390584603F0DDF940B948462146F6F758
:10F3E00061F94846F6F720F9012805D008F101082F
:10F3F0005FFA88F0A842DDD3019C1CB14846F6F7BD
:10F4000095F92070002009B0BDE8F08F2DE9F04F8C
:10F410008FB0019391468B460546F6F78CF9F6F7C7
:10F420009CF943F64421C0F606010978824604207F
:10F430008DF821004FF0FF3021F00C0809900B905F
:10F4400028468DF82080F6F771F990B10646002421
:10F4500008AF00BFE1B22846F6F7CEF828B1006841
:10F4600039460990504603F0A8F90134E0B2B042A1
:10F47000F0D32846F6F731F9BBF1000F38D05846E3
:10F48000F6F754F9A0B35846F6F750F906460420AB
:10F490008DF809004FF0FF308DF8088005903EB3DD
:10F4A0004FF0000802AC00BF5FFA88F15846F6F74B
:10F4B000A3F8B8B10746B9F1000F03D03868C847C0
:10F4C00001280FD1386821460390504603F061F9B6
:10F4D00040B928463946F6F7E5F82846F6F7A4F885
:10F4E000012805D008F101085FFA88F0B042DBD3AB
:10F4F000019C1CB12846F6F719F9207000200FB0C6
:10F50000BDE8F08F58B1A1F1FE03022B4FF0FF03CD
:10F5100006D3802904D000690023425400E0FE2372
:10F5200058B2704740F61030C1F20000017801294E
:10F5300018BF0020704700002DE9F0438DB040F661
:10F540001039C1F2000999F80010012900F0DD809E
:10F550000446F8F705FB42F27855C0F606056EA1A1
:10F560002A46F8F721FB00203B214FF0000805F068
:10F5700056FFCDE90208CDE90488F8F7F1FA02A9AF
:10F580000091012100222B460125F8F7C6FA89F8DF
:10F59000005007F029FD07F030FDC9F8040002F023
:10F5A000A5FEC9F808004FF47F40A9F82400FE200A
:10F5B00000210322002309F0F1F8C9F810004FF0F0
:10F5C000FF3000EB1461C9F82040B4F1807F38BFF0
:10F5D0000021D9F8040089F80C10C9B2FDF709FC24
:10F5E00042F2F070C0F60600F7F7D5FDC8B142F25E
:10F5F000F07504460020C0F60605002781B22846B3
:10F60000F7F7C7FD064608F01DFC012805D1D9F81B
:10F61000040031460122FDF76FFC0137F8B2844245
:10F62000ECD8F8F776FFF8F76BFFF8F771FCF8F70E
:10F63000EFF80020F6F768FE0020F6F7CEFF01F0A5
:10F6400018FEF1F76FFA06A9CDF81880F1F75FFA06
:10F65000F2F7B3FB06A9CDF81880F2F7A3FBFAF78F
:10F66000CDFFFCF7F3FD00F0AFFCF9F7E4FC02F08E
:10F6700096FAFEF720FFFEF7E6F843F63820C0F6CC
:10F68000060000684DF20924C0EBC00007904FF05F
:10F690004030C0F602048DF818800890099406F0F6
:10F6A000CDFC06F0D4FCCDE90A4006F0C7FC06F01C
:10F6B000CEFC06AC0C902046F7F750F80020F6F789
:10F6C00031F9002000F091FA0020F8F797FAF8F7E6
:10F6D0008BFAF8F70EFB0020092105F0A0FECDE91A
:10F6E0000608CDE90888F8F73BFA42F27855C0F6EB
:10F6F0000605012100222B460094F8F70EFAF8F7D0
:10F700002FFA0DA12A46F8F74FFA40F61030C1F251
:10F7100000000DB0BDE8F083656F5F7365727669B8
:10F720006365735F496E697469616C6973652829E3
:10F730002073746172747300656F5F7365727669AC
:10F740006365735F496E697469616C6973652829C3
:10F75000206973206F7665720000000070B586B076
:10F7600000284FF0FE0500F00F82002900F00C8207
:10F77000064608784C7807284DD80D1DDFE800F0C4
:10F78000044B4B095504644430462146EDF73AFEDC
:10F79000F9E128780021092C0591CDE903110291A6
:10F7A00000F27481DFE814F00A001501AF00CE000A
:10F7B000710034015301ED007A01900040F61031E0
:10F7C000421EC1F20001FE2A81F8260011D3052055
:10F7D000222105F024FE0290F8F7C2F902A942F2B4
:10F7E00078530091C0F60603012100220025F8F7A6
:10F7F00094F9FCF71BFD4FF29142C0F60202294634
:10F800000123FDF71FF8BEE1304621460022002506
:10F81000EEF76EFAB8E1316900254874FF200D74E7
:10F820008C74C874EDF79AFDAEE1A4F1FE000228D5
:10F8300001D3802C0ED130694FF480610182FF2109
:10F840008474C17400219BE1304621462A46EEF7BC
:10F850004FFA98E13069015D41F00201062940F05C
:10F860003E81092C00F27781DFE814F00A00600184
:10F8700048014D013E0165016A0152016F014301DA
:10F88000FCF7D4FCFCF7C0FD63E1FF2811D1052093
:10F89000252105F0C4FD0290F8F762F902A942F2B1
:10F8A00078530091C0F60603012100220025F8F7E5
:10F8B00034F9F9F7B7FB4FF2A312C0F6020229465A
:10F8C0000123F9F749FE5EE1FF2811D105205B21F4
:10F8D00005F0A5FD0290F8F743F902A942F278532A
:10F8E0000091C0F60603012100220025F8F715F962
:10F8F000F2F763FA4EF6AF12C0F602022946012370
:10F90000F2F7B6FE3FE1FF2811D10520242105F0D2
:10F9100086FD0290F8F724F902A942F2785300918B
:10F92000C0F60603012100220025F8F7F6F8FAF7E1
:10F930005CFE4EF69742C0F6020229460123FBF711
:10F940000AF820E1FF2811D10520262105F067FDE6
:10F950000290F8F705F902A942F278530091C0F637
:10F960000603012100220025F8F7D7F800F022FB5A
:10F970004EF6ED42C0F602022946012300F0AEFD2C
:10F9800001E1FF2811D10520492105F048FD029031
:10F99000F8F7E6F802A942F278530091C0F60603A0
:10F9A000012100220025F8F7B8F8F8F7D9F842F25B
:10F9B000785280A1C0F60602F8F7F6F8FDF73AFF94
:10F9C0004EF60522C0F6020229460123FEF730F961
:10F9D000D9E0FF2811D10520232105F020FD029058
:10F9E000F8F7BEF802A942F278530091C0F6060378
:10F9F000012100220025F8F790F801F031FC4FF2C8
:10FA0000E302C0F602022946012301F0ACFDBAE090
:10FA1000FF2811D10520332105F001FD0290F8F7F0
:10FA20009FF802A942F278530091C0F60603012123
:10FA300000220025F8F771F802F0A8F84FF2893299
:10FA4000C0F602022946012302F0BCFA9BE0FF281F
:10FA500011D10520382105F0E2FC0290F8F780F87A
:10FA600002A942F278530091C0F606030121002258
:10FA70000025F8F752F8FEF715FD4EF65B22C0F6AA
:10FA8000020229460123FEF7E5FE7CE032694FF4CD
:10FA9000407313829474D074117572E0FF2811D1F1
:10FAA0000520552105F0BBFC0290F8F759F802A992
:10FAB00042F278530091C0F606030121002200258E
:10FAC000F8F72BF8F1F72EF84EF659120126C0F68A
:10FAD0000202294600230096F2F7F2F853E04FF4B1
:10FAE00080610182847448E0F9F79CFAF9F758FBC9
:10FAF0002FE0F2F762F9F2F7B5FD2AE0FAF775FDAB
:10FB0000FAF7C5FE25E000F055FA00F044FC20E0CD
:10FB1000F8F726F842F278521DA1C0F60602F8F76F
:10FB200043F8FDF787FEFDF729FF12E001F098FB8F
:10FB300001F0AFFC0DE002F029F802F0DDF808E07A
:10FB4000FEF7B0FCFEF752FD03E0F0F7EBFFF2F733
:10FB5000B1F810B1306900210BE0301901210175B5
:10FB600005F025FD012105F0F5FEB0FA80F13069C0
:10FB700049090174042184744174FF21C174015D39
:10FB80000175EDF7EBFB002568B206B070BD00BF54
:10FB900063616C6C696E6720656F5F706F735F5334
:10FBA00074617274282920696E20736572766963A6
:10FBB0006500000063616C6C696E6720656F5F7043
:10FBC0006F735F566572696679282920696E2073A4
:10FBD000657276696365000044F62870C1F2000022
:10FBE0000179012918BF00207047B0B544F6287488
:10FBF000C1F200042079012806D00120012101254D
:10FC00001DF008F82060257144F62870C1F200004C
:10FC1000B0BD20B119B9006811461CF0ABBF4FF060
:10FC2000FF30704720B119B9006803211CF0D0BF24
:10FC30004FF0FF3070472DE9F04389B007460028A8
:10FC40004FF0FE0000F084800D46002900F0808017
:10FC5000787800287BD0F878002878D002201446E5
:10FC60008DF8080005F0A3FC0DF10808414605F0E9
:10FC700091FC9DF80800012869D129781E2204F022
:10FC8000010002EAD101084400F14006F6F737FB13
:10FC90003146032200234FF00009F6F76EFA0646BC
:10FCA000FF281CBF07EB8600D0F8C49197F8B0017D
:10FCB00086423ED22868A9796FF31F3040EA0130AE
:10FCC000D5E9021209F10809ADF81A004846089270
:10FCD0000791F5F7A9FC70B307F5DA7757F8260016
:10FCE00003F0FAFB68B30320012105F098FB0290B2
:10FCF0002868A9796FF31F3040EA0130ADF80E0093
:10FD00002846F7F7D8F805912978049008098DF866
:10FD10000D000220002C08BF01208DF80C00F7F721
:10FD20001FFF032100220023CDF80080F7F7F5FE26
:10FD30000DE0FF200CE00DF11A014846F5F7B2FC8A
:10FD400005E057F826000DF11A0103F0CCFC002065
:10FD500040B209B0BDE8F0832DE9F04F85B000282E
:10FD60004FF0FE0600F0B9800D46002900F0B58086
:10FD70000446287807282FD16078012802D1204630
:10FD800000F0B0F8F7F780FCA97AF7F798FEF7F7DC
:10FD90007BFCF7F778FDE8B104F1140029464FF435
:10FDA000AC72E2F70EF9A87A84F8B001B0B104F5AC
:10FDB000E2760027F7F768FCF9B2F7F702FD46F89C
:10FDC000270094F8B00101378742F3D3B0FA80F0EE
:10FDD000400904E000206070FF267EE001204FF41F
:10FDE0008041049129792A898DF81010002100287A
:10FDF000ADF81220ADF80E1084F8B11154D105F110
:10FE00000C0000250DF110090DF10E06019000BF48
:10FE1000019900204FF0010A01EB8501029100BF1A
:10FE200002995FFA80F831F810704FF0010B00BFB3
:10FE30005FFA8BF13846F7F7CDF8012824D19DF809
:10FE4000110000F0E00040EA080040EA4B01D4F85D
:10FE500090018DF81110494603F045FC9DF80E0005
:10FE6000314600F0E00040EA080040EA4B008DF81F
:10FE70000E00D4F894018DF80F5003F034FC94F880
:10FE8000B101013084F8B101BBF10E0F0BF1010B90
:10FE9000CED301205FEACA714FF0000AC0D194F8B6
:10FEA000B00101358542B3D3F6F729FAD4F89011A1
:10FEB000F6F7C4FAF6F723FAD4F8943103210022B6
:10FEC0000026F5F7C5FF0120607004202073FFF7BE
:10FED00029FB227B0321FFF715FB70B205B0BDE8BB
:10FEE000F08F0000002862D0F0B581B00446407861
:10FEF00000284FD0E078012804D1204600F064FAB1
:10FF0000607848B1D4F8D4014DF60322C0F604025B
:10FF100000210023FFF77AFAF6F7F1F9D4F89431CB
:10FF2000032100220025F6F725F8F6F7E8F9D4F8C2
:10FF30009011F6F7D3FAF7F7A7FB0021F7F7BFFD0B
:10FF400004F5D676002784F8B15100BF06EB870090
:10FF50008561F555806803F089FA0137042FF5D1E2
:10FF600004F114004FF4AC71E2F7CCF8D4F890012E
:10FF7000FF21217503F07AFAD4F8940103F076FAA0
:10FF8000D4F89801F5F7A9FBD4F8700102F096FABD
:10FF90000020607001202073FFF7C4FA227B032148
:10FFA000FFF7B0FA002001B0BDE8F04000E0FE200D
:10FFB00040B2704741F65820C1F200000178012993
:10FFC00018BF0020704700002DE9F04182B041F6D3
:10FFD0005828C1F2000898F80000012859D0FF20E5
:10FFE000002588F8140004200F2100220023A8F81F
:10FFF000B0510095019503F079FAC8F890010220FC
:020000040804EE
:100000000F21002200230095019503F06FFAC8F834
:10001000940101200A210022F5F715FB08F5D67698
:100020000027C8F8980100BF06EB87040A2040218A
:1000300000220023A561F5550095019503F056FABD
:100040000137042FA060EFD10420042100220424F2
:100050000025F5F7F8FAC8F8D40102F047F9C8F816
:10006000700105201F2188F8884188F87D5105F02E
:10007000D6F9C8F878010120A8F8000088F80350E4
:1000800088F80C00FFF74EFA98F80C200321FFF7D0
:1000900039FA41F65820C1F2000002B0BDE8F08103
:1000A000B0B582B0D8B10446F7F75AFD94F888117C
:1000B00004F5BC7245F645030092C0F60603002223
:1000C0000025F7F72AFDD4F8780105F091F9072803
:1000D00006D1F5F71EFCF5F757FD002500E0FE25DB
:1000E00068B202B0B0BD0000A8B32DE9F04F81B0F6
:1000F0000646407800285CD096F8B00192460A4641
:1001000088422AD903200021FF234FF6FF7407F00D
:10011000C5FE07469AF80400BAF805108DF80100EC
:1001200044F60250A6F8A401BAF8000006F5D27809
:10013000A0420DF10100ADF80210C6F8A8010ED1E1
:10014000BAF80200A0420AD1F6F7FFFA41463A4651
:10015000F6F754FC2DE0FE202FE0FF202AE0402798
:1001600000254FF0010900BF5FFA85FB012400BFA5
:100170003AF81500E1B2F6F72DFF01280FD107F08C
:10018000E00000EB440040EA0B07F6F7DEFA26F049
:10019000FF0141EA070641463246F6F7DBFC0E2C2A
:1001A00004F10104E4D301255FEAC9704FF00009AE
:1001B000DAD1002001B0BDE8F04F40B270472DE920
:1001C000F04387B070B30446407868B394F8B00148
:1001D0000D4688422AD940F202701646A4F8A401BE
:1001E0000027032000212A46FF2304F5D278C4F813
:1001F000A87107F053FE022E814642D0012E1AD07C
:10020000AEB901208DF8080002A8C4F8A801F6F7DD
:100210009CFA41464A46F6F7F1FB6019002780F840
:10022000AC7104E0FE2702E0002700E0FF2778B26F
:1002300007B0BDE8F08344F602400027A4F8A4010B
:10024000C4F8A871F6F781FA41464A46F6F7D6FB9C
:100250006019012180F8AC110320042105F0DFF8BA
:10026000CDE90207CDE90477F7F77AFC45F64503B7
:1002700002AEC0F60603032100220096F7F74DFCFC
:10028000D5E702A88DF80870C4F8A801F6F75DFA62
:1002900041464A46F6F7B2FB6019012180F8AC11DD
:1002A000C5E750B1134642784AB1D0F8D4014DF6B3
:1002B0000322C0F60402FFF7A9B8FE2000E00020E8
:1002C00040B27047A0B32DE9F04F83B006464078A6
:1002D00000285AD096F8B00192460A46884229D999
:1002E00003200021FF234FF6FF7407F0D7FD0746D8
:1002F000BAF80400DAF80C10ADF8060045F2020076
:10030000A6F8A401BAF8000006F5D278A0420DF1D3
:1003100006000291C6F8A8010ED1BAF80200A04268
:100320000AD1F6F712FA41463A46F6F767FB2CE097
:10033000FE202EE0FF2029E0402700254FF0010994
:100340005FFA85FB012400BF3AF81500E1B2F6F729
:1003500041FE01280FD107F0E00000EB440040EA25
:100360000B07F6F7F2F926F0FF0141EA07064146CE
:100370003246F6F7EFFB0E2C04F10104E4D301251D
:100380005FEAC9704FF00009DAD1002003B0BDE880
:10039000F04F40B27047A0B110B50446407860B14C
:1003A000E078012809D00120E07006202073FFF7D3
:1003B000B9F8227B0321FFF7A5F80020BDE8104023
:1003C00000E0FE2040B2704770B548B30446407864
:1003D00020B3E078002520B320460DF0D5FA0420A4
:1003E000E5702073FFF79EF8227B0321FFF78AF860
:1003F00094F8B001A8B1002604EB8600D0F8C4112F
:10040000D0F8B45101F10800F5F767F9284603F078
:100410002DF894F8B00101368642EDD3002500E0B6
:10042000FE2568B270BD0000002853D02DE9F04FC2
:1004300081B005464078002847D0E878002844D0AD
:1004400095F8B001002840D08B4605F5E27A05F515
:10045000DA780024009500BF5AF8240058F8246088
:10046000BBF1010F00F1080702D13846F5F735F965
:100470003846F5F7D9F8012822D0304603F01DF8A8
:1004800001281DD03846F5F7C2F80546304603F07E
:1004900057F95FFA80F94D4538BFA946009DB9F17B
:1004A000000F0DD0304603F010F801463846F5F73E
:1004B000F9F8304603F0EEF8B9F10109F2D100BFC6
:1004C00095F8B00101348442C6D3002001B0BDE8E4
:1004D000F04F00E0FE2040B2704700002DE9F04FE1
:1004E0008FB09046814600285BD08B46002958D0BB
:1004F0009BF80000072868D199F801001F460128E1
:1005000002D14846FFF7EEFC022089F80C00FFF705
:1005100009F899F80C200321FEF7F4FFD9F87001CF
:1005200001F0CCFFC9E9018989F80270BBF8040029
:10053000DBF80610ADF832009BF80A004FF0000A15
:1005400000284FF000060D91ADF830A041D00DF11C
:10055000300A0024002500BF0BEB8607B889F98913
:1005600004430D43F6F749FDF98907460846F6F7B7
:1005700044FD38440AF806009BF80A00013686421A
:10058000EAD39DF830009DF831104FF0000A08289A
:100590004FF0000688BF0126082988BF4FF0010AE6
:1005A00019E041F65824C1F2000405202073FEF73B
:1005B000B9FF227B0321FEF7A5FFB8F1000F02D09F
:1005C00048460021C047FE208CE0052089F80C0039
:1005D0007AE000250024A0B2ADF83840ADF83A50DA
:1005E000F6F70BFD0746A8B2F6F707FD3844C1B28F
:1005F0000F291ED8EEB9BAF1000F1AD1D9F8980117
:10060000F5F76BF8D9F898010DF13201F5F74AF8D2
:100610004DF61320C0F6040009F5CE75C9E9670B45
:10062000F5F777F9D9F898112A46F5F7C3FA0020BB
:1006300058E00021A9F87C1100020E990F30A9F8AA
:100640007E01C81704AEC9E960103046202109F5C3
:10065000BC74E1F757FD0AF029F90AF030F94DF6BC
:10066000A3310346C0F6040130464A46F4F7A9FC1C
:1006700005200621052504F0D2FEC9F878010420E2
:1006800089F88801F7F76CFA99F8881145F645035F
:10069000C0F6060300220094F7F73FFAD9F8741168
:1006A00081B143F62022C0F60602FF27D9F8700177
:1006B000D2E9002389F889710127CDE90017029654
:1006C00001F088FE89F80C50FEF72CFF99F80C20F9
:1006D0000321FEF717FFB8F1000F02D048460021B2
:1006E000C047FF2040B20FB0BDE8F08F002814BF14
:1006F0004079FF20704700002DE9F04F81B005469A
:10070000F7F72EFA42F6406745F2C4632946C0F671
:1007100006074FA2C0F60603002D18BF012100975F
:10072000F7F7F4F9FAF770FE042110220123FAF723
:1007300075FE81460560E878002689F80500FF20EF
:1007400089F8046089F80600FAF75EFE2B78042128
:100750000822FAF763FE2A78C9F80800A2B1014618
:10076000002700BF41F83760FAF74EFEAB78012151
:100770000122FAF753FED9F808102B7801EBC702D3
:1007800001379F425060EDD3687800283DD045F294
:10079000C46A0026C0F6060A4FF0010BEF68F7F7AF
:1007A000DFF917F83620297807EBC6088A420DD200
:1007B00098F801208A4209D298F80210AA7891424A
:1007C0004FF0000138BF012101E000BF002142F6D7
:1007D000406425A25346C0F606040094F7F796F944
:1007E000D9F8080017F8361098F8023000EBC1026B
:1007F00050F831700BFA03F45268274340F8317017
:10080000D654687801368642C8D3287938B1FAF7C9
:10081000FBFD2A7904210123FAF700FE00E0002005
:10082000D9F80010C9F80C000A691AB14846904777
:10083000D9F80010C878496989F80500002089F8BE
:10084000040009B148468847484601B0BDE8F08F2A
:10085000656F5F736D5F4E657728293A204E554C62
:100860004C20636667000000735F656F5F736D5FA8
:100870005370656369616C69736528293A207772E2
:100880006F6E67206366670000283FD02DE9F04156
:10089000044600680D468178A94239D9217959B9B1
:1008A0008268C078012102EB001021718168FF206D
:1008B000A07109B120468847A068667950F83610C3
:1008C000E940C90726D000EBC60021684068A57141
:1008D000D1E90281405D01EBC0077D78AE4205D0D1
:1008E00008EB0610C16809B120468847796809B14C
:1008F000204688477878AE42607105D008EB051035
:10090000816809B120468847002004E0FE2004E009
:10091000FF2000E0FB20BDE8F04140B2704718B175
:10092000017919B1002012E0FE2010E001680122D7
:100930008B68C978027103EB01118968FF220029D5
:100940008271EFD080B588470020BDE8804040B27A
:10095000704710B5FAF758FD042118220123FAF761
:100960005DFD0446F4F722FBA060F4F71FFBA168CD
:10097000E0600846F4F7C6FAE068F4F7C3FAFF202F
:1009800020704FF440700021208220466180616019
:10099000A174616110BD80B5F6F717FB002814BF84
:1009A0004068002080BD80B5F6F70FFB002814BF1B
:1009B0000078FF2080BD2DE9F0411E4617460C4609
:1009C000F6F703FB80B10546DDE9068008996874F7
:1009D000A86800222C706F806A602A74A9742EB1F6
:1009E0003146F4F796FA03E0FE200CE0F4F78AFAB9
:1009F000E868B8F1000F03D04146F4F78AFA01E045
:100A0000F4F780FA002040B2BDE8F08170B51446DA
:100A10000E46F6F7DAFA30B1054680682EB1314657
:100A2000F4F777FA03E0FE200AE0F4F76BFAE868DF
:100A30001CB12146F4F76DFA01E0F4F763FA0020E7
:100A400040B270BD70B582B004460020019054B130
:100A5000204616460D46FFF79EFF2068417C01297F
:100A600003D1FF2020E0FE201EE0807C012808D179
:100A70000AF081F8214632460AF086F808B1FD20D6
:100A800012E06068E26801A9F7F77EFE60B901999B
:100A90002846FCF7EBFB43F63C21C0F606016068F4
:100AA0000968F7F71DFF002040B202B070BD0000DA
:100AB0002DE9F04F83B01D46914688460746FAF768
:100AC000A3FC042130220123FAF7A8FC0446F7F71F
:100AD00047F8694245F27C73791A4FF0000630A25C
:100AE000C0F6060318BF01210096F7F70FF8FFF7CD
:100AF00030FF4DF25B2A4DF26D2BC0F6030AC0F6B3
:100B0000030B20607FB14DF2AB22C0F6030214202C
:100B100039464346CDF800B0CDF80890CDF804A092
:100B2000F7F756FE064666606DB1DDE90C374DF20B
:100B3000AB22C0F6030214202946CDE900BA029781
:100B4000F7F746FE00E0002043F63C21C0F6060120
:100B50000968C4E9020101F0C9FB206142F6B060F6
:100B6000C0F6060090E80E00C06804F1180C8CE88E
:100B70000E006062F4F71AFA0546A06209F096FECC
:100B800009F09DFE4DF6FF310346C0F604012846EC
:100B90002246F4F716FA204603B0BDE8F08F00BFF6
:100BA000656F5F736F636B65746474675F4E6577C1
:100BB0002829206E65656473206174206C656173FB
:100BC00074206F6E6520706B74207175657565009B
:100BD000002846D02DE9F04184B0044602F0FD0023
:100BE0001D461746884601280DD1A06858B9F6F76A
:100BF000B7FF45F27C73002634A2C0F60603052138
:100C00000096F6F78AFF07F0FE0002280DD1606813
:100C100058B9F6F7A5FF45F27C73002636A2C0F658
:100C2000060305210096F6F778FF0A9E012D12D1E2
:100C3000606880B9F6F794FF46F25E2245F27C7355
:100C40004FF0000CC0F60602C0F606030521CDF8F1
:100C500000C0F6F762FF04F1180026B14ECE4EC078
:100C60000BE0FE2030E042F6B061C0F6060191E8EC
:100C70004C00C96880E84C00C1602068007C08B165
:100C8000FF201EE0DDE90B300021CDE90007204602
:100C900042460295FFF78FFE09F06DFF214609F0ED
:100CA0005BFF70B994F82400012809D12069D4E9C8
:100CB0000623216AA76A01268DE8C20001F08AFB9B
:100CC000002004B0BDE8F04140B27047656F5F732B
:100CD0006F636B65746474675F4F70656E2829205D
:100CE0006E6565647320616E206F75747075742015
:100CF0007175657565000000656F5F736F636B6587
:100D0000746474675F4F70656E2829206E65656432
:100D10007320616E20696E707574207175657565DC
:100D200000000000B0B584B050B104460D46FFF796
:100D300032FE18B12068407C022803D1FF2019E060
:100D4000FE2017E0D4E902022946F7F79FFD88B993
:100D500043F62020C0F60600D0E90001D4E90623BE
:100D600059405040084301D1206AB0B194F82400A2
:100D700018B1002040B204B0B0BD206901F0A9FA5A
:100D80000128DBD02069D4E90623216AA56A002462
:100D90008DE8320001F01EFBEDE709F0ECFE214684
:100DA000102204B0BDE8B04009F0CDBE4FF0FE0205
:100DB00038B131B10268527C012A04D10020FF22EF
:100DC000088050B270474368C2681846F7F7A3BD61
:100DD000A8B170B505460068007C90B114460E4677
:100DE00009F0C9FE09F0BFFE284631462246FFF74A
:100DF0000DFE09F0C0FE09F093FE002002E0FE2087
:100E000002E0FF20BDE8704040B270472DE9F04796
:100E100086B000284FF0FE0400F0278188460029A4
:100E200000F023811E46012B2FD841F63047C1F236
:100E30000007D7F8B401002800F0168115460278A3
:100E4000182122B1042A02D0032A13D128210844F0
:100E500008F1080231460323002E18BF0321F4F7DE
:100E600099FB387801282DD1787898B3D7F8BC0150
:100E700002F050FD44F64C71C1F2000108683A7866
:100E80000130012A08602CD030E006F0FE01022972
:100E90000FD1D0F8B401002800F0E680283008F126
:100EA0000802B11E4FF0030318BF0321F4F772FBD1
:100EB000DAE0042E40F0D8804046002100240CF0F7
:100EC00057FFD2E044F64C71C1F2000108680130CE
:100ED00008600BE044F64C71C1F200010868013073
:100EE0000860D7F8B41109B1497800E0002198F8FA
:100EF0000620072A67D198F80E20002A63D0C2F393
:100F000081076EB144F65073012FC1F2000314D073
:100F1000022F16D144F65C77C1F2000706370DE0C8
:100F200044F65076012FC1F2000629D0022F2BD1B2
:100F300044F65C73C1F2000323E09F1D3E88013636
:100F40003E80C2F30117012F07D0022F0AD144F6C9
:100F50005C77C1F20007083701E003F108073E881B
:100F600001363E809209012A07D0022A2BD144F68D
:100F70005C72C1F200020A3222E003F10A021FE0B1
:100F800033461F8801371F80C2F30113012B07D09E
:100F9000022B09D144F65C73C1F200039F1C00E0F0
:100FA000B71C3B8801333B809209012A07D0022AF3
:100FB00009D144F65C72C1F20002043200E0321D35
:100FC00013880133138000294FF000044DD04FF4F3
:100FD000FA625143884248D344F64C70002D44F6DF
:100FE0005C7544F65074C1F200004FF000064FF0FB
:100FF000020AC1F20005C1F200040DF108094FF028
:101000000007066008BF4FF0010A00BF35F817005F
:10101000CDE904660396029610B934F8170000B3C0
:1010200098F80000022100098DF80D0001208DF8CC
:101030000CA004F0F4F9029035F8170034F81710FA
:10104000ADF80E70CDE90410F6F78AFD04210022F8
:101050000023CDF80090F6F760FD25F8176024F81E
:1010600017600137062FD1D1002460B206B0BDE869
:10107000F0872DE9F04182B000284FF0FE0662D0E3
:101080000D4600295FD00446287806285AD160789A
:10109000012802D1204600F05AF8F6F7F5FA0121AE
:1010A0004FF00108F6F718FDF6F7EEFAF6F7F2FB47
:1010B000002845D0F6F7E8FA00210026F6F78EFB67
:1010C000C4F8B40104F1140029464FF4AC72E0F7FF
:1010D00078FFA97A0227287967F35F118DF8051048
:1010E00029898DF80400D4F89001ADF8061001A903
:1010F00002F0F9FAF5F703F9D4F89011F5F79EF933
:10110000A87A0DF1020167F35F108DF80200D4F8A0
:1011100094018DF8036002F0E6FAF5F7F0F8D4F8E0
:10112000943102210022F4F793FE042084F8018018
:101130002073FEF7F7F9227B0121FEF7E3F902E0C5
:1011400000206070FF2670B202B0BDE8F081002878
:1011500051D0B0B504464078002840D0E07801284E
:1011600004D1204600F0BFF9607848B1D4F8B80146
:101170004DF61342C0F6040200210023FEF746F9A3
:10118000F5F7BDF8D4F89431022100220025F4F7D8
:10119000F1FEF5F7B4F8D4F89011F5F79FF9F6F7EA
:1011A00073FA0021F6F798FC04F114004FF4AC71C7
:1011B000C4F8B451E0F7A6FFD4F89001FF212175DF
:1011C00002F054F9D4F8940102F050F9D4F89801DF
:1011D000F4F783FAD4F8700101F070F9657001201A
:1011E0002073FEF79FF9227B0121FEF78BF9002087
:1011F000BDE8B04000E0FE2040B2704770B582B05C
:1012000050B3427832B341F63046C1F2000632782C
:10121000C0F8B011012A1DD1D6F8B4010025E0B103
:1012200000F1080206200221F4F70DFA41F602004F
:10123000A6F8A4010DF107008DF8075006F5D27449
:10124000C6F8A801F5F781FAD6F8AC212146F5F7E2
:1012500038FC02E0002500E0FE2568B202B070BD57
:1012600041F63040C1F200000178012918BF00208A
:101270007047F0B585B041F63044C1F200042078E3
:1012800001285DD0022000210022FF230025FF2637
:1012900006F004FEC4F8AC01042001210022002362
:1012A0002675CDE900550427012602F01FF9C4F880
:1012B000900102200121002200230095019502F0F7
:1012C00015F9C4F8940101200A210022F4F7BBF9B2
:1012D000C4F89801022004210022C4F8B451F4F7A4
:1012E000B2F9C4F8B80148F2A060C0F2010002905F
:1012F0004FF47A700395ADF80C004DF66160C0F6BE
:101300000400049002A8C4F8B05102F0DDFAC4F859
:10131000BC0100F0EBFFC4F8700105201D2184F82A
:10132000887184F87D5104F07AF8C4F87801268039
:10133000E5702673FEF7F6F8227B0121FEF7E2F84E
:1013400041F63040C1F2000005B0F0BDB0B582B04A
:10135000D8B10446F6F704FC94F8881104F5BC7281
:1013600045F639030092C0F6060300220025F6F781
:10137000D4FBD4F8780104F03BF8092806D1F4F73F
:10138000C8FAF4F701FC002500E0FE2568B202B0BF
:10139000B0BD70B54FF0FE06B0B10D46A1B1044628
:1013A000407880B12978204600F038F869782046E6
:1013B00000F00CF8A878012805D12046002100266D
:1013C000FFF71CFF00E0002670B270BDB0B582B020
:1013D0008DF80710F0B104464078C8B140F602001D
:1013E000A4F8A4010DF1070004F5D275C4F8A80112
:1013F000F5F7ABF9D4F8AC212946F5F762FB9DF877
:101400000710D4F8BC0142F21072514302F0B1FA55
:10141000002000E0FE2040B202B0B0BDB0B582B006
:101420008DF80710E0B104464078E8B140F2027050
:10143000A4F8A4010DF1070004F5D275C4F8A801C1
:10144000F5F783F9D4F8AC212946F5F73AFB9DF876
:101450000710D4F8BC01012904D102F081FA03E09D
:10146000FE2002E002F06AFA002040B202B0B0BDF5
:1014700050B1134642784AB1D0F8B8014DF6134244
:10148000C0F60402FDF7C2BFFE2000E0002040B21B
:10149000704728B3B0B504464078E8B1E078012839
:1014A0001AD00120E07006202073FEF73BF8227B63
:1014B0000121FEF727F8D4F8B40140F2027104F5D7
:1014C000D275A4F8A411C4F8A801F5F73EF9D4F830
:1014D000AC212946F5F7F5FA0020BDE8B04000E060
:1014E000FE2040B2704770B582B018B30446407811
:1014F00010B3E078002600B301208DF8070040F219
:101500000270A4F8A4010DF1070004F5D275C4F827
:10151000A801F5F71AF9D4F8AC212946F5F7D1FA64
:101520000420E6702073FDF7FDFF227B0121FDF70B
:10153000E9FF02E0FE2600E0002670B202B070BDB6
:1015400070B1417851B1C17841B180B5D0F8BC01DA
:1015500002F087F90020BDE8804002E0002000E0B2
:10156000FE2040B270472DE9F04184B01546044694
:1015700000284AD00E46002947D03078062856D198
:1015800060781F46012802D12046FFF7E0FD0220C7
:101590002073FDF7C7FF227B01214FF00108FDF703
:1015A000B1FFD4F8700100F089FFC4E90154A770BD
:1015B000B088B27AADF80600D6F806000DF106053F
:1015C0000290C2F3430008FA00F3D4F89801A91D71
:1015D000002702F00102039721F81230F4F77DF89A
:1015E000D4F898012946F4F75DF84DF61940C0F695
:1015F000040004F5CE75C4E96706F4F78AF9D4F857
:1016000098112A46F4F7D6FA1EE041F63046C1F2A8
:10161000000605203073FDF785FF327B0121FDF7C1
:1016200071FF15B120460021A847FE270CE00520D8
:101630002073FDF777FF227B0121FDF763FF15B1D2
:1016400020460021A847FF2778B204B0BDE8F0810A
:10165000002800F082802DE9F04389B004464078EC
:10166000002800F0A180E078002800F09D8094F828
:10167000AC01002800F0988002201D4616460F4657
:101680008DF8080003F093FF0DF10808414603F0C0
:1016900081FF9DF8080001284FF0000040F0858090
:1016A0000790D4F8B8014FF47061D6F80090069115
:1016B00001F012FF012828D10820002103F0AFFE1D
:1016C00002903068B1796FF31F3040EA0130ADF815
:1016D0000E003046F5F7EFFB0591317804900809CC
:1016E0008DF80D000220002D08BF01208DF80C00A0
:1016F000F6F736FA032100220023CDF80080F6F732
:101700000CFA2046012100F02FFB0F2F27D15FFAA2
:1017100089F0B6F80910070905F00105C9F30310AF
:1017200040EA0516ADF81A1009F094FB09F0A0FB89
:101730004FF47A720023DFF7B3FF0790D4F8B801B3
:1017400006A98DF8186001F0CEFF04EB450000F506
:10175000F2703946F5F742FC26E0FE2028E007202B
:10176000012103F05CFE02903068B1796FF31F3005
:1017700040EA0130ADF80E003046F5F79CFB0591CC
:101780003178049008098DF80D000220002D08BF63
:1017900001208DF80C00F6F7E3F903210022002365
:1017A000CDF80080F6F7B9F9002009B0BDE8F043A4
:1017B00040B270472DE9F04F8DB000284FF0FE0980
:1017C00000F024810D46002900F02081044628788D
:1017D000092840F019816078012802D1204600F0E4
:1017E00070F9F5F751FF0121F6F783F9F5F74CFF92
:1017F000F6F757F8002800F00581F5F745FF0021BE
:101800004FF00009F5F7F7FFC4F8BC0104F114002C
:1018100029464FF4AC72E0F7D4FB2F1D8FCF04F5AF
:10182000E27CAE698CE88F00D4F8DC0105F11C0184
:101830002022C4F8D861E0F73DFBD4F8DC014FF476
:101840007A71C4E97899C4F8E891C4F8EC11F3F717
:101850006DFFC4F8E091D0B1054604F5F07600279D
:10186000D4F8DC01F9B2F3F7C7FE60B1417801F0BA
:101870000300012807D1C1F3800006EB4000C1F34B
:10188000C301F5F7B3FB0137F8B2A842E8D3D4F8A7
:10189000DC0104F5E275F3F749FF80465E480DF17F
:1018A000140E04905CA0071D8ECFD0E9056CC069B2
:1018B000B8F1000FCDF830908EE88E00CDE9096CBC
:1018C0000B9026D000260DF130090DF1100A00BF53
:1018D000D4F8DC01F1B2F3F78FFEB0B141780746DE
:1018E00001F00300012810D1C1F3800049EA400053
:1018F000C1F3C301F5F77AFB78783978C0F3800239
:10190000C0F3C3000AEB021211540136F0B2404595
:10191000DED344F2FE0003904020ADF80A0001201F
:101920000DF1300B0DF10C080DF10A07002600BF78
:10193000019004A800EB061A4FF001093BF81600CD
:101940005FFA89F1F5F746FB01282FD11AF8091043
:1019500028468DF80C1002F095F810B10179407905
:1019600001E0002100208DF80E109DF80D108DF87B
:101970000F0001F0E000304340EA4901D4F8900143
:101980008DF80D10414601F0AEFE9DF80A000021D1
:1019900000F0E000304340EA49008DF80A00D4F836
:1019A00094018DF80B10394601F09DFE09F10109F3
:1019B000B9F10F0FC2D101980126C0074FF00009FD
:1019C0004FF00000B4D1F4F79AFCD4F89011F4F77A
:1019D00035FDF4F794FCD4F8943102210222F4F797
:1019E00037FA20464FF0FF310CF0A0FA042084F8BB
:1019F000AC9166702073FDF795FD227B0521FDF704
:101A000081FD03E0002060704FF0FF094FFA89F07C
:101A10000DB0BDE8F08F00BFFE0000000000000028
:101A200000000000000000000000000000000000B6
:101A3000000000000000000010B586B00446002839
:101A40004FF0FE0018BF002938D06078A8B308888E
:101A500049880246A4F8B001A4F8B21110B90122D5
:101A6000A4F8B021C3B2934221D042EA0020002161
:101A7000CDE90211ADF80E00CDE9041105203221A7
:101A800003F0CDFC0290032084F88801F6F768F893
:101A900094F8881145F69F030DF1080CC0F6060373
:101AA0000022CDF800C0F6F738F8B4F8B21120469D
:101AB0000CF03CFA012084F8AC01002040B206B0E2
:101AC00010BD00285FD0B0B50446407800284ED045
:101AD000E078012804D1204600F027F9607848B169
:101AE000D4F8C0014EF22102C0F604020021002306
:101AF000FDF78CFCF4F703FCD4F8943102210222A8
:101B0000F4F738FAF4F7FBFBD4F89011F4F7E6FC9D
:101B1000F5F7BAFD00210025F5F7EBFFD4F8DC015D
:101B2000C4F8BC51F3F7D9FDD4F8B80101F09EFC1C
:101B300004F114004FF4AC71E0F7E4FAD4F890012A
:101B4000FF21217501F092FCD4F8940101F08EFC84
:101B5000D4F89801F3F7C1FDD4F8700100F0AEFCA1
:101B6000A4F8B25184F8AC51A4F8AD5165700120CD
:101B70002073FDF7D7FC227B0521FDF7C3FC002075
:101B8000BDE8B04000E0FE2040B2704741F6F050A2
:101B9000C1F200000178012918BF002070472DE92B
:101BA000F04182B041F6F054C1F2000420780128DF
:101BB00067D0FF202075002504200F21002200237C
:101BC000CDE900554FF0040801F090FCC4F89001F5
:101BD00002200F2100220023CDE90055022601F04A
:101BE00085FCC4F8940104200A210022F3F72BFDA0
:101BF000C4F898014FF47A70C4E97A5001200421A6
:101C00000022C4F8B45184F8AC51A4F8AD51C4E931
:101C10007855C4F8BC510127F3F715FDC4F8C0018D
:101C200004F5E2701821E0F76DFA07200421002284
:101C3000F3F709FDC4F8DC0108201021002200237D
:101C4000C4F8B0610095019501F050FCC4F8B801EA
:101C500000F04CFBC4F8700105202D2184F8888128
:101C600084F87D5103F0DBFBC4F878012780E57030
:101C700084F8F0512773FDF755FC227B0521FDF711
:101C800041FC41F6F050C1F2000002B0BDE8F08125
:101C9000B0B582B0D8B10446F5F762FF94F8881168
:101CA00004F5BC7245F69F030092C0F606030022BD
:101CB0000025F5F732FFD4F8780103F099FB3028BE
:101CC00006D1F3F726FEF3F75FFF002500E0FE25BF
:101CD00068B202B0B0BD50B1134642784AB1D0F8F4
:101CE000C0014EF22102C0F60402FDF78FBBFE20B8
:101CF00000E0002040B27047A0B110B50446407823
:101D000060B1E078012809D00120E070062020733E
:101D1000FDF708FC227B0521FDF7F4FB0020BDE860
:101D2000104000E0FE2040B27047B0B5B0B10446AC
:101D30004078A8B1E078002598B120460CF0E0F892
:101D40000420E5702073FDF7EDFB227B0521FDF7F4
:101D5000D9FBD4F8B80101F089FB02E0FE2500E0D0
:101D6000002568B2B0BD0000002855D0F0B587B09E
:101D70000446407800284AD0E078002847D094F8FC
:101D8000AC01002843D094F8F0010D46012832D16F
:101D9000D4E97A01421C8842C4F8E8212BD9B4F86E
:101DA000E401B4F8E61150EA01021FD04FF4A0227A
:101DB00041EA004140F3C03003920022CDE9041013
:101DC00000203921029203F02AFB0290032084F8BC
:101DD0008801F5F7C5FE94F8881145F69F0302AF18
:101DE000C0F6060300220097F5F797FED4F8E0014D
:101DF0000021C4E9790155B1D4F8BC01051D28467C
:101E0000F3F76BFCD4F8B80101F057FB38B10020B0
:101E100007B0BDE8F04000E0FE2040B27047D4F8C3
:101E2000B80101F08DFC07462846F3F7F8FB06469B
:101E3000F8B2B04238BF0646002EE8D0D4F8B80158
:101E400001F043FB38B101462846F3F72BFCD4F8E8
:101E5000B80101F01FFC013E4FF00000EED1D7E7C2
:101E60002DE9F04F85B0002800F09E8004464078B0
:101E7000002800F09F80E078002800F09B8094F814
:101E8000AC01002800F09680012940F09080B4F861
:101E9000B40120B9B4F8B601002800F08B80B4F882
:101EA000B2014FF0000A002800F0868004F5DA70D5
:101EB00003900120019004F5D270029043F60210C5
:101EC000A4F8A401D4F8DC0101210DF113068DF86A
:101ED0001310C4F8A861F3F729FC07464FF0400936
:101EE0004FF0000B09F0FE005FFA8BF140EA0109A8
:101EF0004FF0010803985FFA88F130F81B00F5F7FE
:101F000069F8012832D18DF813A0FFB14FF0000A13
:101F1000D4F8DC015FFA8AF1F3F76EFB80B1407808
:101F2000C0F3C30141450BD100F00301012907D1E2
:101F3000C0F38000834503D130460021F4F7B4FF9D
:101F40000AF1010A5FFA8AF0B842E1D309F0E10030
:101F500000EB4809F4F7F9FB25F0FF0141EA090518
:101F600002992A46F4F7F6FD4FF0000AB8F10E0F79
:101F700008F10108BED301984FF0010BC0074FF0E4
:101F800000084FF000000190ACD194F8B021204639
:101F900001210BF0FBFFD4F8B40184F8F0B1C4E9DF
:101FA0007800C4F8E88105E04FF0FE0A04E020461E
:101FB0000BF0A6FF4FF0000A4FFA8AF005B0BDE81B
:101FC000F08F00002DE9F04F91B0164680460028B2
:101FD00000F0DB800F46002900F0D7803878092810
:101FE00040F0E38098F801001C46012802D14046E9
:101FF000FFF767FD022088F80C00FDF793FA98F8C8
:102000000C200521FDF77EFAD8F8700100F056FA91
:102010000596C8E9016888F802403E1D5FCE08F5C4
:10202000E27C8CE85F00D8F8DC0107F11C0120227B
:102030000497DFF73FFFD8F89801F3F74EFBD8F885
:10204000DC01F3F773FB00250746109501F03EFD18
:10205000002863D008A808F5E27906304FF0000A9E
:102060000690CDF81C9000BF5FFA8AF0ADF82850BA
:10207000CDE9085501F022FD06464846314601F0FB
:1020800001FD002842D081880068ADF82410089036
:10209000CDF82650D7B3069D4FF000094FF0000B46
:1020A000D8F8DC015FFA8BF1F3F7A6FAE0B14178DA
:1020B000044601F00300012816D12078864213D18E
:1020C000C1F3800005EB4000C1F3C301F4F78EFFBC
:1020D000617810AAC1F3800042EA4000C1F3C30155
:1020E000F4F784FF4FF001090BF1010B5FFA8BF05D
:1020F000B842D5D3B9F1010FDDF81C904FF00005BF
:1021000004D1D8F8980108A9F3F7CCFA0AF1010A2A
:102110005FFA8AF401F0DAFC8442A5D3D8F898017A
:10212000F3F704FB002850D0BDF84000F4F765FF3A
:10213000BDF8421004460846F4F75FFF2044C1B2E0
:102140001029C0F09A800021A8F87C110002109993
:102150000F30A8F87E01C81708ACC8E96010204607
:10216000202108F5BC76DFF7CDFF08F09FFB08F0D3
:10217000A6FB4EF2E9110346C0F604012046424692
:10218000F2F71FFF05202F213CE0052088F80C0006
:10219000FDF7C8F998F80C200521FDF7B3F916B141
:1021A00040460021B047FE2063E0052088F80C007F
:1021B000FDF7B8F998F80C200521FDF7A3F9002EDA
:1021C00056D040460021B04752E04FF48030002105
:1021D00008ACC8E95F07C8F884112046202108F53B
:1021E000BC76DFF78FFF08F061FB08F068FB4EF26A
:1021F000E9110346C0F6040120464246F2F7E1FE2B
:1022000005203121052703F00AF9C8F878010420D8
:1022100088F88801F5F7A4FC98F8881145F69F0323
:10222000C0F6060300220096F5F777FCD8F8741183
:1022300081B143F62022C0F60602FF26D8F87001CD
:10224000D2E9002388F889610126CDE900160294BD
:1022500000F0C0F888F80C70FDF764F998F80C20CD
:102260000521FDF74FF9059A12B14046002190472C
:10227000FF2040B211B0BDE8F08F4EF23500049956
:10228000C0F6040008F5CE74C8E96701F3F741FB16
:10229000D8F898112246F3F78DFC0020E9E710B535
:1022A00018B10446007E000700D410BD204600F09F
:1022B00005F908F0A9FF214608F0AFFF20463021BC
:1022C000DFF720FFF9F7A0F82146BDE81040F9F745
:1022D00057B848B1007E00F003010129084618BF35
:1022E0000220002918BF70470020704770B582B0E7
:1022F000F9F78AF8042130220123F9F78FF8044610
:1023000088B143F62020C0F60600D0E90001002283
:102310000823237684E80700C4E903226261C4E944
:102320000722C4E9092208F06FFF42F6206605463D
:10233000C0F6060650B9F5F713FC45F2D9630DA2B5
:10234000C0F6060304210096F5F7E7FB2846214670
:1023500008F06AFF50B1F5F703FC45F2D96311A20A
:10236000C0F6060304210096F5F7D7FB204602B01D
:1023700070BD00BF656F5F74696D65725F4E657794
:1023800028293A20656F765F74696D65726D616E9C
:102390005F47657448616E646C65282920666169D1
:1023A0006C730000656F5F74696D65725F4E657771
:1023B00028293A20656F765F74696D65726D616E6C
:1023C0005F4F6E4E657754696D657228292066618E
:1023D000696C73002DE9F04F81B0DDF830809946CB
:1023E0001646054608F010FFB8F1000F4FF0FE0743
:1023F00014D0044690B14046F2F7C4FD68B143F6EC
:1024000020200A99C0F60600D0E900A751B98AEA4F
:10241000060087EA0901084304D0FF2778B201B01B
:10242000BDE8F08F43F63C20C0F606000168204668
:1024300008F00FFF033001D1FA27EFE7DDF82CB0E9
:10244000BBF1000F11D18AEA060087EA09010843AF
:102450000BD00A98871949F1000A08F0FBFC08F034
:1024600007FDC01B71EB0A0023D235B1287E00F0B6
:102470000301012903D1FA271CE01820007800F09D
:10248000F800BBF1000F18BF4FF0010B40EA8B00C2
:1024900028760A98C5E90069A86098E80F0005F158
:1024A0001C0C8CE80F002046294608F0A6FE0746C3
:1024B00000E0FF27204608F0BEFEAFE770B50546F6
:1024C00008F0A2FE4FF0FE065DB3044648B343F6A3
:1024D0003C20C0F606000168204608F0BAFE033032
:1024E00001D1FA261DE0287E00F00300012805D165
:1024F0002046294608F0A6FE06460FE0082028766A
:1025000043F62020C0F60600D0E90001002685E849
:102510004300EE60C5E90766C5E90966204608F094
:102520008AFE70B270BDA8B10A22012908BF092233
:10253000002943F6202108BF0822C0F606010276D2
:10254000D1E90012002380E80E00C360C0E9073320
:10255000C0E909337047002814BF406B0020704762
:10256000002814BF006C00207047B0B592B042F64E
:10257000C065C0F60605002818BF0546F8F744FFF9
:10258000042154220123F8F749FF696905F1080C79
:102590000446D5E9002E9CE80910616104F10801A8
:1025A00081E80910C4E9002ED5E906CED5E9082353
:1025B000D5E90A01C4E90823C4E90A01C4E906CE41
:1025C000A869A0B1017891B1D0E90012D0E9020365
:1025D0000592CDE9060395F82400049101280CBF6B
:1025E000286A0020059004A8F4F799FD00E0002077
:1025F0002063E96999B10A788AB1D1E9000195F8B7
:10260000242005910490012A0CBF286A0020CDE9FE
:10261000060404A8FBF7B4FB0146206B00E0002190
:1026200061636A690391CDE9012001A8F2F73EFEDA
:1026300042F69C61C0F60601D1E90012A063CDE923
:102640000C1229896A880EABADF83010ADF8322033
:10265000ADF83420D5E90A1207C30CA8FCF7A8F995
:1026600042F6F061C0F606010969E063089195E859
:102670000F000DF1100C8CE80F00288AA16BADF84B
:102680002000286A0A9195F82410099004A80029CE
:1026900018BF01218DF8221000F0D0F8014600206B
:1026A000C4E91100C4E913002046216412B0B0BD92
:1026B00010B1006C00F03CBA6FF00100704710B52B
:1026C000044600284FF0FE0018BF002901D140B297
:1026D00010BD206C00F0B6FA18B1E16C0131E16474
:1026E000F5E70020F3E7F0B585B0044600208DF84B
:1026F00013004FF0FE006CB30F4659B3606B1D46DC
:102700001646FBF7F9FC03A90DF10A023846FAF761
:1027100022FD206C0399BDF80A2000F08DFBE06BD0
:102720000DF11303394632460095FCF797F988B945
:102730009DF8131001290DD10021E06B019101A931
:10274000FCF71EF9206C019900F063FE10B1616C7A
:102750000131616440B205B0F0BD18B112B1006C36
:1027600000F09ABD6FF00100704718B113B1006C12
:1027700000F0EABD6FF00100704710B1006C00F08E
:10278000C2BC0020704710B1006C00F0D5BC002026
:10279000704710B5044600284FF0FE0018BF00290E
:1027A00001D140B210BD206C00F09CFB18B1A16CAF
:1027B0000131A164F5E70020F3E718B111B1006C15
:1027C00000F007BD6FF00100704710B1006C00F021
:1027D00059BB6FF00100704710B5044600284FF058
:1027E000FE0018BF002901D140B210BD206C00F0DE
:1027F0002DFE18B1216D01312165F5E70020F3E7C9
:1028000010B1006C00F026BA6FF00100704760B1A3
:1028100059B110B50446006C00F05EFA616B0446D5
:102820000846FBF769FC204610BD6FF001007047B9
:10283000002814BF806A0020704700002DE9F04195
:1028400084B042F6F067C0F60607002818BF0746B6
:10285000F5F786F945F6FC04B96942F64068C0F61A
:102860000604C0F606089BA22346002918BF0121D2
:10287000CDF80080F5F74AF9F5F772F939889EA28C
:102880001C294FF0000123464FF0000688BF0121AC
:10289000CDF80080F5F73AF9F8F7B6FD0421B0223B
:1028A0000123F8F7BBFD398804460846FAF793FC84
:1028B0002060FCF760FB6060FCF75DFBA060FCF74C
:1028C0005AFBE060FCF757FB2061FCF754FB6061AA
:1028D000FCF751FBA061FCF74EFB7988E0610846EC
:1028E000FCF7D6F9B969C4E908010846F2F784FB98
:1028F000B969A0620846F2F77AFBF968BD88C4E9B5
:102900000B01388AA08605B3F8F77EFD04212A461C
:102910000123F8F783FDA063F8F776FD04212A462A
:102920000123F8F77BFDE063F8F76EFD04212A46EA
:102930000123F8F773FD2064F8F766FD04212A46A9
:102940000123F8F76BFD064602E0C4E90E66266433
:10295000F888666438B1F8F757FDFA880421012336
:10296000F8F75CFD00E000203989A06439B1F8F780
:102970004BFD3A8904210123F8F750FD00E00020C7
:1029800079890026E06439B12820002200230096CE
:102990000196F7F701FC00E000202065A068A16B1C
:1029A0001C222B46C4E9166626676667FCF7CAFA3E
:1029B000A068FCF787FAE068E16B1C222B46FCF765
:1029C000C1FAE068FCF77EFA2069216C1C222B46D4
:1029D000FCF7B8FA2069FCF775FA6069616C1C2293
:1029E0002B46FCF7AFFA6069FCF76CFAA069A16CA2
:1029F000FB881C22FCF7A6FAA069FCF763FAE069E1
:102A0000E16C3B891C22FCF79DFAE069FCF75AFA5D
:102A1000206803A90DF10A02FAF7FDFB206802A95C
:102A2000FAF7ADFB60680399BDF808301C22FCF78B
:102A300089FA6068FCF746FA6068FCF76BFA0128CF
:102A40000ED0F5F78DF846F6E00245F6FC03C0F629
:102A50000602C0F606030521CDF80080F5F75DF803
:102A60002068216BA28EFAF782FB786968B1B97C85
:102A700001290AD1804779692066884779696066AB
:102A800088477969A066884703E00020C4E91800F8
:102A9000A066E06604F1780000251421C4E92455FD
:102AA000DFF730FB40F20110A4F89800C4E9275585
:102AB000A4F8A450B888012184F89A10FCF72EFCE1
:102AC000A4F8A600C4F8A8502046C4F8AC5004B03E
:102AD000BDE8F081656F5F7472616E736D697474C7
:102AE00065725F4E657728293A204E554C4C20611F
:102AF00067656E7400000000656F5F7472616E73CD
:102B00006D69747465725F4E657728293A20636138
:102B10007061636974796F6674787061636B6574F2
:102B200020697320746F6F20736D616C6C000000FE
:102B30002DE9F04182B098B11C46164605460F4675
:102B400001B3D5E9240195F8982000234FF000083F
:102B5000DEF7A6FD52EA030004D0A7F8008011E0DA
:102B6000FE2656E043F63C21C0F60601286E0968B1
:102B700008F0CBF8E869FCF7ABFA296E3880084614
:102B800008F0B6F8E6B1D5E9240195F89A200023BB
:102B90000027DEF785FD52EA030001D037800FE001
:102BA00043F63C21C0F60601A86E096808F0ADF8AE
:102BB000A869FCF78DFAA96E3080084608F098F8ED
:102BC00064B1D5E9240195F8992000230026DEF7A9
:102BD00067FD52EA030003D026801AE0002618E0C1
:102BE00043F63C21C0F60601686E0968ADF8066040
:102BF00008F08BF80DF1060128460BF023FBA868BE
:102C0000FCF766FABDF806100144686E218008F0F2
:102C10006FF870B202B0BDE8F08180B101294FF0C9
:102C2000010C98BF6146012A98BF6246012B88BFFC
:102C30009C4680F8981080F8992080F89AC06FF030
:102C4000010070478269836E0BF0DCBB8069002352
:102C5000FCF713BB70B582B0044600284FF0FE00AD
:102C600037D00D46A9B3666808F0F4F808F000F90B
:102C7000024630460B46FCF748FBD4E91C1360685B
:102C80004A1C43F10003C4E91C23FCF75EFB6068A7
:102C90000DF10601FCF725FB2068BDF80610FAF7D8
:102CA000C9FA00212068ADF8041001A9FAF767FA03
:102CB000BDF80600BDF80410884202D9A06F0130AB
:102CC000A06720682860E06A10B1216BF4F7E4F98E
:102CD000002040B202B070BD002800F0AA802DE9AB
:102CE000F04381B016460446884612B10020308079
:102CF000B0706068FCF7E6F8D4E9245794F899209E
:102D00002846394600234FF00009DEF7C9FC52EA95
:102D1000030032D12046ADF8009000F0C9F943F627
:102D20003C21C0F60601606E096807F0EEFFD4E9A9
:102D300001010DF10202FCF771F8A068FCF7C8F977
:102D40000546694620460BF07DFA40B101466068B1
:102D50000DF10202FCF762F8BDF800000544606E58
:102D600007F0C6FF06B17570D4E92A01D4E92457EB
:102D7000013041F10001C4E92A0194F89A20284663
:102D800039460023DEF78CFC52EA03001AD143F6E1
:102D90003C21C0F60601A06E096807F0B6FF1EB11F
:102DA000A069FCF795F930706068A1690DF1020225
:102DB000FCF734F8A069FCF785F8A06E07F098FFDF
:102DC000D4E9245794F89820284639460023DEF7A2
:102DD00067FC52EA030018D143F63C21C0F6060115
:102DE000206E096807F091FF1EB1E069FCF770F9E9
:102DF000B0706068E1690DF10202FCF70FF8E0695C
:102E0000FCF760F8206E07F073FFB8F1000F04D0F4
:102E10006068FCF75DF9A8F80000D4E924010130EE
:102E200041F10001C4E92401002001B0BDE8F043F4
:102E300000E0FE2040B2704708B370B582B006468D
:102E40000D460021006814460191ADF8021001A959
:102E50000DF10202FAF77FF90198A84203D1BDF8FB
:102E60000200A04206D03068294622463563B48667
:102E7000FAF77DF9002002B0BDE8704000E0FF20C5
:102E800040B2704758B310B50446006D18B343F60E
:102E90003C21C0F60601606E096807F036FF206D20
:102EA000F7F7B5F8012813D0206DF7F7A3F8A0685D
:102EB000FCF708F8E068FCF705F82069FCF702F871
:102EC0006069FBF7FFFF0020C4E92700A4F8A40015
:102ED000606E07F00DFF0020BDE8104000E0FE200E
:102EE00040B270472DE9F0419CB0044600204FF0FD
:102EF000FE078DF80B0044B30E4631B3206D80B150
:102F000043F63C21C0F606010D68606E294607F0C5
:102F1000FCFE206DF7F735F9012804D1606E07F04B
:102F2000E7FEFF2711E0707871688DF83100206DA1
:102F30000D914EF2F731C0F604010CAAF7F7D4F860
:102F400038B1606E07F0D4FE002778B21CB0BDE83F
:102F5000F08196E88F000DF1300C76698CE88F00D7
:102F600000F01C02A06A8DF8302003AA1196FAF72F
:102F700073F80028D2D103A8F9F798FE9DF8311014
:102F8000ADF832000846FBF73DFF012819D19DF846
:102F9000310000210122FBF7FBFE90B1F4F7E0FDC8
:102FA00042F6206746F6860245F6FC03C0F60607A1
:102FB000C0F60602C0F6060304210097F4F7ADFD43
:102FC000ACE70021E06E0E91294607F09EFED4E9A1
:102FD00008300DF12E0703A90CAA0097F2F7B2F9F9
:102FE00038B10746E06E07F083FE606E07F080FEA2
:102FF000ABE7206AFBF706FE0D9906460DF10B02C2
:1030000020460BF04FF99DF80B80BDF82E200546A9
:10301000204641460BF096F9002845D0216A0BAFB7
:103020000DF12A020AAB28460097FBF7B1FF0028F2
:10303000D7D19DF83110206A8DF84810FBF795FE26
:1030400000F0010040EA48008DF84900BDF82A0070
:10305000216AADF84A00BDF828001B95ADF84C0078
:1030600009780838490758BF4FF0FF30ADF84E00D7
:10307000706996E88C00D6E903510DF1500C8CE88C
:103080008C00CDE917511990B169206D1A9112A9E0
:10309000F7F730F9BDF94C20204641460BF07CF99A
:1030A000E06E07F025FE4CE7E06E07F021FE35E705
:1030B00030B310B50446006DF0B143F63C21C0F6C4
:1030C0000601606E096807F020FE206DF6F79FFF8D
:1030D00001280ED007F0BEFE07F0CAFE226DC4E93B
:1030E00016014EF20731C0F6040110462246F6F7EB
:1030F000C7FF606E07F0FCFD0020BDE8104000E057
:10310000FE2040B2704710B5A0B10446006D88B1F2
:1031100043F63C21C0F60601606E096807F0F5FD34
:10312000206DF7F739F9616E0446084607F0E0FDB7
:10313000204610BD002010BD2DE9F04381B070B1D4
:103140008146006D58B18846FE2905D1484601B038
:10315000BDE8F043FFF7D7BFB8F1030F04D900244F
:10316000A0B201B0BDE8F08343F63C21C0F60601F1
:10317000D9F86400096807F0C8FDD9F85000F7F7DE
:103180000BF9D9F8501006460846F6F729FFD6B1D4
:1031900007460024D9F850003946F6F712FFD9F84F
:1031A0005010054608463946F7F784F8074605F1FA
:1031B0000800F9F721FD04F067FE404508BF01341F
:1031C000013EE7D100E00024D9F8640007F090FD4B
:1031D000C6E7002854D0F0B591B00446006D002831
:1031E00053D00D4643F63C21C0F60601606E0968D7
:1031F00007F08BFD206DF6F70AFF012842D06878B2
:1032000069688DF80100206D01914EF2F731C0F62A
:1032100004016A46F6F768FFA0B30546206D29460B
:10322000F6F7CFFE07AE014630462822DEF742FE13
:10323000276D29463846F7F73DF84EF2F32103464D
:10324000C0F6040138463246F6F734FF206D2946B1
:10325000F6F7E6FE1098BDF81E10BDF82020FBF72B
:10326000DFFF9DF81D00BDF820204108504202B24A
:1032700020460BF091F8606E07F03AFD002005E063
:10328000FE2006E0606E07F033FDFF2011B0BDE8C0
:10329000F04040B27047000000284BD02DE9F04FBD
:1032A00081B00446006D002846D0104690468B46FB
:1032B000F2F7C4F9042841D143F63C21C0F60601D7
:1032C000606E096807F021FD206DF7F765F882460A
:1032D0004046F2F7A4F94046F2F7FFF9DA4524D365
:1032E000206D00210091F6F77BFEBAF1000F1CD093
:1032F00005460026E94600BF206D2946F6F761FE27
:10330000216D074608462946F6F7D4FF054607F122
:103310000800F9F771FC5E45009003D3404649462A
:10332000F2F7C0F90136B245E6D1606E07F0E0FC75
:10333000002004E0FE2005E0FE2000E0FF2001B0B8
:10334000BDE8F04F40B270472DE9F04F81B0A8B111
:103350000646006D90B11846994690468B46F2F7A6
:103360006DF904280FD1BBF1FE0F09D1304641465B
:103370004A4601B0BDE8F04FFFF78EBFFE2003E0E4
:10338000BBF1030F04D9FF2040B201B0BDE8F08FBC
:1033900043F63C21C0F60601706E096807F0B5FCE3
:1033A000306DF6F7F9FF05464846F2F738F948461A
:1033B000F2F793F9454527D3306D00210091F6F7D8
:1033C0000FFE0DB304464FF0000A00BF306D2146DA
:1033D000F6F7F7FD316D074608462146F6F76AFF16
:1033E000044607F10800F9F707FC009004F04CFDD3
:1033F000584507D10AF1010AC24503D94846694632
:10340000F2F750F9013DE1D1706E07F071FC002038
:10341000BAE7B0B582B0A8B10D4643F63C21C0F67C
:1034200006010446006E096807F06FFCE0690DF1C3
:1034300006022946FBF7F2FC216E0446084607F017
:1034400057FC00E0FE2460B202B0B0BDC269036E5A
:103450000AF0D8BF38B142888A4204D9826880888D
:1034600000FB0120704700207047000020B370B5BA
:1034700004464088F0B1A568002600BFE16831B17C
:10348000C96821B1A08806FB0050884760880136D2
:103490008642F3D321884FF6FF720020914260806C
:1034A00008D1F7F7B1FF6288A388A1685A43F8F7FB
:1034B00047F9A060BDE87040704700280FBF0120A9
:1034C0004088B0FA80F04009704718B1418809B1CE
:1034D000806870470020704730B141880088081A22
:1034E000B0FA80F040097047012070472DE9F04F95
:1034F00081B0984616460F460546F7F785FF04212A
:1035000010220123F7F78AFF4FF0000B8146A0F845
:1035100002B0F4F725FB45F2E16442F6406AC0F6DA
:1035200006042946C0F6060A3DA22346002D18BF10
:103530000121CDF800A0F4F7E9FAF4F711FB3946C0
:103540003FA22346002F18BF0121CDF800A0F4F7B9
:10355000DDFA0A9CA9F80450A9F806B0A9F8007091
:10356000C9F80CB01EB914B90B98394678B1F7F701
:103570004BFF042110220123F7F750FFB9F8001088
:103580000B9AC9F80C00C0E900688460C2604FF66D
:10359000FF70814205D0012D1ED0022D1ED10224C4
:1035A00020E0F4F7DDFA0446F7F72EFFF8F73CF9D0
:1035B000B0FA80F045F2E16342F64067410927A284
:1035C000C0F606032046C0F606070097F4F79EFAF9
:1035D0000020C9F808001FE0012403E00824052D9D
:1035E00038BF0424F7F710FF21462A463B46F7F779
:1035F00015FFC9F808007FB1044600BF26B1204678
:103600004146B04705E000BFB9F804102046DEF798
:1036100057FD013F2C44F1D1484601B0BDE8F08F81
:10362000656F5F766563746F725F4E657728293AC0
:103630002030206974656D5F73697A650000000051
:10364000656F5F766563746F725F4E657728293AA0
:10365000203020636170616369747900656F5F7603
:103660006563746F725F4E657728293A2063616ED7
:103670006E6F742075736520656F5F766563746F18
:103680007263617061636974795F64796E616D6999
:103690006300000030B3B0B54188044601B3D4E9FB
:1036A0000203A28800EB02052BB1DB681BB198472F
:1036B0006188A068A2880139618089B24A4329469D
:1036C000DEF73DFC20884FF6FF71884208D1F7F7FE
:1036D0009BFE6288A388A1685A43F8F731F8A0607E
:1036E000BDE8B040704750B3B0B50D4629B30446AD
:1036F00000886188884220D04FF6FF7290420BD13B
:10370000F7F782FE6288A388A16801325A43F8F76E
:1037100017F86188A06000E0A068A288E36802FB57
:10372000010023B19B6813B12946984702E029465E
:10373000DEF7C0FB608801306080BDE8B0407047B4
:10374000002814BF40880020704744F63070C1F252
:1037500000000178012908BF70470021C0F802105D
:10376000C0F80610C0F80A10C0F80D1003228161DD
:1037700045F6010182820180704744F63070C1F243
:1037800000000178012908BF70470021C0F802102D
:10379000C0F80610C0F80A10C0F80D1003228161AD
:1037A00045F60101828201807047000070B1022954
:1037B0000AD808A0405C44F63071C1F2000101EB68
:1037C0004000428001208873002000E0FE2040B2CB
:1037D000704700BF0400010058B1B0B544F6307521
:1037E000C1F20005A87B012805D100202874E881DA
:1037F0001BE0FE2033E0E87B297C013001316FF0D3
:103800000903C2B253FA81F3C92A4FF00002B3FA96
:1038100083F3E87338BF01225B091A404FF00000C0
:1038200018BF0021012A297417D10A206875A81C25
:1038300005F11404A861F2F788FF6A782146F3F7CE
:1038400089F90B20687505F10800A861F2F77DFF82
:103850006A782146F3F77EF90020BDE8B04040B217
:10386000704770B530B30446007B002548B307F0BD
:10387000F1FA07F0FDFAD4E904232668801A994189
:10388000301A75EB010017D2A07E98B1264636F8A3
:10389000181F481C308019B1A18882B28A4203D90E
:1038A000A0688047208BA18880B288424FF0000535
:1038B00005D806E0002504E004F1180601250020E3
:1038C0003080284670BD000010B50446F7F79CFD17
:1038D000042120220123F7F7A1FD0BA1002C18BF22
:1038E0002146D1E90023896881604FF00001C0E9D9
:1038F00000230173C0E90411018381761CB1A16822
:1039000009B10121817610BD40420F000000000086
:103910000000000058B110B50446007B48B107F024
:1039200099FA07F0A5FAC4E90401002002E0FE209C
:1039300002E0FF20BDE8104040B2704768B110B50A
:1039400004460120207307F085FA07F091FAC4E9D4
:1039500004010020BDE8104000E0FE2040B27047A6
:1039600000280FBFFE2100210173C0E9041148B2F5
:103970007047A0B110B5027B044600202073C4E953
:103980000400216042B10120207307F063FA07F0C0
:103990006FFAC4E904010020BDE8104000E0FF20F8
:1039A00040B27047133800F0FB00B0FA80F04009D5
:1039B000704716280BD80146012041F2400200FA58
:1039C00001F1C0F24002114208BF00207047002000
:1039D0007047000002288EBFFE2001A1085C7047DE
:1039E000060C160003207047072805D36FF001016D
:1039F0000F2808BF0E2101E001A1095CC8B2704781
:103A00000708090A0B0C0D00C11F1023CAB20E28AB
:103A100008BF0F23072A38BF0B46D8B270470000F3
:103A200078B1A1F10B030B2B4FF0000C0CD8DFE8A1
:103A300003F00612101A1A1A1A1A1A141A0E06305D
:103A40000CE04FF0000C0EE0052907D00BE01E3013
:103A500004E0123002E00C3000E0183002788A42B4
:103A600018BF0020844660467047000005288EBFBE
:103A7000FE2001A1085C7047050B0C0D1416000018
:103A80000620704748B113294FF0000207DC0B29CC
:103A90000CD00C290FD1063008E000220BE01429CD
:103AA00003D0162907D1123000E00C3002788A4288
:103AB00018BF0020024610467047000003288EBF42
:103AC000FE2001A1085C70470B0C141604207047FF
:103AD00070473F2884BF0020704702466FF07C404B
:103AE0000021F3F749BA0000B0B5032998BF072AAF
:103AF00001D90020B0BD044642F66050C0F6060071
:103B000000EBC100855C0A2DF3D82046FFF7E0FFEB
:103B1000FFF7DFFF0028ECD003A050F82500214676
:103B2000BDE8B040F3F79BBA080126000801260063
:103B30004010400080000000001850002038500065
:103B40000080000000881200401040000000880043
:103B500020881000027A40F20A3343EAC20240F29F
:103B6000FA331A400A6000228A80062240688A716D
:103B700002688A60828800208A817047027A40F257
:103B80000B3343EAC20240F2FB331A400A600022C0
:103B90008A80062240688A7102688A6082880020D2
:103BA0008A817047B0B584B00C460546FDF758FBD6
:103BB000294622460023FDF729F902208DF804400A
:103BC00002958DF80C00ECF7ADFF01A9ECF7CFFFE3
:103BD000002004B0B0BDB0B50C460546F6F705FDB3
:103BE000294622460023F6F7DCFB0020B0BDB0B525
:103BF0000C460546F6F7F9FC294622460123F6F75E
:103C0000D0FB0020B0BDB0B50C460546FAF74AFC23
:103C100029462246FAF790FAF9F70CFE2946224681
:103C2000F9F7F6FB0020B0BDB0B584B005460290B0
:103C300004200C468DF804108DF80C00ECF772FF90
:103C400001A9ECF794FF2846214600F05AF8012814
:103C500006D0FDF79BFF0F212A462346FDF7F8FC0F
:103C6000002004B0B0BDB0B584B00C460546FDF7E9
:103C7000F7FA294622460123FDF7C8F803208DF8FC
:103C8000044002958DF80C00ECF74CFF01A9ECF70D
:103C90006EFF002004B0B0BDB0B584B00C46054640
:103CA000FDF7DEFA294622460223FDF7AFF8002091
:103CB0008DF8044002958DF80C00ECF733FF01A954
:103CC000ECF755FF002004B0B0BDB0B584B00C4691
:103CD0000546FDF7C5FA294622460323FDF796F867
:103CE00000208DF8044002958DF80C00ECF71AFFC7
:103CF00001A9ECF73CFF002004B0B0BD4FF0FF304D
:103D0000704700284FF0010018D041F6F051C1F281
:103D10000001C97891B180B582B000208DF807000C
:103D200001F045FC0DF1070101F034FC9DF807009E
:103D3000013818BF012002B0BDE880407047027A08
:103D40002023520863F31F1240680A6000221C23DC
:103D50008A800B72037803224B728A7142780020AA
:103D60008A727047027A2023520863F31F120A6096
:103D7000002218238A800B72022240688A7102781E
:103D800000204A727047002070470023027A8B801F
:103D900034230B7240685208202363F31F12037808
:103DA0000A604B72427808238A7282788B71CA72D9
:103DB000C2780A7302794A7342798A738279002041
:103DC000CA737047027A2023520863F31F120A60F5
:103DD000002235238A800B72406802228A710278A1
:103DE00000204A72704700207047027A4FF0000CA2
:103DF0005308202262F31F135222A1F804C00A7252
:103E000040680B60437808220E2B8A7126D06BBB6A
:103E1000027812014A72827802F0030393FAA3FC3B
:103E200002F00C039B0043EA121242EA1C628A72FF
:103E30000279CA7242790A73827902F0030393FA13
:103E4000A3FC02F00C039B0043EA121242EA1C623C
:103E50004A73027A8A73407AC87307E00078C1F81F
:103E60000AC000010E304872A1F80EC00020704751
:103E7000027A2023520863F31F120A6000225323A0
:103E80008A800B72406802228A71027800204A728E
:103E90007047027A2023520863F31F120A6000223F
:103EA00008238A800B72022240688A7102780020FF
:103EB0004A727047027A2023520863F31F120023CC
:103EC0008B8010230B7240680A600078022202285F
:103ED0008A7109D8C0000222C0B2C0F2010222FADF
:103EE00000F04872002000E0FF2040B27047027AE4
:103EF0002023520863F31F120A60002207238A80DE
:103F00000B72022240688A71027800204A72704760
:103F1000027A2023520863F31F120A600022392319
:103F20008A800B72406802228A71027800204A72ED
:103F30007047027A2023520863F31F120A6000229E
:103F40003A238A800B72406802228A71027800202C
:103F50004A727047027A2023520863F31F120A60E4
:103F600000228A804F220A724068032203788A71F5
:103F70004B72427800208A727047027A20235208DE
:103F800063F31F1200238B804D230B7240680A607D
:103F9000027804234A7242788B718A7282780020F8
:103FA000CA7270470023027A8B8050230B724068DC
:103FB000520803784FF0200C4B7243786CF31F12B9
:103FC0008B720A60C2780723CA7282788B710A7377
:103FD00082880020A1F80D207047007A2022400836
:103FE00062F31F1008600020888040F24C1042F2FB
:103FF0000002C0F20130C3F20052C1E902020822FD
:1040000000208A717047007A2022400862F31F1056
:10401000086000208880072088714E20CFF222009F
:1040200088604FF47F408881FF2200208A737047A8
:10403000B0B582B002781E2401F00101037A04EACF
:10404000D202C57B1144202202EA93028C18691E19
:10405000B1FA81F14D09B0F80910D0F80B00ADF8B4
:1040600002100190F1F755FC0DF1020321462A469A
:10407000F1F798FC002002B0B0BDB0B584B00C469A
:104080000546FDF7EDF8294622460423FCF7BEFE5F
:1040900001208DF8044002958DF80C00ECF742FDEC
:1040A00001A9ECF764FD002004B0B0BD002070470A
:1040B000002070470020704780B584B00290002037
:1040C0008DF804108DF80C00EDF777FE01A9EDF7DF
:1040D00099FE002004B080BD80B584B0029002201B
:1040E0008DF804108DF80C00EDF767FE01A9EDF7CF
:1040F00089FE002004B080BD80B584B0029001200C
:104100008DF804108DF80C00EDF757FE01A9EDF7BE
:1041100079FE002004B080BDB0B50C460546F4F72A
:1041200081FF294622460223F4F77EFC0020B0BD21
:10413000B0B50C460546F4F775FF29462246042320
:10414000F4F772FC0020B0BDB0B50C46054600F097
:1041500031F8012806D0F4F765FF294622460B23E3
:10416000F4F762FC0020B0BDB0B50C46054600F087
:1041700021F8012806D0F4F755FF294622460E23E0
:10418000F4F752FC0020B0BD70B50C46054600F0B7
:1041900011F801280CD0687AFFF726FCFE2807D01A
:1041A0000646F4F73FFF294622463346F4F73CFC27
:1041B000002070BD00284FF0010018D041F2E0113E
:1041C000C1F20001C97891B180B582B000208DF8AC
:1041D000070001F0ECF90DF1070101F0DBF99DF8A2
:1041E0000700013818BF012002B0BDE880407047C9
:1041F000027A40F20F1343EAC20200238B80406828
:104200006FF35F2203880A600B81428808234A818A
:1042100082888B718A81C2880020CA81704710B55C
:1042200082B00446FF200A468DF807000DF1070C06
:10423000012021460023CDF800C00AF09AF988B188
:1042400034F8081FA0F8AC10B4F90210C0F8A4109C
:1042500062689DF80710C0F8A02008462146E0F7E4
:104260003CFF01E003F021FE002002B010BD000081
:104270002DE9F04782B004460D4601F00100217897
:104280001E2202EAD101084400F14006F2F737F895
:104290003146F1F7EDFE082816D1FF208DF8070012
:1042A0000DF10707012021462A46002300970AF056
:1042B00060F990B3B4F90A109DF80720A0F8AE1089
:1042C0001046E0F72EFF28E0207A42F244580026FC
:1042D00000F00F0100090127C0F606080DF10609DC
:1042E0000DF1040A8DF806608DF804108DF80500B4
:1042F00018F80630002021462A46CDF800900AF032
:1043000038F950B11AF80610012906D880F81D11A5
:104310000126F8074FF00007EAD1002002B0BDE8FF
:10432000F08700002DE9F04F83B042F2445942F289
:10433000465B88460546002700F108060124C0F6C2
:1043400006090DF10B0AC0F6060B8DF80B7000BFC5
:1043500019F80730012029464246CDF800A00AF09E
:1043600008F948B11BF807100127715AA0F8AC10E2
:10437000E0074FF00004EBD1002003B0BDE8F08F60
:1043800070B586B004460D4601F0010021781E226A
:1043900002EAD101084400F14006F1F7B0FF3146CE
:1043A000F1F766FE082824D104200221022601F03C
:1043B00036F802902068A1796FF31F3040EA01308F
:1043C000ADF80E002046F2F776FDCDE90401002D90
:1043D00008BF012620788DF80C6000098DF80D00CB
:1043E000F3F7BEFB02AE0221002200230096F3F792
:1043F00094FB002006B070BD2DE9F04F83B042F26F
:10440000445942F2485B88460546002700F10806F9
:104410000124C0F606090DF10B0AC0F6060B8DF853
:104420000B7000BF19F80730012029464246CDF82D
:1044300000A00AF09EF848B11BF807100127715838
:10444000C0F8A010E0074FF00004EBD1002003B04B
:10445000BDE8F08F2DE9F04F83B042F2465988460F
:104460000546002700F1080601240DF10B0A0FF2A2
:104470004C0BC0F606098DF80B7000BF42F2445099
:10448000C0F60600C35D002029464246CDF800A0D4
:104490000AF06FF870B190F81C110329494608BF63
:1044A0005946C95D0127715AC0F81011E0074FF055
:1044B0000004E3D1002003B0BDE8F08F0406000043
:1044C0002DE9F04F83B042F2445942F2465B8846F0
:1044D0000546002700F108060124C0F606090DF183
:1044E0000B0AC0F6060B8DF80B7000BF19F80730E9
:1044F000002029464246CDF800A00AF03AF848B11B
:104500001BF807100127715AC0F81411E0074FF08B
:104510000004EBD1002003B0BDE8F08F2DE9F04F8F
:1045200083B042F2445A88460546002700F1080944
:104530000124C0F6060A0DF10B0B8DF80B7000BFBD
:104540001AF80730002029464246CDF800B00AF09C
:1045500010F8A8B1064642F24850C0F60600C05D09
:1045600059F80070F6F74BFE9DF80B103A46F6F737
:10457000F1FBC6F8F8000127E0074FF00004DFD197
:10458000002003B0BDE8F08FB0B586B00C460546FC
:1045900000202D2100F043FFA97902902846ADF8B4
:1045A0000E10F2F788FCCDE904010220002C08BFB0
:1045B000012029788DF80C0008098DF80D00F3F71B
:1045C000CFFA02AD0121002200230095F3F7A5FAEE
:1045D000002006B0B0BD00002DE9F04F87B00446C2
:1045E00000200D468DF81B00CDE90400CDE9020046
:1045F00001F0010021781E2202EAD101084400F1F5
:104600004006F1F77CFE3146F1F732FD122818BF63
:10461000082811D10DF11B07002021462A4600234E
:10462000009709F0A6FF002873D09DF81B0004F145
:104630000801E0F76AFD6EE003286CD142F24459AC
:1046400004F1080B0127C0F606090DF11B0A34A678
:104650004FF0000819F80830002021462A46CDF80E
:1046600000A009F086FF002855D016F808101BF8A6
:10467000011006290ADD9F2914DC4F291ADC0729BD
:1046800023D0082947D1092102E000BF072942D2DF
:1046900080F81C114FF00108F8074FF00007D9D13E
:1046A00039E000BFB0290BDCA02910D0B02932D1ED
:1046B0000B21EDE75029EBD060292CD1FE21E7E753
:1046C000B12924D0FF29E3D025E00821E0E70A2121
:1046D00080F81C110420092100F0A1FE617A0290EB
:1046E00008020A309DF81B10ADF80E0000208DF86E
:1046F0000D108DF80C00F3F733FA0221002200238D
:10470000B44602AE00966646F3F707FAC2E70C21FC
:10471000BEE703F0CAFB002007B0BDE8F08F00BF82
:10472000010300002DE9F04F83B088468146002444
:1047300000F1080A01250DF10B0B8DF80B4000BFAD
:1047400042F24450C0F60600035D0020494642464E
:10475000CDF800B009F00DFF10B3064642F2485004
:10476000C0F6060010A1005D095D3AF900703AF943
:104770000140F6F744FD9DF80B103A46F6F752FB60
:10478000C6F8FC00F6F73BFD9DF80B102246F6F745
:104790005BFAC6F800010124E8074FF00005CFD10D
:1047A000002003B0BDE8F08F02060000037A4268E3
:1047B000C3F343030B6000238B8008238B71007AC3
:1047C000042300F0E000202808BF6FF07B030B7289
:1047D00010780728487211D8DFE800F00404040AB2
:1047E0000A10040490884881D0888881002004E061
:1047F00090884881D08888811089C88100207047BE
:10480000027AC2F343020A6000228A8001228A717E
:10481000007A072200F0E00020284FF0000008BFD7
:104820006FF078020A727047027AC2F343020A609C
:1048300000228A8001228A71007A2D2200F0E00095
:1048400020284FF0000008BF6FF052020A72704734
:10485000027A4368C2F343020A6000228A8003227C
:104860008A71007A5B2200F0E000202808BF6FF018
:1048700024020A72187848725A7800208A727047A7
:10488000027AC2F343020A6000228A8001228A71FE
:10489000007A5A2200F0E00020284FF0000008BF04
:1048A0006FF025020A727047027AC2F343020A606F
:1048B00000228A8001228A71007A582200F0E000EA
:1048C00020284FF0000008BF6FF027020A727047DF
:1048D000027AC2F343020A6000228A8001228A71AE
:1048E000007A432200F0E00020284FF0000008BFCB
:1048F0006FF03C020A727047027AC2F343020A6008
:1049000000228A8001228A71007A412200F0E000B0
:1049100020284FF0000008BF6FF03E020A72704777
:10492000027AC2F343020A6000228A8001228A715D
:10493000007A732200F0E00020284FF0000008BF4A
:104940006FF00C020A727047027AC2F343020A60E7
:1049500000228A8001228A71007A532200F0E0004E
:1049600020284FF0000008BF6FF02C020A72704739
:10497000027AC2F343020A6000228A8001228A710D
:10498000007A552200F0E00020284FF0000008BF18
:104990006FF02A020A727047027AC2F343020A6079
:1049A00000228A8001228A71007A5E2200F0E000F3
:1049B00020284FF0000008BF6FF021020A727047F4
:1049C000027AC2F343020A6000228A8001228A71BD
:1049D000007A302200F0E00020284FF0000008BFED
:1049E0006FF04F020A727047027AC2F343020A6004
:1049F00000228A8001228A71007A4F2200F0E000B2
:104A000020284FF0000008BF6FF030020A72704794
:104A1000027AC2F343020A6000228A8001228A716C
:104A2000007A512200F0E00020284FF0000008BF7B
:104A30006FF02E020A727047027AC2F343020A60D4
:104A400000228A8001228A71007A602200F0E00050
:104A500020284FF0000008BF6FF01F020A72704755
:104A6000027AC2F343020A6000228A8001228A711C
:104A7000007A082200F0E00020284FF0000008BF74
:104A80006FF077020A727047027A4368C2F34302FA
:104A90000A6000228A8007228A71007A1B2200F0B5
:104AA000E000202808BF6FF064020A7218689A8834
:104AB000C1F809000020A1F80D207047027A4923AF
:104AC000C2F343020A6000228A8005228A71027AB8
:104AD00002F0E002202A08BF6FF036030B72406834
:104AE00002680020C1F809207047027A3E23C2F311
:104AF00043020A6000228A8005228A71027A02F04B
:104B0000E002202A08BF6FF041030B724068026880
:104B10000020C1F809207047027A4368C2F34302BB
:104B20000A6000228A8002228A71007A092200F03B
:104B3000E000202808BF6FF076020A721A78002081
:104B40004A727047027A4368C2F343020A60002245
:104B50008A8008228A71007A482200F0E00020282A
:104B600008BF6FF037020A72188848815888888118
:104B70009A880020CA817047027A6523C2F34302F3
:104B80000A6000228A8008228A71027A02F0E0021A
:104B9000202A08BF6FF01A030B724068D0F8032078
:104BA00003680020CA60C1F80930704780B56722E9
:104BB0000BF0B3F8002080BD027A4FF0000CC2F376
:104BC00043020A6005224368A1F804C08A71007A92
:104BD0006D2200F0E000202808BF6FF012020A7278
:104BE0001888A1F80BC0A1F8090000207047027ACC
:104BF0004368C2F343020A6000228A8005228A7158
:104C0000007A2C2200F0E000202808BF6FF0530249
:104C10000A721878487293F901008872C211002054
:104C2000CA720A737047027A4368C2F343020A6089
:104C300000228A8005228A71007A702200F0E0004A
:104C4000202808BF6FF00F020A725888A1F80900E7
:104C50001A880020A1F80B207047027A4368C2F33B
:104C600043020A6000228A8003228A71007A592254
:104C700000F0E000202808BF6FF026020A721A88B0
:104C80000020A1F809207047027A4368C2F343026A
:104C90000A6000228A8008228A71007A572200F076
:104CA000E000202808BF6FF028020A721888A1F8D7
:104CB00009005A880020A1F80B207047027A436847
:104CC000C2F343020A6000228A8005228A71007AB8
:104CD000742200F0E000202808BF6FF00B020A7277
:104CE0001A7800204A727047027A0F23C2F34302F7
:104CF0000A6000228A8005228A71027A02F0E002AC
:104D0000202A08BF6FF070030B7240680268002011
:104D1000C1F809207047027A4223C2F343020A60B5
:104D200000228A8005228A71027A02F0E002202A9B
:104D300008BF6FF03D030B72406802680020C1F8A5
:104D400009207047027A4423C2F343020A6000221A
:104D50008A8003228A71027A02F0E002202A08BFC8
:104D60006FF03B030B72406802880020A1F8092015
:104D70007047027A1023C2F343020A6000228A803D
:104D800005228A71027A02F0E002202A08BF6FF041
:104D90006F030B72406802680020C1F80920704759
:104DA000027A4023C2F343020A6000228A8005226D
:104DB0008A71027A02F0E002202A08BF6FF03F03F6
:104DC0000B72406802680020C1F809207047027A1F
:104DD0007723C2F343020A6000228A8008228A7184
:104DE000027A02F0E002202A08BF6FF008030B727B
:104DF0004068D0F8032003680020CA60C1F8093079
:104E0000704780B5027A0123C2F343020A60002290
:104E10008A8008228A71027A02F0E002202A08BF02
:104E20006FF07E030B72426801F109001146072200
:104E3000DDF785F8002080BD027A4368C2F34302A3
:104E40000A6000228A8003228A71007A722200F0AE
:104E5000E000202808BF6FF00D020A721A880020B7
:104E6000A1F80920704780B5027A7D23C2F343027E
:104E70000A6000228A8008228A71027A02F0E00227
:104E8000202A08BF6FF002030B72426801F109008B
:104E900011460722DDF753F8002080BD80B552226D
:104EA0000AF0D6FE002080BD80B554220AF004FF2F
:104EB000002080BD027A4368C2F343020A600022E8
:104EC0008A8005228A71007A5D2200F0E0002028A5
:104ED00008BF6FF022020A7293ED070A93ED081AD9
:104EE000BDEEC00A10EE100ABDEEC10AA1F809001D
:104EF00010EE102A0020A1F80B207047027A2F2311
:104F0000C2F343020A6000228A8003228A71027A75
:104F100002F0E002202A08BF6FF050030B724068D5
:104F200002880020A1F809207047027A4368C2F382
:104F300043020A6000228A8005228A71007A0E22CA
:104F400000F0E000202808BF6FF071020A721878A4
:104F50004872587888729878C872DA7800200A7394
:104F60007047027A7923C2F343020A6000228A80E2
:104F700003228A71027A02F0E002202A08BF6FF051
:104F800006030B72406802880020A1F809207047D0
:104F900080B54E220AF05CFE002080BD80B5502214
:104FA0000AF08AFE002080BD027A4368C2F3430201
:104FB0000A6000228A8005228A71007A5F2200F04E
:104FC000E000202808BF6FF020020A7293ED070A64
:104FD00093ED081ABDEEC00A10EE100ABDEEC10A2C
:104FE000A1F8090010EE102A0020A1F80B2070474C
:104FF000027A6923C2F343020A6000228A800822EF
:105000008A71027A02F0E002202A08BF6FF01603CC
:105010000B724068D0F8032003680020CA60C1F812
:1050200009307047037A4268C3F343030B600023DF
:1050300012888B8003238B71007A4A2300F0E000F2
:1050400020284FF0000008BF6FF035030B72A1F865
:1050500009207047027A5623C2F343020A600022F5
:105060008A8003228A71027A02F0E002202A08BFB5
:105070006FF029030B72406802880020A1F8092014
:105080007047027AC2F343020A6000228A8001223A
:105090008A71007A2E2200F0E00020284FF00000F4
:1050A00008BF6FF051020A727047027A4368C2F378
:1050B00043020A6000228A8005228A71007A1C223B
:1050C00000F0E000202808BF6FF063020A72188821
:1050D000A1F809005A880020A1F80B2070474FF072
:1050E000FF307047B0B582B002781E2401F0010194
:1050F000037A04EAD202C57B1144202202EA930219
:105100008C18691EB1FA81F14D09B0F80910D0F878
:105110000B00ADF802100190F0F7FBFB0DF102035C
:1051200021462A46F0F73EFC002002B0B0BD5A22CC
:105130000AF02FBF58220AF02CBF43220BF0AEB862
:1051400041220BF0ABB810B50022044609F034FA46
:1051500018B1B4F90910C0F83411002010BD532261
:105160000AF0C8BF55220AF0C5BF5E220AF0C2BFCE
:105170002DE9F04186B00446884601F0010021780F
:105180001E23227A03EAD1010844202101EA920178
:105190004518F1F7B4F8294601220123F0F7EDFF95
:1051A000FF2864D0024601200121052302F076FE8B
:1051B0000646F0F7C0FAF0F7D0FAFDF7CCF9314621
:1051C0000746F8F70FFEC0B10546FE20314605F050
:1051D00067FAB4F809100180687829780130C2B202
:1051E0009142687043D1384631460022F8F70EFFED
:1051F00000F0DDF900F0E8FB39E0002500202C216B
:10520000ADF80C5000F00BF90290ADF80E50CDE95E
:105210000465F2F7A5FC02AD0421002200230095ED
:10522000F2F77BFC00201B2100F0F9F802902068C7
:10523000A1796FF31F3040EA0130ADF80E0020462F
:10524000F1F739FE05912178049008098DF80D00D9
:105250000220B8F1000F08BF01208DF80C00F2F712
:105260007FFC0221002200230095F2F756FC00206B
:1052700006B0BDE8F0814F220AF03CBF51220AF08F
:1052800039BF60220AF036BF2DE9F04188B00546EB
:10529000FF208DF81F000DF11F0228460C4609F073
:1052A0008BF9002860D0697A9DF81F2080F81E11C4
:1052B000012000210E234FF0000802F0EFFD06460A
:1052C000F0F739FAF0F749FAFDF745F931460746A4
:1052D000F8F788FD80B1417802780131CBB29A426B
:1052E000417041D1384631460022F8F78FFE00F078
:1052F0005EF900F069FB37E000202C21ADF80C804E
:1053000000F08DF80290ADF80E80CDE90468F2F758
:1053100027FC02AE0421002200230096F2F7FDFBD9
:1053200000201B2100F07BF802902868A9796FF318
:105330001F3040EA0130ADF80E002846F1F7BBFD02
:1053400005912978049008098DF80D000220002CA1
:1053500008BF01208DF80C00F2F702FC02210022A8
:1053600000230096F2F7D9FB002008B0BDE8F081D9
:10537000B0B50C460546FAF71DFE29462246FAF757
:105380005AFC0020B0BD0146400E042842F61770BA
:10539000C0F6060011D80A0EFF2A08BF704745F66E
:1053A0002020C0F6060050F8220021F07F41814203
:1053B00004D942F61770C0F60600704742F69470A2
:1053C000C0F6060050F8220001EB410200EB82001B
:1053D000426842B1036842F63F70C0F60600994247
:1053E00008BF1046704742F66970C0F60600704765
:1053F0000146400E04284FF0FF300FD80A0EFF2A56
:1054000008BF704745F62020C0F6060050F822205D
:1054100021F07F40904288BF4FF0FF30704709284D
:105420000CD845F62022C0F6060252F820208A4207
:1054300022BF21F07F4141EA006070474FF0FF300A
:1054400070470000F0B587B044F66875C1F20005FA
:105450006968002954D143F66826C0F6060600287C
:1054600018BF0646F2F77CFB45F23A74317942F6F2
:105470004067C0F60604C0F6060724A223460029AA
:1054800018BF01210097F2F741FBF2F769FB718821
:1054900029A22346002918BF01210097F2F736FB05
:1054A000F2F75EFB31782FA22346002918BF0121B5
:1054B0000097F2F72BFB43F63C233079C0F6060346
:1054C0004EF217671B68C0F604077288317840F601
:1054D0009176CDE9007002A80FF2B00CC0F6050677
:1054E000002458C004200023CDF814C002F016FA9E
:1054F000014668604EF20160C0F6040005F0E4F970
:1055000044F66870C1F2000007B0F0BD656F6D5FD2
:1055100063616C6C6261636B6D616E5F496E69742F
:1055200069616C69736528293A2030207175657549
:105530006573697A65000000656F6D5F63616C6C0F
:105540006261636B6D616E5F496E697469616C69FC
:10555000736528293A203020737461636B73697A0C
:1055600065000000656F6D5F63616C6C6261636B09
:105570006D616E5F496E697469616C697365282934
:105580002030207072696F726974790063626B6D8C
:10559000616E000010B50C464FF0FE0128B124B139
:1055A0000068FBF7A3F80021207048B210BD40F658
:1055B000B071C1F20001087B002818BF084670478F
:1055C0002DE9F047C0B040F6B079C1F20009D9F832
:1055D0000010002940F08B810546C8480DF10C0CE5
:1055E0000290C6A0071D8ECF007D8CE80E000697A6
:1055F0008DF81C00F2F7B4FA45F62102C0F6060257
:1056000002A9F2F7D1FA012089F80C0043F67020C4
:10561000C0F60600002D18BF2846D0E90001C9E9F0
:105620000101F1F766FBFBF767F8C9F800000120FC
:10563000002100260FF00CFBD9F804000021EFF741
:10564000FBFEEFF7EFFE05F0B2F900F022FB054696
:1056500090F848001A96012808D1EFF7E3FE1AA93E
:1056600005F096F91A99002808BF0E46E96B05F176
:10567000300005F14403324601F0F2FDE86A1BAE4A
:1056800031461422F1F7CCFC20AFA2A2384680218B
:105690003346DCF793F8F2F763FA45F62102C0F6D9
:1056A00006023946F2F780FA01F0C8FDE96A44F6CD
:1056B0004032C0F24C0201F0BDFF0546F4F778FB22
:1056C000002135B1F4F7E4FB46F26247C0F6060765
:1056D00005E0F4F703FC46F26647C0F6060746F21B
:1056E000694220AEC0F606021BAB3046802100970F
:1056F000DCF764F8F2F734FA45F62105C0F6060542
:1057000031462A46F2F750FA00F0C3FA643000F04E
:105710001BFB00F0BEFA06467C3001F00FFBF06A7E
:105720001BAE31461422F1F77BFC46F2D34220AF88
:10573000C0F60602384680213346DCF73FF8F2F720
:105740000FFA39462A46F2F72FFA01F0EEFAD9F8A5
:1057500008104AF22012C0F2070201F0C9FA054609
:10576000F4F726FB002135B1F4F792FB46F26247CD
:10577000C0F6060705E0F4F7B1FB46F26647C0F64F
:10578000060746F29E4220AEC0F606021BAB30462C
:1057900080210097DCF712F8F2F7E2F945F62108CC
:1057A000C0F6060831464246F2F7FEF900F071FAFB
:1057B000883001F035FC00F06CFA4C3000F0E2FC6F
:1057C00000F067FAB03000F0CFFE00F062FAB430BB
:1057D00000F062FC00F05DFAB83000F06DFF45F6B5
:1057E0004420C0F60600EFF727F9EFF742F9F2F789
:1057F000B7F944F6BD21C0F60301F2F7CFF920AEA8
:1058000030462021DCF77EFC00F018FC00F01FFC85
:10581000024630460121EFF7E0FB01F086FA3146FF
:105820000022002301F013FB4CF2E820C0F6060032
:1058300090E88E00D0E904650DF1080E8EE88E0028
:1058400000F12007D0E906C4CDE906658ECFD0E986
:105850000C6590F838000DF1280E8EE88E00CDE929
:1058600008C40E960F958DF84000F2F779F90DF106
:10587000080A51464246F2F797F9484600F0DAF82E
:105880004CF2A820C0F6060090E88E00D0E904543F
:1058900002AE8EC600F12007D0E906CECDE906544F
:1058A0008ECFD0E90C54D0E90E600D970C930B927B
:1058B0000A91CDE908CECDE90E54CDE91060F2F79A
:1058C0004FF951464246F2F76FF9D9F80000FBF75D
:1058D00026F84CF22431C0F6060150465222DCF77D
:1058E00070FBF2F73DF951464246F2F75DF940F69A
:1058F000B070C1F2000040B0BDE8F087696E736916
:105900006465205F496E697469616C6973652829F3
:105910000000000061626F757420746F2063616C19
:105920006C20656F6D5F69706E65745F5265736F33
:105930006C76654950282920746F20686F73742035
:10594000257320772F2074696D656F75742035730A
:1059500065630000B0B538B100680C46FAF7C6FEC2
:10596000A04203D1002022E0FE2020E0022801D145
:10597000F1201CE002224FF0FF35032C4FEAC40156
:10598000C0F2010238BF22FA01F5012807D068B938
:1059900000F054FBE9B2BDE8B04000F061BB00F09C
:1059A00063FEE9B2BDE8B04000F073BEFF2040B234
:1059B000B0BD30B140F6B070C1F200000068FAF737
:1059C00063BF6FF00100704780B568B10068FAF7F7
:1059D0008DFE02280CD0012808D098B900F02EFBCB
:1059E00000F035FB022109E0FE200CE000200AE077
:1059F00000F0A7FD00F0AEFD4FF00051BDE8804083
:105A000002F038B9FF2040B280BDB0B578B10D4684
:105A100069B1044601F0E8FA01F0F9FA2946FCF709
:105A20004EFE05462046FFF7CFFF2846B0BD6FF07B
:105A30000100B0BD80B5F4F7BBF903214CF2503240
:105A40000023F4F771FA01F0F9FB01F000FCBDE866
:105A50008040F9F771BD10B5F4F7AAF948F2804219
:105A6000C0F21E0203210023F4F75EFAF0F76DFE88
:105A70000021F1F78DF8F0F768FEF0F795FFF2F7E7
:105A8000B3F8044600F0DAFA00F0E1FA01462046E5
:105A90008022F2F713F900F0D1FA00F0D8FA0221CF
:105AA000BDE8104002F0E6B880B5F4F781F94DF298
:105AB0009002C0F2030203210023F4F735FAF0F755
:105AC00044FE0021F1F764F8F0F73FFEF0F76CFFB9
:105AD000F6F7ACFBF6F73CFDF6F7A8FBF6F79CFAF9
:105AE000FBF7BEFBFBF7FFFCFBF7BAFBFBF72FFB5B
:105AF000EBF718F8ECF7CAF8EBF714F8EAF7FBFF46
:105B0000ECF75BF9ECF79AFDECF757F9ECF73EF997
:105B1000FAF750FAFAF758FCFAF74CFAFAF7E2F902
:105B2000F4F763FDF4F7D4FEF4F75FFDF4F702FD3C
:105B3000F3F778FAF3F74DFBF3F774FAF3F70BFA90
:105B4000FCF724F8FCF7F1F8FCF720F8FBF7B9FFB5
:105B5000F8F7A8FCF8F77EFDF8F7A4FCF8F732FC9C
:105B6000F7F768FEF7F73EFFF7F764FEBDE8804001
:105B7000F7F7F0BD80B5F4F71BF944F24022C0F20C
:105B80000F0203210023F4F7CFF9F0F7DEFD012126
:105B9000F0F7FEFFF0F7D9FD00210022F1F73CF805
:105BA000F0F7D3FD43F63421C0F60601096801EB96
:105BB0008101F1F743F8F2F717F800210022BDE860
:105BC0008040F2F77BB880B5F2F70EF80021002292
:105BD000BDE88040F2F772B8704780B5F0F7B5FDC8
:105BE0000021F0F7D5FFF0F7B0FDF0F7DDFEF6F796
:105BF0001DFBF6F7ADFCF6F719FBF6F70DFAFBF710
:105C00002FFBFBF770FCFBF72BFBFBF7A0FAEAF787
:105C100089FFECF73BF8EAF785FFEAF76CFFECF752
:105C2000CCF8ECF70BFDECF7C8F8ECF7AFF8FAF7A7
:105C3000C1F9FAF7C9FBFAF7BDF9FAF753F9F4F726
:105C4000D4FCF4F745FEF4F7D0FCF4F773FCF3F75B
:105C5000E9F9F3F7BEFAF3F7E5F9F3F77CF9FBF7A7
:105C600095FFFCF762F8FBF791FFFBF72AFFF8F7C7
:105C700019FCF8F7EFFCF8F715FCF8F7A3FBF7F7BA
:105C8000D9FDF7F7AFFEF7F7D5FDBDE88040F7F790
:105C900061BD44F21F70C1F20000017809B9012111
:105CA000017044F61050C0F60600704744F21F70B1
:105CB000C1F20000017809B90121017044F61050C9
:105CC000C0F606007047000070B594B0044644F674
:105CD0004570C0F23F0016460D461390F1F740FFA5
:105CE0002146F1F735FF44F21F71C1F200010A7835
:105CF00003460AB90120087016B17168307801E0D6
:105D0000002013A903AECDE9001009A230464021BE
:105D10000295DBF753FD304611F032FA042C9CBF9C
:105D200014B070BD05F096F805F0B6F8FEE700BFB8
:105D30005B25735D20257320696E2074736B2025AD
:105D4000643A2025730000002DE9F04F89B040F639
:105D5000C874C1F200042168002940F09F8043F616
:105D60007827C0F60607002818BF074697E84F00B7
:105D70007D6904F1180C8CE84F00E562387830B387
:105D800001F05CFA42F62065C0F6060550B9F1F75D
:105D9000E7FE45F2BF7343A2C0F606030521009556
:105DA000F1F7BBFE387DB7F804A0B7F808800128EA
:105DB0000FD101F05BFC397DB7F80690B7F80AB057
:105DC000012906460AD101F051FC054607E00024EE
:105DD00064E097F80690B7F80AB0002600255FFA4D
:105DE0008AF05FFA89F341463246CDE900B5FAF709
:105DF0005FFE398960600846F7F7EDF97989A060A0
:105E00000846F7F7E8F9E0600220012116F002FFEA
:105E10002063F1F7A5FE216B45F2BF7342F62066C1
:105E20002FA2C0F60603C0F60606002918BF0121FE
:105E30000096F1F76BFEF8897989ADF81E00002510
:105E40000DF11E00ADF820108DF8225000F083F8FF
:105E500043F63C20C0F6060040F6A1730068C0F689
:105E6000050379787A884EF29D7604934EF63103D5
:105E70000FF2A80CC0F60406CDE90205C0F6040333
:105E80000120CDE90065CDF814C001F047FD396966
:105E9000206020462161257508F044FC204609B0A9
:105EA000BDE8F08F656F6D5F656D736261636B64F4
:105EB0006F6F725F496E697469616C6973652829D7
:105EC0003A20454F4D74686549506E6574206E6F79
:105ED00074207374617274656420796574000000C5
:105EE000656F6D5F656D736261636B646F6F725F29
:105EF000496E697469616C69736528293A206F730A
:105F0000616C206769766573204E554C4C2074781F
:105F100073656D6170686F726500000062636B6429
:105F20006F6F720044F22071C1F20001086800280E
:105F300018BF084670474FF0FE0250B149B10268E1
:105F400003790A605A1E4FF0000118BF4FF0FF326C
:105F5000017150B2704770B544F22074C1F2000470
:105F60002168E1B943F69021C0F60601002818BF68
:105F70000146888860810868C4F8060005F074FB53
:105F80004FF0000650B105462089F7F724F920604C
:105F90002846267105F0DEFAE06000E00024204685
:105FA00070BD2DE9F04186B0044600200390ADF8A5
:105FB0000A004FF0FE00ECB30D46D9B303A90DF172
:105FC0000A022846F7F727F901A90DF1020228462F
:105FD000F7F7C1F844F22077C1F200073868039E52
:105FE000DDF80480002505A90DF11202ADF812506C
:105FF000F7F711F9B87AD8B9F868314605F09DFA83
:106000004FF00005A0B9F868059A04AB3146ADF829
:10601000105005F0B5FA01280AD13868BDF8101003
:10602000F7F708F93868FA884146F7F7A0F801252C
:106030000020257140B206B0BDE8F08144F2307115
:10604000C1F200010868002818BF0846704744F2F2
:106050003071C1F200010968002818BF0846704776
:1060600038B189B1012907D002290CBF0020FF20D7
:1060700000E0FE2040B2704744F23070C1F20000F0
:106080000068042101F0F6BD44F23070C1F2000056
:106090000068082101F0EEBDB0B586B044F230745E
:1060A000C1F20004216839BB43F69622C0F606020D
:1060B000002818BF024643F63020C0F606004EF610
:1060C000950500680023C0F604051178528840F653
:1060D000A57ECDE9005302ADC0F6050E85E8094066
:1060E0004EF645230FF21C0CC0F604030120CDF838
:1060F00014C001F013FC206044F23070C1F20000C3
:1061000006B0B0BD63666753540000007047704727
:10611000704780B5F0F719FBBDE88040F0F744BC4C
:1061200080B5EFF7F6FBBDE88040EFF772BE80B5B3
:10613000F1F75AFDBDE88040F1F70ABE7047000054
:1061400010B586B0002014210024FFF768F9CDE9CE
:106150000204CDE90444F1F703FD02AC03A30321DB
:1061600000220094F1F7D9FC06B010BD454F4D74E4
:106170006865454D53636F6E666967757261746FCC
:10618000720000002DE9F04F8BB040F6FC77C1F2B1
:106190000007396800297CD143F69C26C0F6060624
:1061A000002818BF064696E82F00746907F1180CFE
:1061B0008CE82F00FC6201F041F888B9F1F7D0FCBF
:1061C00042F6206546F2E33245F2E773C0F6060573
:1061D000C0F60602C0F6060305210095F1F79DFC06
:1061E000307DB6F80490B6F8088001280DD101F092
:1061F0003DFA317DB6F806B0B6F80AA00129054689
:1062000008D101F033FA044605E096F806B0B6F876
:106210000AA0002500245FFA89F05FFA8BF341465B
:106220002A46CDE900A4FAF743FC31897860084694
:10623000F6F7D1FFB8603069F18907907089ADF841
:106240002010717DADF82200002407A88DF82410DD
:106250000A9400F044F843F63C20C0F6060040F6ED
:10626000AD730068C0F60503317872884EF6752567
:1062700004934EF625330AA6C0F60405CDE90204C0
:10628000C0F604030120CDE90054059601F046FB59
:10629000386040F6FC70C1F200000BB0BDE8F08F32
:1062A0006C697374656E65720000000044F23871A9
:1062B000C1F200010868002818BF084670474FF077
:1062C000FE0250B149B1026803790A605A1E4FF0CC
:1062D000000118BF4FF0FF32017150B2704770B526
:1062E0008CB044F23875C1F200052968C1BB43F691
:1062F000B421C0F60601002818BF0146D1E90020EC
:10630000D1E902312A61C5E90503E961E88AF6F7B6
:1063100062FF002628602E71FBF7E8FFE969C5E9F6
:106320000206E9B1FBF7E2FF04ACE8602046202159
:10633000DBF7E8FE4BF27F61C0F604012046002245
:106340000023EEF73EFE43F62020C0F60600D0E91B
:106350000023E868E9690294CDE90016FCF73AF8F1
:1063600044F23870C1F200000CB070BD2DE9F04F5E
:1063700093B0044600200790ADF81A00002C4FF0AF
:10638000FE0000F0DA800D46002900F0D68007A953
:106390000DF11A022846F6F73EFF05A90DF112028B
:1063A0002846F6F7D8FEBDF81200059DA08243F6F8
:1063B0002820C0F60600066820690027864218BF1C
:1063C000A84229D1DDF81CA09DF81AB00AA8202106
:1063D000DBF798FE44F23878C1F20008D8F80000E4
:1063E00009A90DF12202ADF82270F6F714FF45F26B
:1063F0000029C1F2000989F800709AF80010DDF850
:1064000024C0B8F816002E2908DD7E2919DC2F29B2
:106410000AD0792927D03CE0FF208DE006292FD033
:10642000092920D0202934D12F2140F2774740F686
:106430000652BBF1010F08BF2021C0F605070392E9
:106440002FE0FF2901D07F2923D17F21BBF1010F4C
:1064500008BF4FF0FF31B8F8142040F2A347039271
:10646000C0F605071DE07921BBF1010F08BF092126
:10647000B8F8142040F265570392C0F6050710E003
:10648000B8F8141040F2F35703910621C0F605073F
:1064900007E0B8F8141040F2E95703910021C0F664
:1064A000050701900DF122000290C8B251465A46EC
:1064B0002B46CDF800C0B84701283BD199F8000021
:1064C000BDF822A001281FD14BF27F610DF1280BEE
:1064D000C0F604015846002200234FF00009EEF7F1
:1064E00070FD43F62021C0F60601D1E9002343F6F2
:1064F0003421C0F606010968D8F80800322779432C
:106500008DE8020AFBF766FFBAF1000F12D0D8F847
:106510001020D8F80000BDF82210964218BF15468A
:10652000F6F788FED8F80000039A2946F6F71FFE12
:10653000012700E000270020277140B213B0BDE81A
:10654000F08F44F25871C1F200010868002818BFAA
:106550000846704744F25871C1F2000109680028EA
:1065600018BF084670470000B0B586B044F25874B2
:10657000C1F200042168D1BB43F6C422C0F6060272
:10658000002818BF024643F63020C0F606004EF63B
:10659000893500680023C0F604051178528840F65A
:1065A000A97ECDE9005302ADC0F6050E85E809408D
:1065B0004EF625530FF2440CC0F604030120CDF82B
:1065C00014C001F0ABF92060FBF790FE606042F66A
:1065D0001060C0F6060090E80E00C06804F1100CD0
:1065E0008CE80E0004F11C0C8CE80F00E06244F211
:1065F0005870C1F2000006B0B0BD00BF6572726F86
:106600007200000000284FF0FE0018BF00291ED0C5
:1066100080B544F25872C1F2000210890130108135
:10662000D1E900CED1E90213C2F820C0C2E909E1E4
:1066300042F63061C0F60601D362D1E90013C2E927
:106640000413D0820020C2E90600BDE8804040B2B9
:1066500070477047704728B190F85600002818BF5F
:10666000012070470020704743F6C061C1F200016D
:10667000486B002818BF08467047002812BFD0E9B1
:106680001A01002000217047002814BF0069012072
:10669000704768B1FF290CD041B143F6C060C1F228
:1066A0000000002280F8602080F84010002100E007
:1066B000FE2148B2704700002DE9F04786B043F64E
:1066C000C065C1F20005696B002940F0E18043F626
:1066D000C826C0F60606002818BF0646F1F740FA9D
:1066E000D6E90521F3690A449A420ED2D6E9087226
:1066F0003B44934209D2B36A3BB137B129B1316906
:106700001A448A4201D2012100E0002142F2685875
:1067100046F22642C0F606084FF0000AC0F606020E
:106720004346CDF800A0F1F7F1F9F1F719FAF18D30
:106730005BA202294FF00001434638BF0121CDF88A
:1067400000A0F1F7E3F9746996E88F006C6185E8C1
:106750008F0006F118079FCF05F1180C8CE89F00F9
:10676000306B002128637089A5F84100307B85F8E3
:1067700060A085F8430096F8300085F84DA085F8B4
:106780004C00FF2085F8400016F044FA2865F1F728
:10679000E7F9296D50A24346002918BF0121CDF821
:1067A00000A0F1F7B3F94FF6FF70A5F86100286972
:1067B000D5F848216B6AE969821AC01AC5E9340A1A
:1067C00096F83100C5E91C1A591AC5E9402AC5E9ED
:1067D0001AAAC5E9281A4FF00108012898BF4046B7
:1067E00085F8540043F63C20C0F606004DF2ED73E8
:1067F00004684CF675704FF00309C0F60203317857
:10680000B288C0F60200CDE900394EF2D5033FA7A9
:106810000490C0F602030220CDE9024A059701F078
:106820007DF84DF2817368634CF67170C0F6020317
:106830007178F288C0F60200CDE900394EF2A1036A
:1068400034A70490C0F602030220CDE9024A05975E
:1068500001F064F84DF6D503A8634CF67970C0F6E4
:106860000203B1783289C0F60200CDE900394EF258
:1068700009132AA70490C0F602030220CDE9024AB8
:10688000059701F04BF8E86385F830A1A5F832814F
:1068900043F6C060C1F2000006B0BDE8F08700BF5B
:1068A000656F6D5F656D7372756E6E65725F496E53
:1068B000697469616C69736528293A206D61786E25
:1068C000756D6F6654587061636B6574732069737E
:1068D000203E203100000000656F6D5F656D7372B2
:1068E000756E6E65725F496E697469616C69736516
:1068F00028293A20776169747564707478697364C3
:106900006F6E65206973204E554C4C0072756E5247
:106910005800000072756E444F00000072756E548E
:1069200058000000002814BF90F830010020704784
:1069300043F6C060C1F20000006D002116F048B9B6
:1069400060B143F6C060C1F2000090F86020012AF7
:106950001ABF80F84C100020FF2000E0FE2040B25B
:10696000704700284FF0FE0018BF002907D00868C4
:1069700043F6C061C1F20001C1F83201002040B20B
:1069800070474FF0FE03E0B3D9B370B543F6C0666D
:10699000C1F2000696F86030012B01D1FF232EE0F2
:1069A00091E80850D1E9034500F59C7282E808504F
:1069B000C0E95145D1E900C5D1E902430969C0F8F0
:1069C00010C06A18A21AC0E906240A199A1A1944B2
:1069D000C0E90823691A3269D6F848316144456133
:1069E0008162D01A0023C6E94003F069716AC6E9E2
:1069F0001C03081AC6E92803501AC6E93403BDE887
:106A0000704058B2704700280FBFFE2080F8581021
:106A100080F85920002040B2704730B1012998BF5A
:106A2000012180F85410002000E0FE2040B27047A1
:106A3000002800F0A9802DE9F04186B0002543F63A
:106A4000C06680F84D50C1F200060446306D00214A
:106A500016F03CF900F0C8FA00F0D9FAFBF780FD17
:106A600096F8542001210123FCF7D7F894F84C0044
:106A7000002800F08B80012840F0F28004F580703F
:106A80002821DBF73FFB002784F82A7194F82A01BC
:106A900004F5967584F8290194F8290184F82801F1
:106AA0002846ECF7BEFC42F60001C0F60601284677
:106AB000ECF7B4FC2846ECF7B4FC72A17148D1E9BC
:106AC000021284F8997084F8C97084F8F97086F815
:106AD0009A7086F8CA7086F8FA7001900391D4E92A
:106AE000040104920844029094F841000DF1040856
:106AF00041460022059710F0EFFA2069E169002273
:106B000008440290012194F842000591414610F09A
:106B1000E3FA254615F8430F216955F81F2C114457
:106B20000291022105914146002210F0D5FA55F854
:106B30000F0C012101F09EF84FF60170A5F81D0021
:106B4000FF20E87706F178008821C5F82570C5F8A0
:106B50002970DBF7D7FA3069F169D6F84821736AF2
:106B6000821AC6E91C17591AC01AC6E94027C6E995
:106B70002817C6E9340794F8410010F0EDFA94F8AC
:106B8000420010F0E9FA67E0FE206FE096F84C0052
:106B9000002864D104F580702821DBF7B3FA0027C0
:106BA00084F82A7194F82A0104F5967584F829016D
:106BB00094F8290184F828012846ECF732FC42F6C3
:106BC0000001C0F606012846ECF728FC2846ECF741
:106BD00028FC27A0D0E9020184F8997084F8C970D4
:106BE00084F8F97086F89A7086F8CA7086F8FA7098
:106BF00025461F4A039015F8410F019255F8312C94
:106C00000292CDE9041701A9002210F065FA55F8A7
:106C10000D0C012101F02EF84FF60170A5F81F00B0
:106C2000FF2085F8210006F178008821C5F827703B
:106C3000C5F82B70DBF766FA3069F169D6F84821A0
:106C4000736A821AC6E91C17591AC01AC6E9402786
:106C5000C6E92817C6E93407287810F07DFA01251F
:106C6000002084F8305106B0BDE8F04140B27047D2
:106C7000FF000000000000000201000049E40208DB
:106C800000000000FF000000000000000200000003
:106C90007DF9020800000000C0B1B0B5044600F064
:106CA000A3F900F0B4F9FBF75BFC012101220123F9
:106CB000FBF7B3FF94F84C0058B10128E7F76FFADF
:106CC000002084F83001BDE8B04000E0FE2040B272
:106CD000704743F6C065C1F2000595F8410010F019
:106CE00042FA0228ECD195F8410010F042FAE7E7A9
:106CF000C0B170B50446007F15460E4610B1A069BC
:106D0000B0420BD000202077A66100F097FA314600
:106D10002A4600F08FFC10B9012020770020BDE842
:106D2000704000E0FE2040B2704741F22C01C1F2F9
:106D300000010868002818BF084670472DE9F04F89
:106D400083B041F22C07C1F20007396800294FD106
:106D500043F6FC24C0F60604002818BF0446381D7C
:106D600021460C22DBF7A6F800F068FA70B9F0F7BC
:106D7000F7FE42F6206645F61103C0F6060620A28D
:106D8000C0F6060305210096F0F7C7FEA07AB4F816
:106D90000090B4F8048001280DD100F067FCA17ABE
:106DA000B4F802B0B4F806A00129064608D100F0F4
:106DB0005DFC054605E094F802B0B4F806A0002694
:106DC00000255FFA89F05FFA8BF341463246CDE940
:106DD00000A5F9F76DFEA18838600846F6F7FBF9C3
:106DE000386100207877EEF7E1F83862EEF78AF83C
:106DF00041F22C00C1F2000003B0BDE8F08F00BFEB
:106E000074686520454F4D74686549506E657420FF
:106E1000686173206E6F742073746172746564208E
:106E20007965740080B582B001460020ADF8060097
:106E300059B1487F012807D108680DF10601F9F71B
:106E4000B5FFBDF8060000E0002002B080BD70B5BF
:106E500084B058B11646427F054600681C46012A98
:106E600006D13246F9F7B4FF06460FE0FE2615E0DC
:106E7000AA890023CDE90031114603220296F9F7D1
:106E8000A7FE064610B9012000266877286A1CB1C3
:106E90002146EEF73EF801E0EEF734F870B204B0A8
:106EA00070BDF0B581B015460C4606460AB100200B
:106EB00028804FF0FE07CEB1C4B1707FA8B143F671
:106EC0004022C0F60602306831691268F9F7BAFD4F
:106ED000074618B130690021F6F7ACF93068294649
:106EE000F9F764FF3069206000E0FF2778B201B055
:106EF000F0BD70B582B0054600284FF0FE001BD0F3
:106F00000C46C9B1687FB0B1164601A90DF1020265
:106F10002046F6F720F9287F019910B1A86981422F
:106F200004D028463246FFF7E3FE28B928682146F8
:106F3000F9F7F8FE00E0FF2040B202B070BD2DE985
:106F4000F04182B00C46002100284FF0FE05ADF85C
:106F50000610ADF8041043D0002C41D01F46164651
:106F6000F2F782FD01AB4FF6FF710022F2F7C8FE87
:106F700044F28878C1F20008D8F800000DF106014B
:106F80003A46FBF744FC054650BBBDF8060006B187
:106F9000308030B1D8F800002146FBF731FC0546BF
:106FA00000E00025BDF8040018B1FEF700FBFEF775
:106FB0000BFDD8F8000044F6747100F13C078CCF4B
:106FC000D0E9126CD2E91A40C1F20001126F9B6F36
:106FD000C1E9004001F11000C1E9022780E8481032
:106FE00068B202B0BDE8F08144F28871C1F20001DC
:106FF0000868002818BF0846704730B180B5EEF722
:107000009AFBBDE88040EEF79FBB0020704744F23A
:107010008871C1F200010968002818BF084670474E
:1070200070B58EB044F28875C1F200052968002958
:1070300052D143F60836C0F60606002818BF0646A9
:10704000D6E9000103AC039030890491ADF8140037
:1070500004F10A0006F10A010C22DAF72BFF47F2CD
:107060006D60C0F60400099006F118000B9047F21D
:107070004110C0F604000C9047F21B20F18AC0F6C4
:1070800004000D902046ADF82810EEF76FFBEEF7E8
:1070900052FBEEF762FB00F13C0E9EE84C4028608C
:1070A00044F67471D0F84CC0D2E91A45126F9B6F48
:1070B000C1F20001C1E90045C1E90226C1E9043E6F
:1070C000C1F818C00021019118210091FBF748FA7E
:1070D00001906846F2F7D2FC44F28870C1F20000D9
:1070E0000EB070BD30B144F28870C1F2000000688B
:1070F000FBF7DEBA6FF001007047F0B1E9B170B58F
:1071000044F28874C1F200042068FBF7ECFA2168AD
:1071100044F6747201F13C0E9EE81850C96CD3E934
:107120001A561B6FA46FC1F20002C2E90056C2E9F1
:10713000023CC2E9044E916170BD6FF001007047DE
:10714000B0B582B0F7F730FCE0B1D0E9022182F0AF
:1071500001030B432FD140F68074D0E90402C1F241
:1071600000043421C4E9020201202160E080F0F72C
:10717000F7FC0121002200230094F0F7CEFC302020
:10718000206048E040F68074C1F2000408202060CE
:1071900042F246304CF22221C0F20100C7F6AB7138
:1071A000C4E902100120E080F0F7DAFC032100229C
:1071B000002300942DE0D0E904CE48F20004B2EBA5
:1071C0000C02CFF6FF7461EB0E01A01A4FF0FF30F6
:1071D00070EB01034FF00003B8BF0123002B1CBF6D
:1071E0000846144647F6FF71621A70F1000040F637
:1071F0008075C1F200054FF03000A8BF0C46286032
:10720000EC80C5E902CEF0F7ABFC0421002200239C
:107210000095F0F782FC02B0B0BD80B582B0F0F707
:107220009FFC40F6907CC1F2000C04210022002358
:10723000CDF800C0F0F771FC02B080BD44F6B0712B
:10724000C1F200010868002818BF0846704744F6DC
:10725000B071C1F20001896E002818BF084670475E
:107260002DE9F04FADB044F6B07AC1F2000A914674
:10727000DAF80020002A40F08F8107AF88460546E3
:10728000384614211E46DAF73DFFD9F80800394682
:107290001422EFF7C5FE46F286120CACC0F60602C9
:1072A000204680213B46DAF789FAF0F759FC45F28F
:1072B0007077C0F6060721463A46F0F775FC43F6AC
:1072C0003034C0F60604002D18BF2C46F0F748FCF9
:1072D00042F6406B46F2C2024146C0F6060BC0F6CB
:1072E00006023B46B8F1000F18BF0121CDF800B0EF
:1072F000F0F70CFCF0F734FC6168ABA23B460029C8
:1073000018BF0121CDF800B0F0F700FCF0F728FC21
:107310006188B0A23B46002918BF0121CDF800B01A
:10732000F0F7F4FBF0F71CFC2178B4A23B460029EF
:1073300018BF0121CDF800B0F0F7E8FB43F63C356B
:10734000C0F60605002E18BF3546F0F709FC69782F
:1073500009B1012103E02978B1FA81F1490945F227
:10736000707646F2E612C0F60606C0F6060233460E
:10737000CDF800B0F0F7CAFB4EF66B524EF6E5536F
:107380004FF27D11C0F60402C0F604032878C0F65F
:107390000401CDE900324EF699624EF6C9730291AE
:1073A000C0F60402C0F6040300214FF0000B03F006
:1073B000F5FBCAF800000220002115F02BFCCAF8EA
:1073C0003400F0F7CDFBDAF8341042F6206746F2CD
:1073D0008902C0F60607C0F606023346002918BF28
:1073E00001210097F0F792FB15F00AFBCAF8100094
:1073F000F0F7B6FBDAF8101046F22E12C0F60602CD
:107400003346002918BF01210097F0F77FFBFAF7F8
:107410006DFFCAF83800EDF7C9FD6978CAF83C007D
:10742000B9B1084615F0F8F9CAF84800F0F798FB2A
:10743000DAF8481046F2A91245F27073C0F6060257
:10744000C0F60603002918BF01210097F0F75EFB84
:1074500001E0CAF848B00AF1500630464146D82249
:10746000DAF728FDD9E9000150EA010218BFCAE99C
:107470001801D9F8080008B1CAF86800D9F80C005A
:1074800008B1CAF86C0000200025F5F7A4FE43F609
:107490003C21C0F606010968CAE91001217ADAF830
:1074A00000008AF84C1003F03BFB40F699736068CB
:1074B000C0F60503217862884FF2B92704934FF292
:1074C000B5530FF2601CC0F60407CDE90205C0F603
:1074D00004030120CDE90075CDF814C000F01EFAB8
:1074E000DAF85430CAF8040040F69D70617A628977
:1074F000C0F605004FF2B754CDE902354FF2BB5349
:107500004AA7C0F604040490C0F604030520CDE9A0
:107510000045059700F002FACAF808002CA9304689
:10752000D9F782F92C9848B1F3F76EFFBDF8B02077
:1075300004210123F3F772FF014600E000219AF8CD
:107540004C0044F6F50201283046C0F6030208BF9D
:107550001546CAF8EC50D9F79DF9D9F707FCF0F7B2
:10756000FFFA45F2707446F26C01C0F60604C0F6EC
:1075700006012246F0F718FB46F25F120CADC0F68A
:10758000060207AB28468021DAF718F9F0F7E8FA87
:1075900029462246F0F708FB44F6B070C1F200001D
:1075A0002DB0BDE8F08F00BF656F6D5F69706E65CF
:1075B000745F496E697469616C69736528293A2042
:1075C000302070726F636D617869646C6574696D89
:1075D00065000000656F6D5F69706E65745F496E70
:1075E000697469616C69736528293A20302070726A
:1075F0006F63737461636B73697A6500656F6D5F48
:1076000069706E65745F496E697469616C697365F0
:1076100028293A2070726F637072696F7269747989
:10762000000000006970505243000000697054432C
:107630004B00000010B1006807F097BB6FF001002D
:10764000704710B588B10446406870B115F09EF9D6
:10765000206803F069FB0020C4E90000F3F7D4FEC2
:107660002146BDE81040F3F78BBE10BD10B582B0C7
:10767000F3F7CAFE042108220123F3F7CFFE0446E4
:1076800003F061FB4FF2CD514FF2C7524FF2BD53A1
:10769000C0F60401C0F60402C0F60403206003F043
:1076A0005FFB15F0ADF96060F0F75AFA616842F6D9
:1076B000206C45F22973C0F6060C06A2C0F606033C
:1076C000002918BF0121CDF800C0F0F71FFA2046AD
:1076D00002B010BD656F6D5F6D757465785F4E6546
:1076E0007728293A206F73616C5F6D757465785FD8
:1076F0006E657728292072657475726E73204E55F9
:107700004C4C000010B1406815F0E4B96FF0010076
:10771000704710B1406815F0FFB96FF00100704775
:1077200044F69471C1F200010868002818BF0846A9
:10773000704700002DE9F04F85B044F69475C1F212
:1077400000050F462968044600294FF00000049008
:1077500071D1DDF838A099461646F0F701FA45F2E6
:10776000507842F6406BC0F606082146C0F6060B7C
:1077700034A24346002C18BF0121CDF800B0F0F729
:10778000C5F9F0F7EDF9616837A24346002918BF43
:107790000121CDF800B0F0F7B9F9F0F7E1F9A168EF
:1077A0003AA24346002918BF0121CDF800B0F0F7F6
:1077B000ADF94CF64D614CF609524CF60D50C0F641
:1077C0000501C0F6050247F2A10CC0F60500CDE99F
:1077D00000214FF2D3524EF65553C0F6050C0290DD
:1077E000C0F60402C0F6040338463146CDF80CC09A
:1077F00003F05EFBD4E9011285E8070608460DF0A8
:107800009FF90DF0EFF9206808B10FF05DFCA86852
:1078100004A914F0B3FE049848B1F3F7F5FDBDF8E0
:10782000102008210123F3F7F9FD014600E00021B3
:10783000A86814F00DFD44F69470C1F2000005B084
:10784000BDE8F08F656F6D5F7379735F496E697422
:1078500069616C69736528293A204E554C4C207338
:107860007973636667000000656F6D5F7379735F9E
:10787000496E697469616C69736528293A204E55AF
:107880004C4C2068616C636667000000656F6D5F3B
:107890007379735F496E697469616C6973652829CE
:1078A0003A204E554C4C206F73616C636667000044
:1078B000B0B582B00C460546F0F752F942F6406C7E
:1078C00045F25073002D18BF0125C0F6060C0BA21F
:1078D000C0F606032946CDF800C0F0F717F944F6C4
:1078E0009471C1F200014FF2D570C0F604004C61F2
:1078F00002B0BDE8B04015F019BA00BF656F6D5F0A
:107900007379735F537461727428293A204E554C11
:107910004C2068616E646C65000000002DE9F04F3A
:1079200087B0109CDDF854A0139F069391460E4635
:107930000546F0F715F9002C214645F2327442F65F
:107940004068C0F60604C0F60608BCA2234618BF6D
:107950000121CDF80080F0F7D9F8F0F701F9494698
:10796000BDA22346B9F1000F18BF0121CDF8008058
:10797000F0F7CCF8F3F748FD3421F3F7A7FE0446FF
:1079800003F05CFB04F1240B45F68A7346F2D04207
:107990002060C0F60603C0F6060258461021276292
:1079A000BAF1000F18BF5346D9F708FF42F6206A14
:1079B000052DC0F6060A00F23081DDE91110DFE87E
:1079C00005F003AF5B770DD14FF2AF700021C0F629
:1079D0000400A174C4E90501E16157E00422A27426
:1079E0004FF25162C0F604024FF00008C4E90520CE
:1079F000C4F81C80012998BF0121C8B2217414F079
:107A00000BFF217CA060084614F006FFE060F0F751
:107A1000A7F845F23275A16845F6B372C0F60605BF
:107A2000C0F606022B46002918BF0121CDF800A0A0
:107A3000F0F76CF8F0F794F8E16846F21202C0F63D
:107A400006022B46002918BF0121CDF800A0F0F74F
:107A50005DF84FF24D714FF2A56220684FF28967D1
:107A6000C0F60401C0F60402C0F60407CDE90088A0
:107A7000CDE9028204918CE00222A2744FF2F1520D
:107A8000C0F60402C4E90520E161002120684FF23C
:107A900089674FF2A372C0F60407C0F6040221748E
:107AA000A160E160CDE90021CDE90211049152E02D
:107AB0000322A2744FF20172C0F604020025C4E949
:107AC0000520E561012998BF0121C8B2217414F095
:107AD000A3FEC4E90205F0F743F8A16845F6E37296
:107AE00045F23273C0F60602C0F60603002918BF3D
:107AF0000121CDF800A0F0F709F84FF293714FF291
:107B0000E36220684FF28967C0F60401C0F6040200
:107B1000C0F60407CDE90052CDE90215049538E01E
:107B20000121A1744FF22D61C0F60401C4E90510D2
:107B30004FF2A371002220684FF28967C0F604015A
:107B4000E2612274A260E260C0F60407CDE900128F
:107B5000CDE9022204924FF2F5630699109AC0F61D
:107B6000040319E00521A1744FF22971C0F6040144
:107B7000C4E9051020684FF289670022C0F60407A7
:107B8000E2612274A260E260CDE90022CDE9022226
:107B900004920699109A0023059703F080FAF11ECB
:107BA0001498CAB26FF00401022E38BF0221F82ADD
:107BB00009F1070238BF314622F00703617400B9AA
:107BC0006069CAB29BB2214615F0A0F921466060F7
:107BD00015F05CF9EFF7C4FF616846F2430245F225
:107BE0003273C0F60602C0F60603002918BF012151
:107BF000CDF800A0EFF78AFFF0F782FC61685A46E3
:107C0000F0F7A6FC44F6AC71C1F200010878421C02
:107C100020460A7007B0BDE8F08FEFF7A1FF45F6E8
:107C2000927245F23273C0F60602C0F606030521D1
:107C3000CDF80080EFF771FFB1E700BF656F6D5FB2
:107C40007461736B5F4E657728293A204E554C4C12
:107C50002072756E5F666E00656F6D5F7461736B29
:107C60005F4E657728293A203020737461636B7307
:107C7000697A650003F0B2BA08B1416908477047F4
:107C800003F066BA03F073BAF0B587B045F2D805D1
:107C9000C1F200052968002965D143F67436C0F6A3
:107CA0000606002818BF0646EFF75AFF45F25D7436
:107CB000317942F64067C0F60604C0F606072DA2E9
:107CC0002346002918BF01210097EFF71FFFEFF7A8
:107CD00047FF718833A22346002918BF012100976E
:107CE000EFF714FFEFF73CFF317838A22346002965
:107CF00018BF01210097EFF709FFFFF7B7FC044613
:107D00004FF68B204FF627214FF6A9124FF6BB23D3
:107D1000C0F60400C0F60401C0F60402C0F6040375
:107D2000009403F09DFA43F63C277288317833794A
:107D3000C0F60607286040F695704FF6FB263F68B0
:107D4000C0F60500C0F604060FF2A80C0024CDE929
:107D50000063049003200023CDE90274CDF814C021
:107D6000FFF7DCFD686045F2D800C1F2000007B003
:107D7000F0BD00BF656F6D5F74696D65726D616E9A
:107D80005F496E697469616C69736528293A2030AE
:107D9000206D657373616765717565756573697A63
:107DA00065000000656F6D5F74696D65726D616E71
:107DB0005F496E697469616C69736528293A20307E
:107DC00020737461636B73697A650000656F6D5F22
:107DD00074696D65726D616E5F496E697469616C1D
:107DE00069736528293A2030207072696F7269744E
:107DF00079000000746D726D616E00000138C0B2D0
:107E00000D288EBF002001A1085C7047010101010F
:107E100001010203010401010101000045F65022A5
:107E20000021C0F6060200BF52F83130834205D06F
:107E30000131062904BF0F207047F5E702EBC100AE
:107E40000079704790B110B50446007803280BD82C
:107E500000F0DBFC44F20801C0F60601085CA0F16A
:107E6000090111F1080F03D2002010BD0020704756
:107E7000621C002112F8013B01381944FAD188B282
:107E8000002818BF012010BD000E7047C0F3074046
:107E90007047C0F307207047C0B2704743EA022220
:107EA00042EA014141EA0060704741F6E870C1F2E0
:107EB00000000078704741F6E8720146C1F2000206
:107EC000002011707047FE2801D100202AE041B245
:107ED000002926D4F0B581B044F2F055C1F2000576
:107EE0002C78844218D844F2EC57C1F200073A6863
:107EF000461C06EB460001011046D9F75EFB98B11F
:107F000004EB4401386000EB0110311B01EB41012F
:107F100009012E70DAF7F6F8002001B0BDE8F04054
:107F200000E0FF2040B27047FF20F6E7B0B51446EE
:107F3000FE2804D144F2BC55C1F200050FE044F222
:107F4000F052C1F200021278824214D944F2EC528B
:107F5000C1F20002126800EB400002EB0015032999
:107F60004FF0FF0008D83DB1084600F04EFC45F840
:107F70002040002000E0FF2040B2B0BDB0B5144664
:107F8000FE2804D144F2BC55C1F200050FE044F2D2
:107F9000F052C1F200021278824215D944F2EC523A
:107FA000C1F20002126800EB400002EB0015032949
:107FB0004FF0FF0009D845B1084600F026FC05EB5C
:107FC00080000461002000E0FF2040B2B0BDFE2828
:107FD0004FF0FF0010D103290ED810B50846144603
:107FE00000F013FC44F2BC51C1F2000101EB80002F
:107FF00004620020BDE8104040B2704710B5FE2872
:1080000004D144F2BC54C1F2000411E044F2F05235
:10801000C1F20002127882429CBF002010BD44F2DF
:10802000EC52C1F20002126800EB400002EB0014B7
:1080300003294FF0000008D83CB1084600F0E5FBEA
:1080400054F82000002818BF012010BD03288EBF5F
:10805000002002A151F82000704700BF11880408D9
:108060000F8804080D88040813880408F0B581B04F
:10807000FE280C4604D144F2BC55C1F2000510E0C4
:1080800044F2F051C1F20001097881423BD944F237
:10809000EC51C1F200010968A9B300EB400001EB0B
:1080A0000015200E03282ED800F0AFFB55F8201045
:1080B00049B344F20802C0F60602135CC4F3074257
:1080C000934220D944F21C05C0F60605230C55F84E
:1080D00020E04FEA142C002AD8B24FF0000209D059
:1080E0000346754615F8016B11F8017B013B17FB40
:1080F0000622F7D11EF800005FFA8CF152FA84F2E2
:1081000011FB002001E04FF0FF3001B0F0BD000096
:1081100010B5FE2804D144F2BC54C1F200040FE0B3
:1081200044F2F052C1F200021278824229D944F29C
:10813000EC52C1F20002126800EB400002EB0014A6
:1081400003294FF000001DD8E4B1084600F05DFBA4
:1081500054F82010A9B144F20802C0F60602125CDD
:108160007AB144F21C03C0F6060353F82030002015
:1081700013F801CB11F8014B013A14FB0C00F7D1B5
:1081800000E0002080B210BDF0B581B01446FE289A
:108190000F4604D144F2BC56C1F200060FE044F28F
:1081A000F051C1F20001097881422CD944F2EC511E
:1081B000C1F20001096800EB400001EB0016032F3B
:1081C0004FF0FF3021D806B3384600F01EFB56F8BA
:1081D0002010C1B144F20802C0F60602125C92B14E
:1081E00044F21C03C0F6060353F82030002000BF01
:1081F0001D5C0E5C6E430EB1B44208D30130904258
:10820000A4EB0604F4D34FF0FF3001B0F0BDA1B2EF
:10821000EAB2B1FBF2F101FB124242EA0121C1EAEA
:10822000004040EA0760F0E710B5FE2804D144F2B0
:10823000BC54C1F200040FE044F2F052C1F200025B
:108240001278824229D944F2EC52C1F2000212683B
:1082500000EB400002EB001403294FF000001DD892
:10826000E4B1084600F0D1FA54F82010A9B144F264
:108270000802C0F60602125C7AB144F20C03C0F6A2
:10828000060353F82030002033F802CB11F8014BDD
:10829000013A0CFB0400F7D100E0002080B210BDD1
:1082A0002DE9F04182B01446FE280D4604D144F277
:1082B000BC57C1F200070FE044F2F051C1F20001D7
:1082C0000978814233D944F2EC51C1F200010968C6
:1082D00000EB400001EB00174FF0FF0045B33FB348
:1082E0002846EDF7ABF9012821D12846EDF7F5F93D
:1082F00000260DF1070800208DF80760C0B200F0DD
:1083000084FA57F8200040B10136F0B2A04204D9F7
:1083100028464146EDF7C6F938B99DF80700013007
:10832000C1B204298DF80700E8D3002000E0FF2047
:1083300040B202B0BDE8F0812DE9F04F81B01446A3
:10834000FE280D4604D144F2BC57C1F200070FE0ED
:1083500044F2F051C1F200010978814251D944F24E
:10836000EC51C1F20001096800EB400001EB00177D
:10837000002D4FF0FF0045D0002F43D02846EDF7E9
:108380005DF904283DD12846EDF7A7F943F6D87AE0
:1083900044F2080B0026C0F6060AC0F6060BE846B3
:1083A0004FF000095FFA89F000F02FFA57F820101B
:1083B00001B30136F2B2A2421CD94FF47F420092BF
:1083C0005AF820208DF800901BF800001288ADF8B4
:1083D00002204FF0000230B111F8013B002B18BF12
:1083E00001320138F8D1284641468DF80120EDF7D9
:1083F00059F920B9B9F1030F09F10109D2D30020CD
:1084000000E0FF2040B201B0BDE8F08F70B5FE285B
:1084100004D144F2BC54C1F2000410E044F2F05123
:10842000C1F200010978814219D944F2EC51C1F23C
:108430000001096899B100EB400001EB001400262F
:10844000002500BFF0B200F0E0F954F82000002849
:1084500018BF0135032E06F10106F3D300E0002515
:10846000E8B270BD2DE9F04F81B01446FE280D46EC
:1084700004D144F2BC56C1F200060FE044F2F051C0
:10848000C1F20001097881425DD944F2EC51C1F298
:108490000001096800EB400001EB0016002D4FF0D1
:1084A000FF0051D0002E4FD02846EDF7C7F8042822
:1084B00049D12846EDF711F94FF0000A4FF00009B5
:1084C0005FFA8AF000F0A1F9074656F8200098B349
:1084D00044F20800C0F6060010F807B0BBF1000F28
:1084E0002AD04FF0000800BF56F8270010F80810F7
:1084F000F1B109F101091FFA89F1A14218D900214E
:1085000000918DF800A08DF8018044F21C0110F854
:108510000800C0F6060151F827108DF8020011F886
:10852000080069468DF803002846EDF7BBF818B936
:1085300008F10108C345D7D1BAF1030F0AF1010AC6
:10854000BED3002000E0FF2040B201B0BDE8F08FB4
:108550002DE9F04F83B0994615460746FE280C4694
:1085600004D144F2BC5BC1F2000B0FE044F2F050C6
:10857000C1F200000078B8421FD944F2EC50C1F2B9
:108580000000006807EB470100EB011B4FF0FF06FE
:10859000A5B1BBF1000F11D02846EDF74FF8042824
:1085A0000BD1FE2C07D1384629464A4603B0BDE818
:1085B000F04FFFF757BF032C04D9FF2670B203B06A
:1085C000BDE8F08F2846EDF788F8204600F01DF949
:1085D00003465BF82000E0B344F20800C0F6060052
:1085E000C75CB7B34FF000084FF0000A019400BF1A
:1085F0005BF8230010F8081021B30AF1010A1FFAF2
:108600008AF149451ED9002602968DF808408DF85A
:10861000098044F21C0110F80800C0F6060151F868
:1086200023108DF80A0011F8080002A98DF80B003C
:1086300028464C469946EDF735F84B46A146019C35
:108640000028BBD108F1010847454FF00006CFD103
:10865000B4E70026B2E7000010B5FE2804D144F2CA
:10866000BC54C1F2000410E044F2F052C1F2000226
:108670001278824226D944F2EC52C1F2000212680A
:1086800002B300EB400302EB0314FE2903D1BDE863
:10869000104000F01BB8032914D8084600F0B5F8C4
:1086A00054F8201071B144F20802C0F60602125CC0
:1086B00042B1002011F8013B002B18BF0130013AF4
:1086C000F8D100E0002080B210BD0000F0B581B00C
:1086D000FE2804D144F2BC54C1F2000410E044F27C
:1086E000F051C1F200010978814223D944F2EC51E2
:1086F000C1F200010968E9B100EB400001EB001490
:1087000044F208070026C0F606070025F0B200F084
:108710007CF854F8201041B1385C30B111F8012BCD
:10872000002A18BF01350138F8D1032E06F10106E1
:10873000ECD300E00025A8B201B0F0BD70B514463E
:10874000FE280D4604D144F2BC56C1F2000610E0EA
:1087500044F2F051C1F20001097881421CD944F27F
:10876000EC51C1F200010968B1B100EB400001EB2E
:108770000016032D10D8284600F047F856F82010B0
:1087800051B144F20801C0F60601085CA04203D9C9
:1087900056F82500005D70BD002070BDF0B581B0B9
:1087A0001C4615460646FE2804D144F2BC57C1F2C9
:1087B00000070FE044F2F050C1F200000078B04230
:1087C00020D944F2EC50C1F20000006806EB4602EA
:1087D00000EB021703294FF0000014D89FB10846A0
:1087E00000F013F8014607EB8000076957B13046E7
:1087F0002A46234607F0AAF94FF6FF71884201D0B6
:10880000384400E0002001B0F0BD70477047704769
:1088100070477047704780B5F4F727FA642101600C
:1088200080BD80B5F4F721FA2021D9F76BFC80BD1B
:108830007047704780B5F4F718FA40F60121C0F28E
:108840000011016080BDB0B5F4F70FFA42F63001B7
:10885000C0F6060191E80C50CC6A80E80C50D1E9D2
:10886000042301F12005C0E904232CCDC46200F1EA
:108870002004D1E906CE2CC4D1E90C12C0E906CE01
:10888000C0E90C12B0BD70477047704780B5F4F76F
:10889000ECF9322101800021416080BD80B5F4F700
:1088A000E4F9024604201021ECF7CDFE0021BDE8DA
:1088B0008040ECF720BF704780B5F4F7D6F94FF44D
:1088C000206101800021817080BD70477047704732
:1088D00080B5F4F7CAF902460F200121ECF7B3FE88
:1088E0000F21BDE88040ECF706BF70477047704726
:1088F00080B5F4F7BAF90A21017080BD80B5F4F7AC
:10890000B4F902460E200221ECF79DFE0E21BDE8CF
:108910008040ECF7F0BE7047704780B5F4F7A5F9DA
:108920000A21017080BD80B5F4F79FF90246062048
:108930000221ECF788FE0621BDE88040ECF7DBBEA3
:10894000704780B5F4F791F940F6012101800021CC
:10895000817080BD10B5F4F788F904460620022125
:108960002246ECF770FE0021ECF7C5FE04F1100280
:1089700006200221ECF767FE0621ECF7BCFE04F1AD
:10898000200206200221ECF75EFE0621BDE8104021
:10899000ECF7B1BE7047704770477047704780B5BD
:1089A000F4F763F90221016080BD80B5F4F75DF949
:1089B000024602200821ECF746FE0021BDE8804077
:1089C000ECF799BE704780B5F4F74FF90021C0E984
:1089D000001180BD704770477047704770477047FF
:1089E000704780B5F4F741F9F821D9F78BFB80BDCA
:1089F00070477047704770477047704770477047BF
:108A0000704710B5F4F731F9044642F2B050C0F6A1
:108A1000060000F1F80120466022D9F7D2FA0B20B7
:108A2000A08410BD7047704770477047704770470B
:108A30007047704780B5F4F718F9A021D9F762FBA9
:108A400080BD7047704770477047704770477047E8
:108A500080B5F4F70AF942F23871C0F6060101F167
:108A6000A00E9EE80C50D1F8B01080E80C5042F6F1
:108A70009072C0F606021268C0E9041280BD704709
:108A800070477047704710B584B004460020ADF8B9
:108A90000E00CDF80A00CDF80600CDF80200FDF773
:108AA000F8F8D0F8C81090F8E900ADF800108DF88B
:108AB0000A006946204601220023F4F7DBF804B0DF
:108AC00010BD7047F0B589B0002704460697FDF742
:108AD000E0F8816AD0F8C8204B68D0F8D4500193F0
:108AE0004B88D0F8DC6090F8E900ADF80830ADF8BC
:108AF0001C50731B921B01ADADF820208DF8220095
:108B0000A81D21310F22ADF81E30D9F7D3F920204E
:108B10008DF8230020462946012200238DF81A7083
:108B2000F4F7A8F809B0F0BD704770477047704778
:108B30007047704710B5446941F602102080FDF778
:108B4000A8F8B0F88410B0F8902021816281D0F8A4
:108B50008010E160B0F89610B0F898202182B0F84B
:108B60009A10A2826182B0F89410B0F89C00E18261
:108B700020830020E083C4F81A0010BD70477047BE
:108B8000704770477047704770477047704780B5AF
:108B9000F4F76BF80021C0E900110181FF21417455
:108BA00080BD7047704780B5F4F75FF80021017011
:108BB00080BD10B50446F4F758F82046F4F755F890
:108BC000024618200A21BDE81040ECF73CBD704772
:108BD00010B50C46E9F7F1F800682146BDE81040F1
:108BE000E9F761BC10B50C46E9F7E7F800682146E3
:108BF000BDE81040E9F757BC7047704710B50C4608
:108C0000E7F790FF00682146BDE81040E8F77EBF17
:108C100010B50C46E7F786FF00682146BDE8104016
:108C2000E8F774BF70477047704710B588680478DC
:108C3000F0F7F8F944B1F0F7B3FAF0F7F3F90121DE
:108C4000BDE81040F0F7A6BBBDE81040F0F7C1BA90
:108C500010B58C68F0F7E6F92146BDE81040F0F752
:108C600034B97047704710B58C68F1F7BEFC2146E7
:108C7000BDE81040F1F752BD10B58C68F1F7B5FCB6
:108C80002178BDE81040F1F766BD10B58C68F1F7AA
:108C9000ACFC2178BDE81040F1F785BD10B58C68BB
:108CA000F1F7A3FC2178BDE81040F1F7B6BD70479D
:108CB0007047704710B588680478F4F7BBFD44B17D
:108CC000F4F75CFEF4F7B6FD0121BDE81040F4F7BF
:108CD00017BFBDE81040F4F785BE10B58C68F4F7F7
:108CE000A9FD2146BDE81040F4F7DEBC704770478F
:108CF00010B588680478F5F7D5FB44B1F5F776FC34
:108D0000F5F7D0FB0121BDE81040F5F731BDBDE816
:108D10001040F5F79FBC10B58C68F5F7C3FB2146F2
:108D2000BDE81040F5F70ABB7047704710B58C6876
:108D3000F8F796FA2146BDE81040F8F72ABB7047CD
:108D4000704770477047704710B588680478F8F727
:108D50001DFF44B1F8F7D0FFF8F718FF0121BDE877
:108D60001040F9F77DB8BDE81040F8F7DEBF10B548
:108D70008C68F8F70BFF2146BDE81040F8F75CBEA1
:108D80007047704710B5D1E90104FFF782F82079E8
:108D9000BDE81040DCF731B9704770472DE9F04766
:108DA0002DED028B98B048680C46FFF772F8A76863
:108DB0000546F3F73BFAF3F742FA0E2800F2DF809C
:108DC0000121814044F61A02114208D02846394652
:108DD00018B0BDEC028BBDE8F047DBF7C3B8022842
:108DE00040F0CD80F2F70BFA00211791CDE9151173
:108DF000397806464FF48060129015A807298DF83F
:108E00005410139000F2BB80DFE801F004730406F5
:108E100006B91229B8886DE07868B968FA6897EDE4
:108E2000040AADF85800ADF85A10ADF85C2068E0BF
:108E300030462946F2F796F9804630462946F2F741
:108E400079F9B7F918204FF6FF7391B2994281462C
:108E500000F09A80012940F099803869A1E0D7E9B3
:108E60000101ADF858000020ADF85A10ADF85C00D3
:108E700030462946F2F776F9814630462946F2F720
:108E800059F9804630462946F2F778F930462946A6
:108E9000F2F75CF9D7E9031097ED052A401A00EEC6
:108EA000100AA8EB090001EE100AB8EEC00AB8EEED
:108EB000C11A80EE018A00EE101AB8EEC00A01EE67
:108EC000109AB8EEC11A3046294680EE080A30EEF4
:108ED000410AB8EEC21A30EE010AF2F763F83046E2
:108EE0002946B0EE480AF2F745F8304629464A4688
:108EF0001AE07868ADF85800B86897ED030AADF845
:108F00005A00B8EEC00A30462946F2F74BF8304610
:108F10002946F2F727F9074630462946F2F70AF9BB
:108F20008046304629463A46F1F748FF074600900A
:108F3000304629464246F1F741FFB8421190BCBF86
:108F4000009011974FF48040049068460590EDF72B
:108F5000FCFB626804AD2946EDF7B3FD42208DF8B5
:108F6000110011A80590EDF7F0FB62682946EDF7B6
:108F7000A8FDEDF7EAFB626812A9EDF7A2FD18B0B3
:108F8000BDEC028BBDE8F087F8680AE00DF1100A2D
:108F90002DA15046D8F7FCFB2846514607F038FB78
:108FA0000020D7E90312ADF85800521A00EE102A3B
:108FB000A9EB080201EE102AB8EEC00AB8EEC11AF9
:108FC00080EE018A00EE101AB8EEC00A01EE108A97
:108FD000B8EEC11AB8682946ADF85A00304680EE9E
:108FE000080A30EE410A97ED051AB8EEC11A30EEC4
:108FF000010AF1F7D7FF30462946B0EE480AF1F7EB
:10900000B9FF304629464246F1F7D8FE074611908F
:10901000304629464A46F1F7D1FEB8420390BCBF1C
:10902000119003974FF48040009011A80190EDF744
:109030008CFB62686D462946EDF743FD42208DF8B2
:10904000010003A801908EE76572726F7220747937
:109050007065362E63757272656E743D256400000E
:1090600070B584B0D1E901060C46FEF712FF054643
:10907000F3F7DCF8F3F7E3F80E2831D8012181404B
:1090800044F61A02114207D096F90010284604B09F
:10909000BDE87040DBF74FBF022821D130780D28A2
:1090A0000AD8DFE800F00F0F0F0F0F0F0F07070EA2
:1090B0001D1D1D0C072005E0502803D010E00920DD
:1090C00000E008208DF80F004FF4106000900DF1C3
:1090D0000F000190EDF739FB62686946EDF7F1FC8E
:1090E00004B070BD70B584B0D1E901060C46FEF73E
:1090F000D0FE0546F3F79AF8F3F7A1F80E281FD82B
:109100000121814044F61A02114206D031782846E6
:1091100004B0BDE87040DBF71BBF022810D13078E7
:1091200001280DD88DF80F004FF4E84000900DF1A4
:109130000F000190EDF709FB62686946EDF7C1FC8D
:1091400004B070BD2DE9F04389B0D1E901070C46A8
:10915000FEF79FFE0546EEF797FA2946EEF7B2FABC
:109160000646F3F763F8F3F76AF8002E00F0E280A2
:1091700000210E2886F81E1100F2DC8001218140BA
:1091800044F61A02114214D03878052800F26F8094
:10919000DFE800F00358484E406497ED010A97ED70
:1091A000021AB8EEC00AF8EEC10A2846DBF7F5FE4F
:1091B0005DE0022840F0BE80F2F721F8002207921D
:1091C000CDE90522CDE90322ADF80A20ADF808204B
:1091D00039780192052900F2AD808046DFE801F080
:1091E000035F4DAA7C8B7A6840462946F1F7E6FD7D
:1091F000BA680490404629460323F1F755FEADF8BE
:10920000140004A8079079681B208DF81900C6F88F
:1092100020117BE097ED010A2846B8EEC00ADBF783
:10922000B0FE24E097ED010A2846DBF7CEFE1EE0F3
:10923000B7F9040000EE100AB8EEC00A2846DBF7C2
:1092400094FE14E097ED010A97ED021AB8EEC00AF9
:10925000F8EEC10A2846DBF7C4FE08E0B7F90400BF
:1092600000EE100AB8EEC00A2846DBF7A2FE284638
:1092700009B0BDE8F043DBF70CBF97ED010A4046AB
:109280002946F1F787FFADF80A000DF10A000790B3
:1092900079682C208DF81900C6F8301136E07A680C
:1092A0004046294601234FF00109F1F7FDFDBA6858
:1092B000ADF80C0040462946F1F70AFD03A9012844
:1092C000C8BF8146079179681C20ADF80E908DF8D3
:1092D0001900C6F8281119E07A6840462946F1F7C6
:1092E0006DFD019001A8079079683E208DF8190066
:1092F000C6F824110AE0B7F9040072218DF819109C
:1093000002A9ADF808000791C6F83401EDF71DFA7F
:10931000626806A9EDF7D5FB387805280AD17320D5
:109320008DF8190000200790EDF70FFA626806A982
:10933000EDF7C7FB09B0BDE8F08310B582B00C466D
:10934000F2F774FFF2F77BFF0E281AD80121814053
:1093500044F61A02114207D06068FEF79AFD02B087
:10936000BDE81040DBF751BE02280AD14FF4385057
:10937000009000200190EDF7E8F962686946EDF78A
:10938000A0FB02B010BD00002DE9F04385B0D1E98B
:1093900001050C46FEF77DFD0646EEF775F93146F0
:1093A000EEF7AAF9F2F742FFF2F749FF0E2800F2B2
:1093B000C1800121814044F61A02114206D0304694
:1093C000294605B0BDE8F043DBF73CBA022840F07F
:1093D000B180F1F714FF95ED260A9FED581AB8EE0B
:1093E000C00A80EE010A31468146F1F7C3FD9FEDC8
:1093F000540A48463146F1F7D5FD4FF4A440CDE973
:109400000205EDF7A2F962680DF108084146EDF793
:1094100058FB54208DF809000395EDF796F9626822
:109420004146EDF74EFB5D208DF809000395EDF701
:109430008CF962684146EDF744FB4E2005F1500778
:109440008DF809000397EDF780F962684146EDF762
:1094500038FB50208DF809000397EDF776F9626824
:109460004146EDF72EFB5F208DF809000395EDF7DF
:109470006CF962684146EDF724FBAA6F4846314615
:10948000F1F776FEEA6F48463146F1F759FE56206D
:109490008DF8090005F1BC000390EDF756F96268FC
:1094A0004146EDF70EFBF1F7AAFE95ED220A314693
:1094B000F1F7EEFDADF80200F1F7A1FE95ED230AFC
:1094C0003146F1F787FDADF80400F1F798FE95ED10
:1094D000240A3146F1F75EFE0DF10201ADF80600F7
:1094E00057200F1D8DF809000391EDF72EF96268E2
:1094F0004146EDF7E6FA59208DF809000397EDF79C
:1095000024F962684146EDF7DCFAF1F778FED5F808
:10951000942031460223F1F7C7FCADF80000442047
:109520008DF8090068460390EDF70FF9626841462F
:10953000EDF7C7FA05B0BDE8F08300BF00FF7F4735
:1095400000000000F0B589B0D1E901050C46FEF736
:10955000A0FC0646F2F76AFEF2F771FE0E2861D80B
:109560000121814044F61A02114206D030462946B4
:1095700009B0BDE8F040DBF7E7B9022852D16078C6
:1095800000210128079106912AD003284AD1F1F73A
:1095900036FE95ED000A31460746F1F779FD95ED67
:1095A000010AADF8080038463146F1F713FD95ED94
:1095B000020AADF80A0038463146F1F7EBFD02A980
:1095C000ADF80C0057200E1D8DF819000791EDF72E
:1095D000BCF8626806AD2946EDF773FA592018E029
:1095E000ECF7A9F8ECF7B9F8F8F7B5FF6168F4F70C
:1095F000F9FBC8B102210180582000268DF819001E
:109600000796EDF7A2F8626806AD2946EDF759FA1C
:109610005A208DF819000796EDF797F862682946E9
:10962000EDF74FFA09B0F0BD002500202921ADF873
:109630000C50FBF7F4FE0290E0686168ADF80E5044
:10964000CDE90410EEF78CFA02AF042100220023CA
:109650000097EEF762FAE5E7B0B5D1E90104FEF74D
:1096600018FC0546F2F7E2FDF2F7E9FD0E2888BF87
:10967000B0BD012101FA00F044F61A01084205D0FC
:1096800028462146BDE8B040DBF7B4B9B0BD70B59F
:1096900048680C46FEF7FDFBA5680646F2F7C6FDD6
:1096A000F2F7CDFD0E2888BF70BD0121814044F640
:1096B0001A02114205D030462946BDE87040DBF75A
:1096C00064B9022805D120460021BDE8704006F0AB
:1096D000CBBB70BD70B548680C46FEF7DAFBA568D9
:1096E0000646F2F7A3FDF2F7AAFD0E2888BF70BD6B
:1096F0000121814044F61A02114205D03046294624
:10970000BDE87040DBF707BB022805D120460121E8
:10971000BDE8704006F0A8BB70BD80B54868FEF794
:10972000B8FBF2F783FDBDE88040F2F788BD7047D3
:10973000F0B58BB0D1E901070C46FEF7AAFB054650
:10974000F2F774FDF2F77BFD0E285ED8012181400F
:1097500044F61A02114207D0D7E9001228460BB08E
:10976000BDE8F040DBF7FCB802284ED1607800215C
:1097700001280991089126D0032846D1F1F73FFD31
:109780003A682946F1F71AFB06460290F1F737FDD1
:109790007A682946F1F712FBB0420790BCBF0290ED
:1097A000079640208DF8210002A80990ECF7CDFF24
:1097B000626808AD2946EDF784F942208DF8210052
:1097C00007A809901BE0EBF7B6FFEBF7C6FFF8F729
:1097D000C2FE6168F4F706FBC8B102210180412096
:1097E00000268DF821000996ECF7AFFF626808ADFE
:1097F0002946EDF766F943208DF821000996ECF72C
:10980000A4FF62682946EDF75CF90BB0F0BD0025B6
:1098100000202921ADF80C50FBF701FE0290E06812
:109820006168ADF80E50CDE90410EEF799F902AF7A
:109830000421002200230097EEF76FF9E5E7704757
:1098400070B5D1E90105FEF724FB0446F2F7EEFC02
:10985000F2F7F5FC0E2833D80121814044F61A02B4
:10986000114206D095ED000A2046BDE87040DBF7B6
:109870001CBC022824D1F1F7C2FC95ED000A214658
:10988000F1F788FC054648F20000CFF6FF7085EA44
:109890000006F9F75AFF21463246F9F787FFEDF740
:1098A000F3FE2146EDF728FF002808BF70BD0646ED
:1098B000F1F7A5FC21462A46F1F792FC86ED030A52
:1098C00070BD70477047704770477047B0B588B03B
:1098D00048680C46FEF7DDFAF2F7A8FCF2F7AFFC99
:1098E000022830D1607801282DD14FF40060002586
:1098F00006900795EBF71FFFEBF72FFFF8F72BFE0E
:109900006168F4F76FFA40B101210180ECF71DFFA7
:10991000626806A9EDF7D5F815E000202921ADF819
:109920000C50FBF77CFD0290E0686168ADF80E50CA
:10993000CDE90410EEF714F902AD04210022002352
:109940000095EEF7EAF808B0B0BD70477047704771
:109950002DE9F04184B0D1E901040D46FEF799FAF2
:109960000646F2F763FCF2F76AFC002103914FF41C
:1099700090410E28029150D80121814044F61802EE
:10998000114208D0F2F752FC3146224604B0BDE83D
:10999000F041F2F7E2BA0128F4D002283DD1F1F704
:1099A0002EFCA04658F8742F31460746F1F7ECFB21
:1099B00054F8782F38463146F1F7CEFBA4F1180061
:1099C0000390ECF7C2FE6A6802AE3146EDF779F813
:1099D0000F208DF809000394ECF7B7FE6A68314652
:1099E000EDF76FF810208DF80900CDF80C80ECF73A
:1099F000ACFE6A683146EDF764F834F8080CADF84F
:109A000006002F208DF809000DF106000390ECF7F9
:109A10009CFE6A683146EDF754F804B0BDE8F08169
:109A200070B584B048680C46FEF733FAA568064660
:109A3000F2F7FCFBF2F703FC0E2820D8012181404D
:109A400044F61802114207D0EDF7A7FB314604B0E7
:109A5000BDE87040EDF7FCBC012812D002280ED101
:109A6000A888ADF80E004FF4904000900DF10E0064
:109A70000190ECF76AFE62686946EDF722F804B0DF
:109A800070BD3046294604B0BDE87040DBF71FB911
:109A9000B0B548680C46FEF7FCF9A5680446F2F735
:109AA000C5FBF2F7CCFB0E2888BFB0BD012101FA3F
:109AB00000F044F61A01084206D095ED000A20464F
:109AC000BDE8B040DAF7B0BFB0BD70B582B00C46AB
:109AD000F2F7ACFBF2F7B3FB02280BD001281FD141
:109AE000D4E90104FEF7D5F9214602B0BDE8704083
:109AF000DBF7E1B8A6684FF4CA40CDE90006ECF701
:109B000024FE62686D462946ECF7DBFF67208DF87E
:109B100001000196ECF719FE62682946ECF7D1FFC7
:109B200002B070BD10B50C46F2F780FBF2F787FB70
:109B3000012818BF10BDD4E90104FEF7AAF9214697
:109B4000BDE81040DBF7DBB870B588B048680C465C
:109B5000FEF79FF9A6680546F2F768FBF2F76FFB80
:109B60000E280BD80121814044F61A02114207D079
:109B7000B6F900102846DAF763FF308008B070BDF0
:109B80000228FBD1607801280ED00328F6D1308856
:109B9000ADF808004FF43C50049002A80590ECF793
:109BA000D4FD626804A915E0EBF7C5FDEBF7D5FD20
:109BB000F8F7D1FC6168F4F715F900254FF440512E
:109BC0000395029148B1012101800395ECF7BDFD99
:109BD000626802A9ECF775FFD0E700202921ADF8F3
:109BE0001450FBF71CFC0490E0686168ADF8165057
:109BF000CDE90610EDF7B4FF04AE042100220023E6
:109C00000096EDF78AFFB9E7B0B548680C46FEF755
:109C100040F9A5680446F2F709FBF2F710FB0E289D
:109C200088BFB0BD012101FA00F044F61A010842D4
:109C300005D029682046BDE8B040DAF7CFBEB0BDF8
:109C4000B0B548680C46FEF724F9A4680546F2F75B
:109C5000EDFAF2F7F4FA012818BFB0BD2846214604
:109C6000BDE8B040DBF73FB8704770477047000071
:109C700010B544690020012100220323FEF70EF9EC
:109C80000146FE2000F00CFD2078042888BF10BD9E
:109C9000DFE800F003170D110700FBF788FC002137
:109CA00012E013F035F80220EAF7B0FE05E0FBF70A
:109CB0007EFC022108E013F02BF8BDE81040EAF723
:109CC000B9BEFBF774FC0121BDE81040FBF742BEB2
:109CD0002DE9F04FC1B0D0F8149001F0BBF801F0BD
:109CE000C7F8D9E900628046301A44F24027039051
:109CF00062EB0100C0F20F078A460290304611461F
:109D00003A460023D7F7CCFC034600FB176044F625
:109D1000D351C1F26201A0FB01124AF27B41C4F2AD
:109D20001841A3FB011794094FF47A7104FB110544
:109D300019AE40A2304640214FEAD75BCDE900453D
:109D4000D7F73CFD29AF3EA2384660213346CDF817
:109D500000B0D7F733FDEDF703FF44A23946EDF726
:109D600023FF04AD28464021D8F7CCF90026042073
:109D70000021CDE9168A1596FBF751FBD9E900378A
:109D800014903FA228464021CDE90037D7F716FDB1
:109D9000EDF7E6FE14AF01212A4600230097EDF708
:109DA000BCFEDDE90221481E72F100000ADB43F629
:109DB0003420C0F606000068081A72F100000DD2C7
:109DC000002612E0484243F63421C0F60601096835
:109DD00066EB0202401A72F1000006D301F03AF875
:109DE000D9E9002301F04AF8012601F033F801F027
:109DF0003FF80446CDE9160100200D46ADF85400A9
:109E000004200121ADF85660FBF709FB04AE149065
:109E100020A230464021CDE90045D7F7CFFCEDF731
:109E20009FFE0121324600230097EDF776FE41B0F8
:109E3000BDE8F08F732564206D25642075256400CE
:109E400052515354206F662074696D6520636861B8
:109E50006E676520746F202573205B6F72207965B3
:109E6000617273203D2025640000000074696D65F7
:109E70007365742063616C6C6261636B0000000049
:109E800073796E63682072717374203D20256C6C49
:109E90006400000074696D65203D20256C6C6400D1
:109EA00088680188B1F57A7F1CBF4FF47A71018010
:109EB0002DE9F04F85B04588B0F804A0B0F80690C1
:109EC0000AEB05014944B1F57A7F0DD940F24D11F5
:109ED000C0F24D114FF4A77940F24D1A40F24D15E2
:109EE000C0F80210A0F80690847A0CB9012484729C
:109EF000078900F10C08B7F5FA7F84BF6427078152
:109F0000C67A0121022E24BF0026C672002000223C
:109F100003234FF0000BFDF7C1FF0146FE2000F0C8
:109F2000BFFB0583A0F81AA0A0F81C9084774FF41B
:109F30007A70CDE9000B0AEB0500049702950390B7
:109F4000FCF792FB3146FCF7FBFCFCF78DFB694606
:109F5000FCF717FDFCF788FB2146FCF75EFDFCF7DC
:109F600083FB4146FCF7FDFC05B0BDE8F08F10B562
:109F7000886804780CB901240470002001210022B3
:109F80000323FDF78BFF0146FE2000F089FB847759
:109F9000FCF76AFB2146BDE81040FCF73EBD704768
:109FA000704700002DE9F04F8DB044692578F2F735
:109FB000F5FE012840F03681A5F10F00052800F2DA
:109FC0003181264616F8087BEBF7B5FBEBF7C5FBAE
:109FD000002800F027810546A7F10F00052800F2B0
:109FE0002181DFE810F00600AF000E006B000A00D0
:109FF0000D012846F8F7E9FB14E13078FDF75BFF27
:10A0000010E13046EBF71AFB042840F00B81304694
:10A01000EBF705FB102840F005813046EBF786FB97
:10A0200081460138C0B20F2800F2FC8043F644207C
:10A03000C0F6060000784FF0000B20F00C0A4FF03D
:10A0400000085FFA88F13046EBF7D6FA07466078E9
:10A05000A1780138B0FA80F001394009B1FA81F1F4
:10A060004AEA8000490940EAC1008DF8180004203E
:10A070008DF81900386806A907906068099028468D
:10A08000F8F787FB98B1CDE904BBCDE902BB38688E
:10A09000172104900520FBF7C2F90290EDF760FD4F
:10A0A00004210022002302AF0097EDF736FD08F1EE
:10A0B00001085FFA88F04845C3D3B3E03046EBF7B8
:10A0C000BDFA042840F0AE803046EBF7A8FA10281D
:10A0D00040F0A8803046EBF729FB81460138C0B23A
:10A0E0000F2800F29F8043F64420C0F60600007857
:10A0F000002720F00C0A4FF0040B0DF11808F9B2FC
:10A100003046EBF779FA6178A2780139B1FA81F13A
:10A11000013A4909B2FA82F24AEA8101520941EA56
:10A12000C2018DF818108DF819B0006841460790EB
:10A13000606809902846F8F740FB0137F8B24845B7
:10A14000DDD36FE03046EBF779FA04286AD1304668
:10A15000EBF765FA102865D13046EBF7E7FA1028DF
:10A1600060D881462846F8F730FBB9F1000F59D086
:10A1700043F64420C0F6060000784FF0000B20F0B4
:10A180000C0A4FF000085FFA88F13046EBF734FA1A
:10A1900007466078A1780138B0FA80F001394009AB
:10A1A000B1FA81F14AEA8000490940EAC1008DF81C
:10A1B000180004208DF81900386806A90790606817
:10A1C00009902846F8F7E5FA98B1CDE904BBCDE946
:10A1D00002BB3868172104900520FBF720F9029094
:10A1E000EDF7BEFC04210022002302AF0097EDF73B
:10A1F00094FC08F101085FFA88F04845C3D311E0E8
:10A200003046FDF71FFE01280CD13178FE20FDF706
:10A21000F5FE38B9FCF7E8FEFCF7EFFE3146012207
:10A22000F2F76AFE0DB0BDE8F08F00002DE9F04FA7
:10A2300087B044692578F2F7B1FD012840F00C8120
:10A24000E81E4FEA7000052800F20681012101FA9C
:10A2500000F010F02B0F00F0FF802678EBF76BFA80
:10A26000EBF77BFA002800F0F780074694F801A08E
:10A2700094F80290E57820465021D7F743FFF01E6E
:10A280004FEA7000052800F2E780DFE800F0036A7B
:10A29000E535E59D002D08BF4025221D28460121FA
:10A2A000EBF7D1F9804643F64820C0F6060090E867
:10A2B0008E00D0E904608DE88E00CDE904600420B2
:10A2C0008DF8010000200021002206230026FDF762
:10A2D000E5FDCDE901064046EBF7FFF94FF60460D6
:10A2E000208005FB09F0C2B2FE20414684F80290AE
:10A2F000E570FDF7D5FFAAE0002D08BF1025221D4F
:10A30000284604214FF00408EBF79DF9834643F6F5
:10A310004820C0F6060090E8CE0040698DE8CE00E7
:10A32000059000200021002206238DF801800026E0
:10A33000FDF7B4FDCDE901065846EBF7CEF90A204A
:10A340002070BAF1FE0F05FB09F084F801A084F833
:10A350000290E57070D1C2B2FE205946FEF782F835
:10A3600075E0002D08BF1025221D284604214FF05E
:10A370000408EBF768F9824643F64820C0F6060069
:10A3800090E88E00D0E904608DE88E00CDE904608D
:10A3900000200021002206238DF801800026FDF711
:10A3A0007DFDCDE901065046EBF797F94FF60660C3
:10A3B000208005FB09F0C2B2FE20514684F80290CD
:10A3C000E570FDF7B9FF42E0002D08BF1025221D02
:10A3D000284604214FF0040BEBF735F98046384648
:10A3E000F8F7CBF943F64820C0F6060090E84E1087
:10A3F00040698DE84E1005900020002100220623C0
:10A400008DF801B00026FDF749FDCDE90106404673
:10A41000EBF763F90E202070BAF1FE0F05FB09F28D
:10A42000384684F801A084F80290E5700BD11146FB
:10A430004246F8F792F90AE0C3B2FE2051465A4666
:10A44000FEF786F803E051464346F8F78EF9FBF72E
:10A45000AEF86946FBF7D9FA07B0BDE8F08FF0B562
:10A4600087B044692578F2F799FC012859D10B2D62
:10A4700057D80120A84040F68201084251D02778E1
:10A48000EBF759F9EBF769F900284AD006466578E9
:10A4900020465021D7F736FE0B2F14D0072F08D0B7
:10A4A000012F3ED14FF602602080FE20FDF7AEFF67
:10A4B00019E008202070FE2D4FF0FE0065700BD1D2
:10A4C000FEF704F90FE00C202070FE2D3046657079
:10A4D00006D1F8F752F906E02946FEF7BDF802E08A
:10A4E0002946F8F750F9608043F64820C0F6060088
:10A4F00090E88E00D0E904608DE88E00CDE904601C
:10A5000004208DF8010000200021002205230024F2
:10A51000FDF7C4FCCDE90104FBF749F86946FBF7F8
:10A5200074FA07B0F0BD70477047704770477047C6
:10A530007047704770477047704710B54469F4F72B
:10A54000F1FF2146BDE81040F5F708B970477047A4
:10A55000B0B5D1E90104FDF79CFC0546F5F72AFDED
:10A5600029462246BDE8B040F5F7BEBDB0B5D1E9F9
:10A570000104FDF78EFC0546F5F71CFD2946224631
:10A58000BDE8B040F5F79EBEB0B5D1E90105FDF7D5
:10A5900080FC0446F5F70EFD2A782146BDE8B04060
:10A5A000F5F70DBE70477047B0B5FE280C4604D1D4
:10A5B00044F2BC55C1F200050FE044F2F051C1F283
:10A5C00000010978814232D944F2EC51C1F2000114
:10A5D000096800EB400001EB0015601C4FF0000023
:10A5E00018BF002D00D1B0BD200EFEF70EF90146B8
:10A5F00044F20800C0F60600405CC4F307429042F3
:10A6000015D955F8210090B1230A805CDBB298423D
:10A610004FF00000E7D944F21C03C0F6060353F8DC
:10A620002110895CE2B2914288BF0120B0BD0020B8
:10A63000B0BD032884BF0020704780B5FEF7E5F861
:10A6400044F2AC51C1F2000151F8200080BDB0B518
:10A65000FE280C4604D144F2BC55C1F200050FE0BF
:10A6600044F2F051C1F200010978814216D944F256
:10A67000EC51C1F20001096800EB400001EB00154C
:10A68000200E03280AD84DB1FEF7BFF805EB800075
:10A69000016A19B12046BDE8B04008470020B0BDAE
:10A6A0002DE9F0410546FE280C4604D144F2BC5782
:10A6B000C1F200070FE044F2F050C1F20000007850
:10A6C000A8424AD944F2EC50C1F20000006805EB00
:10A6D000450100EB0117210E03294FF000003AD885
:10A6E000CFB30846FEF791F8064607EB80000769EE
:10A6F0009FB3C4F30742C4F30723284631464FF6FD
:10A70000FF7805F023FA404527D044F20802C0F64E
:10A710000602210C925DC9B28A424FF6FF7214D92B
:10A7200043F6E873C0F6060353F8263043F6F87292
:10A73000C0F6060253F8213052F82620E6B253F84C
:10A74000263052F821105A68521A104481B24145FD
:10A7500003D017FA80F0BDE8F0810020BDE8F08159
:10A76000084605F038BA000005284FF0000C98BFE5
:10A77000022909D801EB810C44F6B421C0F6060188
:10A7800001EB8C0151F820C02E2A4FF000001BDC99
:10A79000511E1F2900F27280DFE801F010107010C6
:10A7A000454E53583F704B3C70707070425037703C
:10A7B000707070707070707070707048AA2B43D099
:10A7C0005A2B46D1082059E06E2A0ADD782A13DC7C
:10A7D0006F2A1CD0722A18D0772A08BF4FF4802025
:10A7E0004CE0A2F12F01042948D8DFE801F003452D
:10A7F0003F423C00202041E0792A31D07F2A06D018
:10A80000FF2A08BF4FF4003038E0802036E04FF0D8
:10A81000005033E04FF4806030E04FF480102DE0C2
:10A820004FF400402AE04FF4007027E04FF48030EE
:10A8300024E04FF4001021E010201FE04FF400202E
:10A840001CE04FF4802019E0042017E04FF4804012
:10A8500014E0A3F15500B0FA80F0400940000DE08B
:10A860004FF080400AE04FF4800007E04FF4805042
:10A8700004E04FF4006001E04FF4005020EA0C00C7
:10A88000B0FA80F04009704705284FF0000298BFE9
:10A89000022909D844F6B42201EB8101C0F6060270
:10A8A00002EB810151F820201046704745F2E0018B
:10A8B000C1F200010868002818BF08467047002848
:10A8C00014BF4068002070472DE9F04182B045F286
:10A8D000E007C1F200073A681ABB0C460546EDF7DF
:10A8E0003FF945F2F36642F64068C0F6060629468F
:10A8F000C0F606080EA23346002D18BF0121CDF880
:10A900000080EDF703F9EDF72BF9214615A2334648
:10A91000002C18BF0121CDF80080EDF7F7F8C7E94A
:10A92000005445F2E000C1F2000002B0BDE8F08141
:10A93000656F765F63616C6C6261636B6D616E5FA6
:10A940006869645F496E697469616C697365282917
:10A950003A204E554C4C20657865637574655F668A
:10A960006E000000656F765F63616C6C6261636BA3
:10A970006D616E5F6869645F496E697469616C6975
:10A98000736528293A204E554C4C207461736B0036
:10A99000B0B50C460546ECF718FB28B1826828468E
:10A9A0002146BDE8B04010476FF00100B0BD10B5C2
:10A9B0000446ECF70AFB20B101682046BDE81040D0
:10A9C00008476FF0010010BD2DE9F04F81B045F24E
:10A9D000E809C1F200091546D9F80020002A55D12E
:10A9E000DDF828A01C460E460746EDF7B9F845F2FB
:10A9F000AD7842F6406B46F28532C0F6060839461D
:10AA0000C0F6060BC0F606024346002F18BF012110
:10AA1000CDF800B0EDF77AF8EDF7A2F846F2B432CF
:10AA20003146C0F606024346002E18BF0121CDF87C
:10AA300000B0EDF76BF8EDF793F8294617A24346FF
:10AA4000002D18BF0121CDF800B0EDF75FF8EDF74C
:10AA500087F821461CA24346002C18BF0121CDF8DF
:10AA600000B0EDF753F8EDF77BF8514621A24346CD
:10AA7000BAF1000F18BF0121CDF800B0EDF746F88C
:10AA8000C9E90076C9E90254C9F810A045F2E80006
:10AA9000C1F2000001B0BDE8F08F00BF656F765FC6
:10AAA000656E765F6869645F496E697469616C6937
:10AAB000736528293A204E554C4C2069706E657498
:10AAC0005F67657400000000656F765F656E765F96
:10AAD0006869645F496E697469616C697365282986
:10AAE0003A204E554C4C2063616E6E65745F67650D
:10AAF00074000000656F765F656E765F6869645FFD
:10AB0000496E697469616C69736528293A204E55EC
:10AB10004C4C206570726F635F67657400000000C5
:10AB200060B18368012180F820104BB180B50146E7
:10AB3000012298470020BDE8804002E0FE2000E0AE
:10AB4000002040B2704710B1836813B11847FE204F
:10AB500000E0FF2040B2704710B109B10268104711
:10AB60006FF00100704700281ABF002180F8201004
:10AB7000FE2148B2704742F22401C1F20001086888
:10AB8000002818BF0846704710B1036913B1184771
:10AB9000FE2000E0FF2040B2704700002DE9F04F9A
:10ABA00083B042F22406C1F2000614463268002A3D
:10ABB00056D19A468846054660B9ECF7D1FF45F272
:10ABC0008D7242F640632AA1C0F60602C0F6060363
:10ABD000ECF7CBFFECF7C4FF45F28D79274642F640
:10ABE000406B46F2A022C0F60609002C18BF0127D0
:10ABF000C0F6060BC0F6060239464B46CDF800B04B
:10AC0000ECF784FFECF7ACFF24A239464B46CDF8B5
:10AC100000B0ECF77BFFECF7A3FF0D9F2AA23946AB
:10AC20004B46002F18BF0121CDF800B0ECF76EFFA6
:10AC30000C98C6E902070E984FF00007C6E9004AD3
:10AC4000306145B104202946002200230097019776
:10AC5000EFF7A2FA07460120C6E9067886F8200039
:10AC600042F22400C1F2000003B0BDE8F08F00BF43
:10AC7000656F765F69706E65745F6869645F496E61
:10AC8000697469616C69736528293A2030206D61A7
:10AC900078646772616D736F636B7300656F765F65
:10ACA00069706E65745F6869645F496E6974696133
:10ACB0006C69736528293A204E554C4C20646574A4
:10ACC0006163685F666E0000656F765F69706E65D0
:10ACD000745F6869645F496E697469616C69736502
:10ACE00028293A204E554C4C206172705F666E00E8
:10ACF00010B50446ECF769F920B141682046BDE87B
:10AD0000104008476FF0010010BDB0B50C46054675
:10AD1000ECF75BF928B1026828462146BDE8B0404F
:10AD200010476FF00100B0BD60B110B504460020BF
:10AD3000C4E90000A060F0F767FB2146BDE81040C1
:10AD4000F0F71EBB704780B5F0F75EFB04210C22C4
:10AD50000123F0F763FB0021C0E90011816080BD91
:10AD60002DE9F04381B01C4616460F460546ECF728
:10AD7000F7FE45F2EA6842F64069C0F60608394631
:10AD8000C0F6060913A24346002F18BF0121CDF8D3
:10AD90000090ECF7BBFEECF7E3FE314617A243460A
:10ADA000002E18BF0121CDF80090ECF7AFFEECF7B4
:10ADB000D7FE21461CA24346002C18BF0121CDF826
:10ADC0000090ECF7A3FEC5E900760020AC6001B06E
:10ADD000BDE8F083656F765F6D757465785F68694F
:10ADE000645F536574565441424C4528293A204EBD
:10ADF000554C4C20765F74616B650000656F765F23
:10AE00006D757465785F6869645F53657456544105
:10AE1000424C4528293A204E554C4C20765F7265AD
:10AE20006C65617365000000656F765F6D757465B4
:10AE3000785F6869645F536574565441424C452895
:10AE4000293A204E554C4C20765F64656C657465DC
:10AE50000000000045F2FC01C1F200010868002872
:10AE600018BF0846704708B1406800470020704787
:10AE700008B18068004700200021704748B180B5C4
:10AE8000D0F80CC010461946E0470020BDE88040CD
:10AE900000E0FE2040B2704730B180B54069804785
:10AEA0000020BDE8804000E0FE2040B27047000076
:10AEB0002DE9F04F81B045F2FC05C1F200051746BF
:10AEC0002A68002A69D1DDF828A01E4689468046F6
:10AED000ECF746FE45F2097442F6406B45F6017206
:10AEE000C0F606043946C0F6060BC0F60602234635
:10AEF000002F18BF0121CDF800B0ECF707FEECF7EA
:10AF00002FFE45F6D6623146C0F606022346002ED5
:10AF100018BF0121CDF800B0ECF7F8FDECF720FEEA
:10AF2000BAF1000F18BF4FF0010A1FA25146234685
:10AF3000CDF800B0ECF7EAFDECF712FE0B9924A275
:10AF40002346002918BF0121CDF800B0ECF7DEFD43
:10AF5000ECF706FEDDF830A027A251462346BAF1F1
:10AF6000000F18BF0121CDF800B0ECF7CFFD4FF670
:10AF700025400D99C0F60400002918BF08460A991B
:10AF80006861A9600B994846C5E90076C5E9031ACE
:10AF9000ECF7F6FD4046F0F7F7FA45F2FC00C1F297
:10AFA000000001B0BDE8F08F656F765F7379735F65
:10AFB0006869645F496E697469616C6973652829A1
:10AFC0003A204E554C4C2074696D656765740000DD
:10AFD000656F765F7379735F6869645F496E6974E2
:10AFE00069616C69736528293A204E554C4C207470
:10AFF000696D657365740000656F765F7379735F63
:10B000006869645F496E697469616C697365282950
:10B010003A204E554C4C206E616E6F74696D6567B9
:10B020006574000010B50446EBF7CFFF20B1016A4C
:10B030002046BDE810400847002010BDB0B5F0F72D
:10B04000E3F92421F0F742FB40B34FF62741C0F665
:10B0500004014FF63942C0F604024FF64B434FF657
:10B06000334C4FF6454EC0E9001100F10801C0F61F
:10B070000403C0F6040CC0F6040E4FF62D444FF640
:10B080003F4581E80C504FF62941C0F60404C0F654
:10B090000405C0F60401C0E906450162B0BD002800
:10B0A00053D02DE9F0434FF6274400294FF6394994
:10B0B000C0F6040408BF2146002AC0F60409DDE9F1
:10B0C000077608BF2246002B18BF99464FF64B4320
:10B0D000C0F60403002F18BF3B464FF633470DF16F
:10B0E000240EC0F604079EE82041002E18BF374604
:10B0F0004FF64546C0F60406002D18BF2E464FF603
:10B100002D454FF63F44C0F60405B8F1000FC0F6D8
:10B110000404DDF830C018BF4546BEF1000F18BF6B
:10B12000744680E806024FF62941C0F60401C0E9E2
:10B130000337C0E90565C461BCF1000F18BF614663
:10B1400001620020BDE8F04300E0FE2040B27047FD
:10B15000B0B50C460546EBF738FF28B10269284622
:10B160002146BDE8B04010476FF00100B0BDB0B55A
:10B170000C460546EBF729FF28B182682846214690
:10B18000BDE8B04010476FF00100B0BDF0B581B030
:10B190001C4615460E460746EBF717FF48B1D0F898
:10B1A0001CC0384631462A46234601B0BDE8F0406F
:10B1B00060476FF0010001B0F0BD70B514460D4658
:10B1C0000646EBF702FF30B1436930462946224676
:10B1D000BDE8704018476FF0010070BDB0B50C4677
:10B1E0000546EBF7F2FE28B1C26828462146BDE8C5
:10B1F000B04010476FF00100B0BD10B109B1426816
:10B2000010476FF00100704745F21411C1F20001C0
:10B210000868002818BF0846704710B109B1C26815
:10B2200010476FF00100704710B109B10268104774
:10B230006FF00100704745F21410C1F20000006980
:10B24000FFF756BD10B109B1826810476FF00100D9
:10B25000704745F21410C1F200000069FFF755BDB8
:10B260002DE9F04F81B045F21419C1F200091546DD
:10B27000D9F80020002A48D1DDF828A01C460E4647
:10B280000746ECF76DFC45F2167842F6406B45F642
:10B290005872C0F606083946C0F6060BC0F606021C
:10B2A0004346002F18BF0121CDF800B0ECF72EFC6B
:10B2B000ECF756FC45F626723146C0F606024346C8
:10B2C000002E18BF0121CDF800B0ECF71FFCECF701
:10B2D00047FC294610A24346002D18BF0121CDF896
:10B2E00000B0ECF713FCECF73BFC214616A24346FA
:10B2F000002C18BF0121CDF800B0ECF707FC09F1D4
:10B300000800C9E9007580E8500445F21410C1F244
:10B31000000001B0BDE8F08F656F765F74696D6500
:10B32000726D616E5F6869645F496E697469616CB2
:10B3300069736528293A204E554C4C206164647429
:10B34000696D65725F666E00656F765F74696D65C5
:10B35000726D616E5F6869645F496E697469616C82
:10B3600069736528293A204E554C4C2072656D74DE
:10B37000696D65725F666E007047000045F22811C6
:10B38000C1F20001087808B1002013E04EF6FC502D
:10B39000CEF200000068C0010BD540F60060CEF28E
:10B3A0000000D0F88020D20703D00068B0F1FF3F42
:10B3B00002DDFF2040B270477C20CEF20000012267
:10B3C0000A7000BF01680029FCD04BF27931C0F649
:10B3D0000401016001680029FCD040F201110180E4
:10B3E00001680029FCD00121017042F22000C1F265
:10B3F00000000170C8E70000B0B545F22812C1F2A4
:10B40000000212780D4604460AB9FFF7B7FF7C2008
:10B41000CEF2000001680029FCD005600168002917
:10B42000FCD004F580710180B0BD000045F2281108
:10B4300042F22002C1F20001C1F200020B78117841
:10B44000012B107006D17C22CEF200021368002B73
:10B45000FCD0107008467047B0B545F22812C1F212
:10B46000000212780D4604460AB9FFF787FF7C20D8
:10B47000CEF2000001680029FCD0056001680029B7
:10B48000FCD00480B0BDB0B50446EDF739F8EDF757
:10B4900031F80546047041F26420A5F8010023202C
:10B4A000E8700020C5E90100EDF72AF82946BDE85B
:10B4B000B040EDF76FB870B50C460546EDF720F8D3
:10B4C000EDF718F80646057041F26420A6F8010071
:10B4D0002320F0700020C6E90104EDF711F8314691
:10B4E000BDE87040EDF756B880B582B0FAF7DEFBE4
:10B4F00000F1100100F1180200F11C0300F1220C10
:10B50000CDF800C0FCF716F9FCF70AF94EF2196104
:10B51000C0F60401FCF7CCF9002002B080BD11F0A8
:10B520002BB811F085B844F21870C1F20000017810
:10B530000131017001780170704700284FF0FF0061
:10B5400018BF002904D00878DE3818BF4FF0FF304C
:10B5500040B2704770B578B1054604200121D5F797
:10B56000D5FF4FF0000440B10646056000F07EF8BC
:10B57000002808BF344600E00024204670BD0000CB
:10B5800070B51E464FF0FF03C8B1C1B1BEB10B7814
:10B59000DE2B11D105684B88288898420ED1688827
:10B5A00060B18B896D6800BF2C889C4209D001383E
:10B5B00005F10C05F8D101E000203080FF2358B2DE
:10B5C00070BD487800230328338044D8DFE800F0BA
:10B5D00002341C28D5F804C0BCF1000FEED04FF4A3
:10B5E000EF70108048886B88508028889081D381C4
:10B5F000B3B302F1100061461A46D6F75BFC6888C7
:10B60000133020F003002CE047F6DE7000231060BA
:10B61000D360AC68002CD2D001F11002022016E0F9
:10B6200047F6DE7000231060D360AC68002CC6D0F3
:10B6300001F1100203200AE047F6DE7000231060DB
:10B64000D360AC68002CBAD001F110020120294669
:10B65000A0470023B3E747F6DE701060D360ADE784
:10B66000102030800123AAE7002070474FF0FF3000
:10B670007047D5F74BBFD5F78EBFD5F79EBF80B5C6
:10B6800011F046FB0120E9F7C1F9BDE88040E9F778
:10B69000D1B900002DE9F04F85B0044601704FF498
:10B6A0000070A4F80100101FE070002504A900201C
:10B6B0000495E9F761F903A80395E9F757F90398A9
:10B6C0004578112D11D100F121054BA12846D6F75F
:10B6D00043FD48B14AA12846D6F73EFD4FF0FF355D
:10B6E000002808BF212500E02025FF208DF80B0051
:10B6F0008DF80A000DF10B00E9F798F90DF10A0039
:10B70000E9F790F900208DF80900019001A80DF1EA
:10B710000901E9F785F92571FAF7A6FFFBF702F9A8
:10B720000138B0FA80F04009607102200221022540
:10B73000FFF7AAF80499E060487949F2CF7BA0713D
:10B740000879EA46E071C878C2F2295B20728878ED
:10B750004FF0000860724878A07208789DF80910D0
:10B76000E07221749DF80B009DF80A10E574002525
:10B770006074A17401980021009110F808005146EE
:10B78000E9F752F90198661910F80800FF213075A1
:10B79000009871754188B146F182416849F81CBF33
:10B7A00049F8041C806800F500773846E9F7CCF8C2
:10B7B00020B907F140004946EBF784FB00981035AB
:10B7C000D0E90201302D4FEA902030844FEA9120D9
:10B7D00008F101087084CDD1002000906946042052
:10B7E000E9F7CAF8009904F144002022D6F762FB79
:10B7F00005B0BDE8F08F00BF656D73347264000062
:10B800006D6334706C75730042F24800C1F2000041
:10B81000026900200A60704742F24800C1F200004D
:10B82000027D00200A70704770B582B042F248066F
:10B83000C1F2000606F10C0014460D46E9F79AF82D
:10B8400080B1ECF78DF942F6206645F29973C0F6A7
:10B85000060609A2C0F6060305210096ECF75DF97D
:10B86000FF2005E0F06810302860022020700020E2
:10B8700040B202B070BD00BF735F656F5F61726DF3
:10B88000656E765F736861726564646174615F633D
:10B89000616E6E6574735F67657428293A20636111
:10B8A0006E6E6F74207265616420646576696E6681
:10B8B0006F000000B0B582B042F24805C1F2000549
:10B8C00005F10C000C46E9F755F880B1ECF748F9A2
:10B8D00042F6206545F29973C0F6060507A2C0F648
:10B8E000060305210095ECF718F9FF2002E0E8684F
:10B8F0002060002040B202B0B0BD00BF735F656F32
:10B900005F61726D656E765F7368617265646461B4
:10B9100074615F69706E65745F67657428293A2089
:10B9200063616E6E6F742072656164206465766910
:10B930006E666F002DE9F04192B0E9F76FF842F6BC
:10B940002068C0F6060818B1ECF70AF93DA20BE032
:10B950000020029001208DF80C0002A8E9F70EF8F3
:10B9600058B1ECF7FDF846A245F29973C0F606030C
:10B970000521CDF80080ECF7D0F842F24805C1F27D
:10B98000000569684878E9F753F870B1ECF7E8F812
:10B9900046F2CB2245F29973C0F60602C0F60603C2
:10B9A0000521CDF80080ECF7B8F8A86888B346699F
:10B9B00090E89E000DF1080C07968CE89E0000F1BF
:10B9C00018078ECFD0E90A460DF1200CCDE90C46C0
:10B9D0008CE88E00D0E90C12D0E90E03CDE90E12EE
:10B9E000CDE910030BF0D6FBCDE90E0102A8E8F774
:10B9F000BFFF70B1ECF7B4F846F2093245F2997323
:10BA0000C0F60602C0F606030521CDF80080ECF76B
:10BA100084F805F10C00E8F7ADFF70B1ECF7A0F881
:10BA200046F2473245F29973C0F60602C0F60603A5
:10BA30000521CDF80080ECF770F8002012B0BDE8C9
:10BA4000F08100BF735F656F5F61726D656E765FD9
:10BA500073686172656473657276696365735F6943
:10BA60006E697428293A2073686172736572762052
:10BA70006973206E6F742076616C69640000000049
:10BA8000735F656F5F61726D656E765F736861721B
:10BA9000656473657276696365735F696E6974283E
:10BAA000293A2063616E6E6F7420696E6974207329
:10BAB000686172736572760090F82020037C013211
:10BAC0004FF0010CD1B280F823C0994280F82020B9
:10BAD00028BF80F821C080B582B002208DF8070011
:10BAE000F9F765FD0DF10701F9F754FD9DF8070021
:10BAF00030B9FAF7A3FAFAF7AAFA4021FCF7BAF834
:10BB000002B080BD2DE9F04F87B041F29804C1F238
:10BB10000004A06AE9F70AFE00280146019073D0EC
:10BB20004FF0010A002500BF94F82400EEB2314620
:10BB3000EBF7AEF9002802955AD1A06A3146E9F731
:10BB40005BFD002854D0064600F106094FF00008BE
:10BB5000012000BF039004EB480000F13C0508F110
:10BB600042074FF0010B00BF39F818005FFA8BF461
:10BB70002146EBF72FFA012828D128882146EBF738
:10BB800029FA18BBB0883178ADF81A00002004906B
:10BB9000C81EC0B213280DF11A01059114D84DF634
:10BBA0003D71C0F20E01C140C9070DD01CA121A2F8
:10BBB000095C105C8DF810108DF81100EAF7C5FDD6
:10BBC00004A93A46EAF7C6FF4FF0000A0BF1010B51
:10BBD000BBF10F0F07F10207C6D1039841F2980499
:10BBE000C0074FF001084FF00000C1F20004B1D1CE
:10BBF000029D01990135E8B2884295D3BAF1010F4F
:10BC000084F838A003D008E0012084F8380041F21D
:10BC10009800C1F20000EAF7B5F807B0BDE8F08F70
:10BC20000000020202000000020202020200020002
:10BC3000000200025B5B1C1C1C5B5B5B1C1C1C1C75
:10BC40001C5B1C5B5B1C5B1C2DE9F04F8BB041F255
:10BC5000980BCDE9031000200121C1F2000BCDE9C2
:10BC60000800CDE9060000BF0BEB4002B2F84430FB
:10BC7000B2F84860B2F84C50978D33432B43C90754
:10BC800003EA070305915946C0EB001002F13C0A94
:10BC90004FF0020B01EBC0094FF000089FB218BF34
:10BCA0004FF0010B5FFA88F438462146EBF792F922
:10BCB000012801D1032407E0BAF800002146EBF780
:10BCC00089F9012831D1012405200221F9F7A7FBC8
:10BCD000069000208DF81D0009EBC800B0F8521046
:10BCE00090F8502090F8513090F8545049BA90F89C
:10BCF0005560B0F8560041EA034145EA022241EAA4
:10BD0000066142EA00408DF81CB0ADF81E80CDE916
:10BD10000810EBF725FF45F64F0321460022C0F639
:10BD2000060306AE0096EBF7F8FE08F10108B8F13D
:10BD30000F0FB7D1059941F2980B012000294FF060
:10BD40000001C1F2000B8FD1049901295CD1039845
:10BD5000012859D1DBF82800E9F7E8FC002800F0B9
:10BD6000778145F64F0882464FF00009C0F6060875
:10BD7000002400BFDBF82800E7B23946E9F73CFCB5
:10BD8000E8B30646C088EBF738F93189054608461E
:10BD9000EBF733F94119080631D09BF82400CDB2F6
:10BDA0003946EBF775F8074605200121F9F737FB0F
:10BDB000069045EA0730ADF81C90ADF81E0070887B
:10BDC000727840BA31783379767940EA0240BBF82C
:10BDD0003A2043EA012140EA066041EA0241CDE906
:10BDE0000801EBF7BDFE012F4FF001014FF00002FB
:10BDF000434606AF08BF03210097EBF78EFE0134E0
:10BE0000E0B25045B6D323E100295ED1DBF828002B
:10BE1000E9F78CFC00280146049056D041F29808BE
:10BE20004FF6FF760022C1F2000800BFDBF82800C1
:10BE3000D1B20592E9F7E0FBE8B3074600F1060945
:10BE400000204FF0010B4FF0010A00BF08EB40014A
:10BE5000898F39F81000714010EA010423D0204680
:10BE6000EBF7CBF8054605200321F9F7D8FA069041
:10BE7000387800218DF81D10B8F83A1045EA0020F6
:10BE8000ADF81E0008048DF81CB0CDE90840EBF7B2
:10BE900067FE45F64F0304210022C0F6060306ADF7
:10BEA0000095EBF73AFE01204FF0020B5FEACA71F2
:10BEB0004FF0000ACAD1059A04990132D0B241F27A
:10BEC000980B8842C1F2000BB0D30398002840F0D1
:10BED000BF80DBF82800E9F729FC00280146019023
:10BEE00000F0B680002200BFDBF82800D1B2029239
:10BEF000E9F782FB002800F0A48006460630002700
:10BF000001220125039000BF03990BEB4700B0F815
:10BF1000400031F817100840010400F08B8084B213
:10BF200020460592EBF769F80490C7EB07100BEB7E
:10BF3000C0074FF0000B4FF000084FF0000A4FF021
:10BF4000000900BF5FFA88F12046EBF743F80128AB
:10BF500046D107EB4B0191F8500033787278181AEC
:10BF600018BF012022B9B37813B9F378ABB100BF81
:10BF700091F8513093420FD191F85220B3789A4200
:10BF80000AD191F85320F3789A424FF0000238BF5B
:10BF9000012262F3410000E0023032790AB973797C
:10BFA0006BB191F85430934208D191F855107279E1
:10BFB000891A18BF012161F3820000E00430CBF13F
:10BFC000200220FA02F2BBF1200158BF00FA01F270
:10BFD00000FA0BF058BF002049EA02094AEA000AB9
:10BFE0000BF1040BBBF13C0F08F10108AAD10520AD
:10BFF0000421F9F714FA0690059800218DF81C0029
:10C0000030788DF81D100499CDE908A941EA002087
:10C01000ADF81E00EBF7A4FD45F64F030421002206
:10C02000C0F6060306AF0097EBF777FD41F2980BD9
:10C03000C1F2000B01270222E8074FF000057FF450
:10C0400063AF029A01990132D0B28842FFF44CAF3B
:10C050000BB0BDE8F08F4378012906D1C18801F00B
:10C060000F00904206D1002000E0402003F01F01A5
:10C0700008437047C1F30310904201D12020F5E737
:10C08000C1F30320904201D16020EFE74020B2EBE2
:10C09000113F08BF6FF07F00E8E701290ED101785A
:10C0A000112901D0032909D1012A0CD0032A05D175
:10C0B000C1886FF31F3141EA033102E0C18863F3A5
:10C0C0000301C1807047C18803F00F0221F0F00125
:10C0D00041EA0211F5E7000020B1D0F800C0CCF32E
:10C0E000022C02E021B191F800C0BCF1060F01D989
:10C0F000FF203CE080B54FF0000E83F800E0DFE861
:10C100000CF0041E121B0D2124004FF0000C82F8CD
:10C1100000C098B3007A00F07F0130E00420107076
:10C120000020187021E04FF0020C82F800C000B32C
:10C13000007A00F07F011DE04FF0030C07E04FF0A4
:10C14000010C04E04FF0050C01E04FF0060C82F802
:10C1500000C018B1006800F00F0100E0497800202D
:10C1600019700F2988BF4FF0FF30BDE8804040B202
:10C1700070474978002019705429F3E74978002066
:10C1800019707E29EEE7006840F20F720240B2F5A6
:10C19000007F15D110B501F00101C0B241EAD00411
:10C1A000EAF7ADF82146E9F763FF811F02294FF056
:10C1B0000001BDE8104004D3FF2818BFFF2100E0B4
:10C1C000FF2148B2704770B58AB000260C4605467C
:10C1D000CDE90466CDE90266EAF7FAF902AA21463A
:10C1E000EAF7CEF9B0B100201A21F9F718F9218841
:10C1F000069008BA000CADF81E00207A0996C10717
:10C200004FF00201089608BF01218DF81C10C0F301
:10C21000430028E0207A297900F00104481EB0FA92
:10C2200080F0420902A9204608F0D2FB50B300205A
:10C230001821F9F7F4F8069002989DF80E106FF3A4
:10C240001F3040EA0130ADF81E0002A8EAF733FEC5
:10C25000CDE908010220002C08BF01209DF808103C
:10C260008DF81C0008098DF81D00EBF779FC06AE6F
:10C270000421002200230096EBF74FFCFF2040B280
:10C280000AB070BD0020FAE7704744F66C21C1F295
:10C2900000010A7902B17047C0B201EB8000016968
:10C2A0000029F8D08069084744F66C21C1F20001EA
:10C2B0000A79012A0DD1C0B201EBC00090F821101B
:10C2C000002908BF7047203041780139417041781A
:10C2D00001B170474068012110F07ABC7047704787
:10C2E00041F6EC7CC1F2000CDCF800C0BCF1000FA0
:10C2F00000D06047052838BF704780B5FEF7AAFD1B
:10C30000FEF7CAFDBDE88040FEE700002DE9F041E0
:10C3100084B044F6A034C1F20004607B002864D0ED
:10C3200041F61831C0F60601D1F800806069414637
:10C3300010F020FC002858D1F3F74EFC00214246B3
:10C340000027F3F766FCD8BB0DF10F008DF80F70D6
:10C350000297CDE90077A77308F082FE264616F80B
:10C36000340F6D467070307C96F8201070749DF814
:10C370000F0086F8211000F00101C0F34000307476
:10C380000120317086F820002846032108F084FE41
:10C390003078012808D155F8270006F108027060AE
:10C3A000F8B2072108F03EFE0137032F06F1100610
:10C3B000EED10120A073F3F70FFC0021F3F732FC5C
:10C3C0006069002110F004FCA07B01280DD1A06958
:10C3D000414610F0CFFBE06918B1216A09B1FBF7C3
:10C3E00049FCA069002110F0F3FB04B0BDE8F08126
:10C3F00080B5EBF7B5FB45F6620203A1C0F6060275
:10C40000BDE88040EBF7D0BB63616C6C6564205F76
:10C410007461736B776F726B65725F737461727442
:10C4200075702829000000007047B0B5044690F8E8
:10C43000AC01F0B194F8E70290B194F8B021204635
:10C440000021002500F0F0F894F8B02120460021EA
:10C4500000F046F984F8E452C4E9B655C4F8E05255
:10C4600094F8E60228B1EFF730FABDE8B040EFF7F4
:10C47000C2BAB0BD2DE9F04F85B04FF0000A00F50B
:10C48000E7790C460546C0F8C8A14846C621FF22F8
:10C49000D5F706FE95F8E50285F8CCA10028C5E998
:10C4A0006EAAC5F8C0A1C5F8C4A100F0BA8005F510
:10C4B000E670049005F5DC70039005F5DE700290DF
:10C4C00005F5E07005F5E47B019005F5E2704FF0AD
:10C4D00000080090D5F8D4025FFA88F63146E9F7F3
:10C4E0008BF8002800F09480074620463146EAF792
:10C4F000B6FD002800F08C80797801F00300022856
:10C5000023D0012840F08480C1F380000BEB400071
:10C51000C1F3C301EAF76AFDB878FD2838DC0228C8
:10C520004ED003285BD0042836D17878019AC0F326
:10C530008001C0F3C30041EA410109EB411100EB66
:10C54000400001EB4000868058E0B87806285FD1B3
:10C5500004980021EAF7A8FC0120A5F88E6285F86E
:10C56000920279780A1FD2B20B2A9EBF4FF0FF3099
:10C5700000EB910085F8920295F8B0114FF47A72B1
:10C580005143C5F8981285F894A285F895023FE0CA
:10C59000A0F1FE0102293BD37978C1F38002C1F3F7
:10C5A000C30142EA420209EB421201EB410102EBF4
:10C5B000410101EB400020F8046C7978009A1EE0FC
:10C5C0007878039AC0F38001C0F3C30041EA4101C7
:10C5D00009EB411100EB400021F810600EE0787883
:10C5E000029AC0F38001C0F3C30041EA410109EBA4
:10C5F000411100EB400001EB400046807978C1F327
:10C60000800002EB4000C1F3C301EAF7EFFC00BF7A
:10C6100008F1010895F8E5025FFA88F18142FFF41C
:10C6200059AF05B0BDE8F08F2DE9F04F83B0012977
:10C6300000F5D2714FF0000418BF2246019143F279
:10C640000251A0F8A4110DF10B01C0F8A81100F5DA
:10C65000E47900F5E27A4FF0400B01208DF80B20D1
:10C6600000900BF0FE00E1B240EA010B4FF0010830
:10C6700039F814005FFA88F63146EAF7ABFC3AF86D
:10C680001410074608463146EAF7A4FC012F08BFFC
:10C6900001280DD10BF0E10000EB480BEAF755F84B
:10C6A00025F0FF0141EA0B0501992A46EAF752FA03
:10C6B000B8F10E0F08F10108DAD300980124C00781
:10C6C0004FF00000CCD103B0BDE8F08F0021C0F2E4
:10C6D00003210840401AB0FA80F04009704700007A
:10C6E0002DE9F04F89B0B0F8C831079123B9B0F8FF
:10C6F000CA11002900F0948000218DF8221000F565
:10C70000D271069144F60271A0F8A4110DF1220134
:10C71000C0F8A81100F5DC71059100F5DE7100F597
:10C72000E47600F5E2780491019000F5E0704FF0B6
:10C73000400B01214FF000098DF82320039000BF2A
:10C7400002910BF0FE005FFA89F140EA010B4FF015
:10C75000010A00BF36F819005FFA8AF42146EAF7A9
:10C7600039FC38F81910054608462146EAF732FC2C
:10C77000012D08BF00283ED1079801284FF0000086
:10C780008DF8220029D10598214630F81900EAF7E2
:10C7900021FC012805D19DF8220040F002008DF80F
:10C7A00022000498214630F81900EAF713FC01280A
:10C7B00005D19DF8220040F008008DF82200039872
:10C7C000214630F81900EAF705FC012805D19DF84B
:10C7D000220040F004008DF822000BF0E10000EB95
:10C7E0004A0BE9F7B2FF27F0FF0141EA0B07069970
:10C7F0003A46EAF7AFF9BAF10E0F0AF1010AA9D3E6
:10C8000002994FF00109C9074FF000004FF00001F5
:10C8100096D1019AD2F8C811C2F8E002C2E9B61165
:10C8200009B0BDE8F08F00002DE9F0478CB041F26F
:10C83000E01A9146012AC1F2000A16D106460320E9
:10C840008AF80C00F2F76EFE9AF80C200421F2F739
:10C8500059FE9AF80200012811D141F2E010C1F20C
:10C8600000003146ECF7DEF909E005208AF80C00FB
:10C87000F2F758FE9AF80C200421F2F743FE00204C
:10C880000DF11008CAE95F00CAF884014046202172
:10C89000D5F738FCFEF70AF8FEF711F84CF6DD1173
:10C8A0000346C0F6040140465246E8F78AFBB9F158
:10C8B000010F1FD102208AF8880105202921F8F7ED
:10C8C000AEFDCAF878010AF5BC74EBF749F99AF89D
:10C8D000881145F68F03C0F6060300220094EBF79B
:10C8E0001CF99AF88A71002F6AD0DAF874110029BD
:10C8F00057D165E0B9F1000F62D1DAF89801002153
:10C90000E8F77AFED8B1DAF89801E8F70FFFC0B17E
:10C9100000260027002400BFDAF89801E1B2E8F70A
:10C920006BFE18B1C18800890E430743DAF89801FD
:10C930000134E5B2E8F7FAFE8542EDD303E0FF20CB
:10C9400048E000270026E8F7E4FFE8F7D9FF8188F0
:10C950004FF6FF725140C28803894089314027EA6F
:10C96000020241EA02411843CAE9601005202B2166
:10C970000AF5BC74F8F753FDCAF8780104208AF868
:10C980008801EBF7EDF89AF8881145F68F03C0F6A9
:10C99000060300220094EBF7C0F8DAF8741179B1BD
:10C9A000FF2743F62022C0F60602DAF87001D2E92A
:10C9B00000238AF8897101278DE88201F5F70AFDC5
:10C9C000DAF804202AB141F2E010C1F20000494631
:10C9D0009047002040B20CB0BDE8F08710B582B09F
:10C9E0000446EBF7BDF894F8881145F68F0304F57B
:10C9F000BC7CC0F606030022CDF800C0EBF78DF832
:10CA0000D4F87801F8F7F4FC2B2803D1E8F781FF7C
:10CA1000E9F7BAF894F88901FF2804D00138010633
:10CA200084F8890101D002B010BDD4F8700102B0C1
:10CA3000BDE81040F5F742BD70B544F69056C1F21E
:10CA400000060D46316904460846294601220023A6
:10CA5000F0F710F9A889F16910F4406F0ED0306931
:10CA600048224A80F0F7C8F8D6E907215060084606
:10CA700029464822D5F71EFA24200DE070691822B5
:10CA80004A80F0F7B9F8D6E90721506008462946F0
:10CA90001822D5F70FFA2620225AE068A169BDE8CE
:10CAA0007040F6F7D3B870B542F2B405C4B2C1F223
:10CAB000000505EB8406304650F8381F4A1C02D0AA
:10CAC0000139016009D029692046884705F15800DD
:10CAD0002146BDE87040EAF79BBAE96820468847DE
:10CAE00005F158002146EAF779FAB069BDE87040CF
:10CAF000F5F7E4BC4FF0FF3070474FF0FF30704760
:10CB00004FF0FF3070474FF0FF30704770B505466B
:10CB1000EEF77AFC04210C220123EEF77FFCA989B1
:10CB20000446052900F108060BD3EEF76DFCAA892F
:10CB300004210123EEF772FC2A6930603AB1696979
:10CB400003E02A692AB169693046904704E0A9895F
:10CB500000E03046D5F7B4FA204670BD10B58089A4
:10CB60000C46052804D3EEF74FFCA168EEF708FC4D
:10CB70000020C4E90000A060EEF746FC2146BDE8B5
:10CB80001040EEF7FDBB014640894FF6FF72904220
:10CB900009D0086A20B1426800230AB1136000E09E
:10CBA00000220A6270470846FFF7B0BFB0B50446DE
:10CBB00080890D46052801F1080028BF0068E16959
:10CBC00001B1884760894FF6FF71884207D0206A1B
:10CBD0000021C5E9001000B105602562B0BD204606
:10CBE0002946BDE8B040FFF7B9BF0021C0F20121DE
:10CBF0000840401AB0FA80F040097047F0B58DB097
:10CC000041F2C84514460646012AC1F2000512D178
:10CC100003202873F2F786FC2A7B0221F2F772FCCC
:10CC2000A87801280FD141F2C840C1F20000314676
:10CC3000EDF7E0FB07E005202873F2F773FC2A7B91
:10CC40000221F2F75FFC0020A5F87C01707A04AFA6
:10CC5000C0F3430100F0010041EA0020A5F87E0185
:10CC6000B088317A40BAF27940EA014040EA026085
:10CC700042F3C011C5E9600138462021D5F742FAD8
:10CC8000FDF714FEFDF71BFE4CF68D510346C0F672
:10CC9000040138462A46E8F794F9012C1DD10220F8
:10CCA00085F8880105200A21F8F7B9FBC5F8780155
:10CCB00005F5BC76EAF754FF95F8881145F62F0381
:10CCC000C0F6060300220096EAF727FF95F88A616E
:10CCD00076B3D5F87411E1B92AE04CBB05200B21DD
:10CCE000F8F79DFBC5F87801042005F5BC7685F8BA
:10CCF0008801EAF735FF95F8881145F62F03C0F64D
:10CD0000060300220096EAF708FFD5F8741179B1FE
:10CD1000FF2643F62022C0F60602D5F87001D2E9BC
:10CD2000002385F8896101268DE8C200F5F752FBE2
:10CD30006A682AB141F2C840C1F20000214690471A
:10CD400000200DB0F0BD000080B586B00020CDE918
:10CD50000400CDE9020004200221F8F760FB0290F4
:10CD6000EAF7FEFE0DF1080C04A204210023CDF821
:10CD700000C0EAF7D2FE06B080BD00BF6D616973E6
:10CD80002074696D656F75740000000010B582B085
:10CD90000446EAF7E5FE94F8881145F62F0304F5FA
:10CDA000BC7CC0F606030022CDF800C0EAF7B5FE51
:10CDB000D4F87801F8F71CFB0B2803D1E8F7A9FD9C
:10CDC000E8F7E2FE94F88901FF2804D00138010653
:10CDD00084F8890101D002B010BDD4F8700102B00E
:10CDE000BDE81040F5F76ABB2DE9F04387B042F289
:10CDF0006006C1F2000614468946D6E911210746AD
:10CE000010469846FDF781FF03301CD1B06C44F604
:10CE1000D351C1F26201A0FB010100200522890962
:10CE2000CDE904000292ADF80E10ADF80C00EAF75F
:10CE300097FE45F2C96302AD3AA2C0F6060305218A
:10CE40000095EAF76AFE082F40D8DFE807F00518DA
:10CE5000243F353F3F3F050009F10700B6F8401079
:10CE6000C20802FB0410336BB0EBD30F2ED8736BE8
:10CE7000624303EBC107A6F84000D00030E0728F98
:10CE8000B06904FB0921814220D8F36904FB09F051
:10CE90009F18718724E009F10100B18F420802FB5D
:10CEA0000410336AB0EB530F10D8736A624303EB7C
:10CEB0004107B087500013E009F10300F18F8208A9
:10CEC00002FB0410B36AB0EB930F03D9706CFDF74B
:10CED0000FFF0BE0F36A624303EB8107F0879000DA
:10CEE000C8F80000706CFDF703FFB7B904200027F5
:10CEF000029004FB09F0CDE90477ADF80E00ADF81F
:10CF00000C70EAF72DFE45F2C96302AE11A2C0F61D
:10CF1000060305210096EAF700FE384607B0BDE893
:10CF2000F08300BF735F656F5F6D656D706F6F6CD1
:10CF30005F6765745F73746174696328293A206D53
:10CF4000757465785F74616B65282920746F7574DA
:10CF500000000000735F656F5F6D656D706F6F6CD3
:10CF60005F6765745F73746174696328293A206E22
:10CF70006F206D6F7265206D656D0000002900F0F7
:10CF8000AC802DE9F04186B041F28866C1F200061E
:10CF9000707A002800F09E800C4608460121EAF7CE
:10CFA0000EF841F618380128C0F6060814D1D8F852
:10CFB0000050F2F711FE00212A46F2F72AFE58B976
:10CFC000707D69468DF80000002008F0DFF9F2F767
:10CFD00003FE0021F2F726FE20460221E9F7EFFFCB
:10CFE00001285ED1D8F8005000270297CDE90077DC
:10CFF000F2F7F2FD00212A46F2F70BFE48B1EAF7FC
:10D00000AFFD45F6850235A1C0F60602EAF7CCFD74
:10D0100047E00DF1160105AA0DF112030020B772C9
:10D02000ADF81670ADF81470ADF8127008F008FA8B
:10D0300038B10020B072F2F7CFFD0021F2F7F2FD17
:10D040002FE0FDF707FFFDF713FF01900020BDF86B
:10D0500016108DF80000BDF81400ADF80A10BDF8E8
:10D060001210ADF80C000120ADF80E10B072F2F7FE
:10D07000B3FD0021F2F7D6FD706829460FF07AFD66
:10D0800078B93068F6F728FA012802D13068F6F747
:10D0900001FB30686946F6F726FB706803210FF044
:10D0A00097FD20460421E9F78AFF012812D1D8F81C
:10D0B0000040F2F791FD002122460024F2F7A9FD7D
:10D0C00040B9002008F02EF97472F2F785FD0021B6
:10D0D000F2F7A8FD06B0BDE8F0417047693263334E
:10D0E00020697320627573790000000080B5EAF74B
:10D0F00037FD45F6850203A1C0F60602BDE8804073
:10D10000EAF752BD63616C6C6564205F7461736B98
:10D11000776F726B65725F737461727475702829B2
:10D1200000000000A1B102290DD043F62821C0F66D
:10D13000060109680368994205D10169897801F0FF
:10D14000FE01022904D10169CB680BB111461847D1
:10D15000704700002DE9F04F91B093460D4604460C
:10D1600031B92046594600F06BF80546002864D0D6
:10D17000287B012861D05846FAF768FF18B10246AB
:10D18000206829699047012028730AA81C21D4F738
:10D19000B9FF688994F80480089020680595079085
:10D1A00094F82000032804D0022806D104F10C00D2
:10D1B00001E005F11400006800E0002009900898E3
:10D1C000D8B30026069400BF94F82000042806D1A6
:10D1D0000598B1B28069F6F73DF9006809904046BC
:10D1E00059463246FAF7D0FF0546013021D0404675
:10D1F0002946FDF72CFA04465846FDF71AFA8146EF
:10D2000040462946FDF7ACFA824640462946FDF7DE
:10D2100047FA8DE820060AAF0799099D0390384622
:10D2200042462346069C0495EFF74DFD3846EFF73E
:10D23000F3FC08980136B042C6D111B0BDE8F08FBA
:10D2400007290FD800EB4101098A4FF6FF7291427E
:10D2500008D080B58068F6F7FDF8002814BF006894
:10D26000002080BD002070472DE9F04182B00546C6
:10D27000887AAF7F904678400A7A4B7A00F01F0098
:10D28000B0FA80F052EA03074FEA501006D02F7F21
:10D290006E7F7A4073401A4318BF00204A798B7919
:10D2A00052EA030702D1CB795BB100236F7EAE7ED9
:10D2B0007A407340EC7E1A4318BF0020C979A1421E
:10D2C00003D110B1012600271EE0042085F8880153
:10D2D00000260520472105F5BC77A5F87E61C5E944
:10D2E0006066F8F79CF8C5F87801A5F87C61EAF764
:10D2F00037FC95F8881145F6BA03C0F606030022FC
:10D300000097EAF70AFC0127B8F1000F02D028467F
:10D310003146C047784202B0BDE8F08170B582B0B6
:10D32000044690F8AC01E8B145F202300026A4F8BA
:10D33000A4010DF107008DF8076004F5D275C4F85B
:10D34000A801E9F702FAD4F8B4212946E9F756FB17
:10D350004FF48070A4F8D401C4F8C261C4F8C66167
:10D36000C4F8CC6102B070BD0021C0F205210840B4
:10D37000401AB0FA80F04009704700002DE9F047EC
:10D380008CB091460646EAF7EBFB45F6BA0277A168
:10D39000C0F60602EAF708FC41F2A86AB9F1010FEB
:10D3A000C1F2000A15D103208AF80C00F2F7BAF88E
:10D3B0009AF80C200721F2F7A5F89AF80200012844
:10D3C00011D141F2A860C1F200003146F0F76EF8C9
:10D3D00009E005208AF80C00F2F7A4F89AF80C206E
:10D3E0000721F2F78FF80020AAF87C01B07A0DF13E
:10D3F0001008C0F3430100F0010041EA0020AAF840
:10D400007E01B6F80500717A40BA327A40EA0140EE
:10D4100040EA026042F3C011CAE96001404620219F
:10D42000D4F770FEFDF742FAFDF749FA4DF2995133
:10D430000346C0F6040140465246E7F7C2FDB9F183
:10D44000010F1FD102208AF8880105204521F7F736
:10D45000E6FFCAF878010AF5BC74EAF781FB9AF88E
:10D46000881145F6BA03C0F6060300220094EAF7D5
:10D4700054FB9AF88A71002F6AD0DAF874110029E7
:10D4800057D165E0B9F1000F62D1DAF898010021B7
:10D49000E8F7B2F8D8B1DAF89801E8F747F9C0B17F
:10D4A00000260027002400BFDAF89801E1B2E8F76F
:10D4B000A3F818B1C18800890E430743DAF8980130
:10D4C0000134E5B2E8F732F98542EDD303E0FF20FD
:10D4D00048E000270026E8F71CFAE8F711FA8188EF
:10D4E0004FF6FF725140C28803894089314027EAD4
:10D4F000020241EA02411843CAE9601005204621B0
:10D500000AF5BC74F7F78BFFCAF8780104208AF893
:10D510008801EAF725FB9AF8881145F6BA03C0F6A8
:10D52000060300220094EAF7F8FADAF8741179B1E8
:10D53000FF2743F62022C0F60602DAF87001D2E98E
:10D5400000238AF8897101278DE88201F4F742FFF0
:10D55000DAF804202AB141F2A860C1F2000049467D
:10D560009047002040B20CB0BDE8F08763616C6C5E
:10D5700065643A20735F656F5F706F735F6F6E7382
:10D58000746F705F7365617263683463616E626F3C
:10D59000617264732829000010B582B00446EAF76E
:10D5A000DFFA94F8881145F6BA0304F5BC7CC0F69E
:10D5B00006030022CDF800C0EAF7AFFAD4F87801EC
:10D5C000F7F716FF462803D1E8F7A3F9E8F7DCFAE6
:10D5D00094F88901FF2804D00138010684F88901F4
:10D5E00001D002B010BDD4F8700102B0BDE8104007
:10D5F000F4F764BF2DE9F04182B09046054601F191
:10D600000902012000230027EC19D65D647F013751
:10D610006640F60618BF1846032FF5D1CA790B7A73
:10D6200052EA030706D0EF7E2E7F7A4073401A43FA
:10D6300018BF00200A794B7952EA030702D18B798F
:10D640005BB100232F7E6E7E7A407340AC7E1A431E
:10D6500018BF00208979A14205D1C0B2012802D1AA
:10D66000012600271EE0042085F8880100260520F9
:10D67000362105F5BC77A5F87E61C5E96066F7F748
:10D68000CEFEC5F87801A5F87C61EAF769FA95F84D
:10D69000881145F6B103C0F6060300220097EAF7A9
:10D6A0003CFA0127B8F1000F02D028463146C047A6
:10D6B000784202B0BDE8F08170B582B0044690F8BF
:10D6C000AC01E8B145F202300026A4F8A4010DF146
:10D6D00007008DF8076004F5D275C4F8A801E9F7D2
:10D6E00034F8D4F8B4212946E9F788F94FF480706A
:10D6F000A4F8D401C4F8C261C4F8C661C4F8CC610E
:10D7000002B070BD00F00170A0F10170B0FA80F0BD
:10D71000400970472DE9F0478CB091460646EAF77C
:10D720001FFA45F6B10276A1C0F60602EAF73CFA06
:10D7300041F6800AB9F1010FC1F2000A15D10320A8
:10D740008AF80C00F1F7EEFE9AF80C200621F1F7AA
:10D75000D9FE9AF80200012811D141F68000C1F2E9
:10D7600000003146F0F72CFD09E005208AF80C0096
:10D77000F1F7D8FE9AF80C200621F1F7C3FE00203D
:10D78000AAF87C01707A0DF11008C0F3430100F093
:10D79000010041EA0020AAF87E01B088317A40BA3F
:10D7A000F27940EA014040EA026042F3C011CAE95E
:10D7B000600140462021D4F7A5FCFDF777F8FDF77E
:10D7C0007EF84DF62D110346C0F604014046524640
:10D7D000E7F7F7FBB9F1010F1FD102208AF88801A2
:10D7E00005203421F7F71BFECAF878010AF5BC744E
:10D7F000EAF7B6F99AF8881145F6B103C0F60603C0
:10D8000000220094EAF789F99AF88A71002F69D00A
:10D81000DAF87411002956D164E0B9F1000F61D132
:10D82000DAF898010021E7F7E7FED0B1DAF89801BD
:10D83000E7F77CFFB8B1002600270024DAF898014A
:10D84000E1B2E7F7D9FE18B1C18800890E4307435A
:10D85000DAF898010134E5B2E7F768FF8542EDD3C5
:10D8600003E0FF2048E000270026E8F752F8E8F739
:10D8700047F881884FF6FF725140C288038940897A
:10D88000314027EA020241EA02411843CAE9601026
:10D89000052035210AF5BC74F7F7C1FDCAF87801F7
:10D8A00004208AF88801EAF75BF99AF8881145F6AE
:10D8B000B103C0F6060300220094EAF72EF9DAF865
:10D8C000741179B1FF2743F62022C0F60602DAF878
:10D8D0007001D2E900238AF8897101278DE882015D
:10D8E000F4F778FDDAF804202AB141F68000C1F29D
:10D8F000000049469047002040B20CB0BDE8F087D8
:10D9000063616C6C65643A20735F656F5F7073630D
:10D910005F6F6E73746F705F736561726368346399
:10D92000616E626F617264732829000010B582B065
:10D930000446EAF715F994F8881145F6B10304F5A1
:10D94000BC7CC0F606030022CDF800C0EAF7E5F87B
:10D95000D4F87801F7F74CFD352803D1E7F7D9FF64
:10D96000E8F712F994F88901FF2804D0013801067C
:10D9700084F8890101D002B010BDD4F8700102B062
:10D98000BDE81040F4F79ABD2DE9F04381B004469C
:10D99000407898B301208DF8030040F20270A4F89B
:10D9A000A40194F8B0010DF10301C4F8A81128B343
:10D9B00004F5D27904F5D6774FF00008002500BFB2
:10D9C00007EB85018969B1B17A5DA2B10A7892B19C
:10D9D00081F80080EAB2032000210023FAF75EFA02
:10D9E0000646E8F7B2FE49463246E9F707F807F877
:10D9F000058094F8B00101358542E1D301B0BDE85E
:10DA0000F08300F0407000F17D40B0FA80F04009F2
:10DA10007047F0B58DB041F65825C1F20005D5F834
:10DA200098110646084600211446E7F7E5FDA8B11F
:10DA30000746012C14D103202873F1F773FD2A7BCC
:10DA40000321F1F75FFDA878012811D141F6582094
:10DA5000C1F200003146F2F77FF909E0FF209DE0B6
:10DA600005202873F1F75EFD2A7B0321F1F74AFDBB
:10DA70000020A5F87C01B07AA5F87E01B6F8050073
:10DA8000717A40BA327A40EA0140110640EA0260F7
:10DA9000FA883B8942EAE17141EA034104AEC5E9F3
:10DAA000600130462021D4F72DFBFCF7FFFEFCF788
:10DAB00006FF4DF6A3310346C0F6040130462A4660
:10DAC000E7F77FFA012C1ED1022085F88801052096
:10DAD0000521F7F7A4FCC5F8780105F5BC77EAF74E
:10DAE0003FF895F8881145F64503C0F60603002275
:10DAF0000097EAF712F895F88A71002F45D0D5F80B
:10DB0000741191BB41E0002C3FD1E7F702FFE7F72A
:10DB1000F7FE82884FF6FF73F9885A403B89C78821
:10DB2000114023EA07020389408941EA0241184370
:10DB3000C5E960100520072105F5BC77F7F76FFCF4
:10DB4000C5F87801042085F88801EAF709F895F806
:10DB5000881145F64503C0F6060300220097E9F751
:10DB6000DCFFD5F8741181B1FF2743F62022C0F6FF
:10DB70000602D5F87001D2E9002385F889710127E2
:10DB8000CDE900170296F4F725FC6A682AB141F640
:10DB90005820C1F2000021469047002040B20DB04D
:10DBA000F0BD10B582B00446E9F7DAFF94F88811A9
:10DBB00045F6450304F5BC7CC0F606030022CDF80B
:10DBC00000C0E9F7AAFFD4F87801F7F711FC07289D
:10DBD00003D1E7F79EFEE7F7D7FF94F88901FF2806
:10DBE00004D00138010684F8890101D002B010BDCB
:10DBF000D4F8700102B0BDE81040F4F75FBC10B576
:10DC00000446FCF7B8FF21461022BDE81040FCF79F
:10DC10009ABFC0F340607047F0B58DB041F6304513
:10DC200014460646012AC1F2000512D103202873CA
:10DC3000F1F778FC2A7B0121F1F764FCA878012830
:10DC40000FD141F63040C1F200003146F3F711FA2E
:10DC500007E005202873F1F765FC2A7B0121F1F725
:10DC600051FC0020A5F87C01B07A0122C0F34301E9
:10DC700000F0010041EA0020A5F87E013079317AF8
:10DC80000C2808BF0222080642EAE070B6F8052018
:10DC9000737A52BA42EA034242EA016104AFC5E92B
:10DCA000601038462021D4F72DFAFCF7FFFDFCF771
:10DCB00006FE4DF6A5610346C0F6040138462A4625
:10DCC000E7F77FF9012C1DD1022085F88801052096
:10DCD0000821F7F7A4FBC5F8780105F5BC76E9F74C
:10DCE0003FFF95F8881145F63903C0F60603002278
:10DCF0000096E9F712FF95F88A6176B3D5F87411AA
:10DD0000E1B92AE04CBB05200921F7F788FBC5F8EB
:10DD10007801042005F5BC7685F88801E9F720FF35
:10DD200095F8881145F63903C0F6060300220096DF
:10DD3000E9F7F3FED5F8741179B1FF2643F62022F6
:10DD4000C0F60602D5F87001D2E9002385F8896192
:10DD500001268DE8C200F4F73DFB6A682AB141F65E
:10DD60003040C1F200002146904700200DB0F0BDC8
:10DD7000B0B588B041F63045C1F20005D5F8B41110
:10DD800000295AD0447A00F10A0201F10800214624
:10DD90000123E7F7FFFB287801284ED1042C13D884
:10DDA000601C8DF8080041F60200A5F8A40102A845
:10DDB00005F5D274C5F8A801E8F7C7FCD5F8AC2181
:10DDC0002146E8F77EFE38E0D5F8B02132B141F6C1
:10DDD0003040C1F20000012190472EE043F6482078
:10DDE000C0F6060090E82E00D0E904400DF1080CC2
:10DDF000CDE9064004208CE82E008DF809001020A3
:10DE0000ADF80A0002200021002203230024FAF7C3
:10DE100045F8CDE90304F7F7CAFB02A9F7F7F5FDCA
:10DE200058B1E9F79DFE42F62065C0F6060504A24A
:10DE3000042100230095E9F770FE08B0B0BD00BFD3
:10DE400063616E6E6F74207369673C73747261698D
:10DE50006E2E66756C6C7363616C653E000000002D
:10DE600080B586B00020CDE90400CDE90200042091
:10DE70000321F7F7D4FA0290E9F772FE0DF1080CCE
:10DE800004A204210023CDF800C0E9F746FE06B045
:10DE900080BD00BF73747261696E2074696D656FB7
:10DEA0007574000010B582B00446E9F759FE94F885
:10DEB000881145F6390304F5BC7CC0F60603002240
:10DEC000CDF800C0E9F729FED4F87801F7F790FA09
:10DED000092803D1E7F71DFDE7F756FE94F88901FD
:10DEE000FF2804D00138010684F8890101D002B06E
:10DEF00010BDD4F8700102B0BDE81040F4F7DEBAEE
:10DF0000B0B5044690F8AC0170B194F8B021204649
:10DF10000021002500F03AF84FF47A7084F8F051AF
:10DF2000C4E97855C4E97A50B0BD00002DE9F04746
:10DF30008246D0F8DC018846E7F7F8FB0646002069
:10DF4000CAF8B40106B30AF5DA790024DAF8DC017C
:10DF5000E5B22946E7F750FB90B10746404629460F
:10DF6000E9F77DF860B1797801F00300012807D165
:10DF7000C1F3800009EB4000C1F3C301E9F736F8B3
:10DF80000134E0B2B042E1D3BDE8F0872DE9F047BB
:10DF900082B001294FF0000108BF11468DF807102B
:10DFA00041F288314FF47A7312FB0311C0F8EC117F
:10DFB00043F60221002600F5D278A0F8A4110DF155
:10DFC000070100F5DA7A40244FF00109C0F8A811E2
:10DFD00004F0FE00F1B240EA010401273AF816000D
:10DFE000F9B2E8F7F7FF01280DD104F0E10000EBEA
:10DFF0004704E8F7AAFB25F0FF0141EA0405414682
:10E000002A46E8F7A7FD0E2F07F10107E6D3012600
:10E010005FEAC9704FF00009DAD102B0BDE8F087BD
:10E020000021C0F202210840401AB0FA80F04009F5
:10E03000704700002DE9F0478CB041F6F05A914648
:10E04000012AC1F2000A16D1064603208AF80C0004
:10E05000F1F768FA9AF80C200521F1F753FA9AF8CB
:10E060000200012811D141F6F050C1F20000314602
:10E07000F3F7A0FB09E005208AF80C00F1F752FA4B
:10E080009AF80C200521F1F73DFA00200DF1100857
:10E09000CAE95F00CAF8840140462021D4F732F86B
:10E0A000FCF704FCFCF70BFC4EF2E9110346C0F64A
:10E0B000040140465246E6F784FFB9F1010F1FD133
:10E0C00002208AF8880105202E21F7F7A8F9CAF85E
:10E0D00078010AF5BC74E9F743FD9AF8881145F612
:10E0E0009F03C0F6060300220094E9F716FD9AF894
:10E0F0008A71002F6AD0DAF87411002957D165E0CF
:10E10000B9F1000F62D1DAF898010021E7F774FA4B
:10E11000D8B1DAF89801E7F709FBC0B1002600276B
:10E12000002400BFDAF89801E1B2E7F765FA18B108
:10E13000C18800890E430743DAF898010134E5B23B
:10E14000E7F7F4FA8542EDD303E0FF2048E000272B
:10E150000026E7F7DEFBE7F7D3FB81884FF6FF7277
:10E160005140C28803894089314027EA020241EACE
:10E1700002411843CAE96010052030210AF5BC7439
:10E18000F7F74DF9CAF8780104208AF88801E9F711
:10E19000E7FC9AF8881145F69F03C0F606030022B3
:10E1A0000094E9F7BAFCDAF8741179B1FF2743F665
:10E1B0002022C0F60602DAF87001D2E900238AF8BC
:10E1C000897101278DE88201F4F704F9DAF8042057
:10E1D0002AB141F6F050C1F20000494690470020B4
:10E1E00040B20CB0BDE8F08710B582B00446E9F744
:10E1F000B7FC94F8881145F69F0304F5BC7CC0F683
:10E2000006030022CDF800C0E9F787FCD4F87801B6
:10E21000F7F7EEF8302803D1E7F77BFBE7F7B4FC1C
:10E2200094F88901FF2804D00138010684F8890197
:10E2300001D002B010BDD4F8700102B0BDE81040AA
:10E24000F4F73CB92DE9F0410646C0688846F0F77E
:10E250003FFF316904460846F0F73AFF7169074607
:10E260000846F0F735FF05463819E84202D1002488
:10E27000002010E0684287420CD0D6E92A01032230
:10E280000023D3F70DFA012A09D0022A02D17069BE
:10E290002C4600E0F068A8F80040BDE8F081306945
:10E2A0003C46F8E770B50546084614460E46F9F7B1
:10E2B000EBFD012804D13046F9F7E8FD022804D12E
:10E2C000082000212170285870BD3046F9F7E1FD83
:10E2D000042802D20C200121F4E73046F9F7D9FDD9
:10E2E000032108284FF0140038BF022138BF102046
:10E2F000E8E7426A4B6A9A4218BF704789884288A9
:10E30000511A4180704770B505466A88406A0C46CC
:10E310001146F1F708F869780646C90705D006F1F5
:10E32000080105F10800EEF7C7FCE8884FF6FF7119
:10E33000884208BF70BDD4E91612331831505A60B4
:10E3400070BD0000B0B5B0F89CC0B0F89E30B0F819
:10E35000A040B0F8A2E003290AD8DFE801F00208E3
:10E360000406944404E0144402E0964400E013449C
:10E3700099B2A2B2914288BF0A461FFA8EF18A4230
:10E3800098BF0A4612FA8CF1B0F8A62000209142FC
:10E3900098BF0120B0BD000003291AD8DFE801F0C2
:10E3A0000214080EB0F89C101144A0F89C1010E064
:10E3B000B0F8A0101144A0F8A0100AE0B0F8A21024
:10E3C0001144A0F8A21004E0B0F89E101144A0F887
:10E3D0009E10B0F89E10B0F8A020B0F8A230914284
:10E3E00088BF0A46B0F89C109A4298BF1A4611445A
:10E3F000A0F8A410704700694968401A18BF4FF090
:10E40000FF3070472DE9F0438BB00446E8B10E466B
:10E41000D9B143F63C20C0F60600D0F8009018466B
:10E4200049461F469046FCF770FC4046F0F772FDE7
:10E4300005463846FCF75CFC65B1A06A716802AA23
:10E44000EEF70AFE68B1032005E00CB10120E06799
:10E45000FE2502E00220E067FF2568B20BB0BDE8B0
:10E46000F08302A8EEF722FC717870800846F0F77E
:10E47000C9FC01281BD17078002101220025F0F78A
:10E4800087FCC0B1B068B8B9E9F76AFB42F620670B
:10E4900046F6141245F6FC03C0F60607C0F606025F
:10E4A000C0F6060304210097E9F737FBD4E7002004
:10E4B000B060708000E0B560E06E4946FCF725FC76
:10E4C000D4E908300DF12A0502A932460095E6F795
:10E4D00039FF30B10546E06E0421E167FCF708FC26
:10E4E000BBE738464946FCF710FC216A0DF12600CF
:10E4F00000900AAB404600224FF00009F0F748FDBB
:10E5000005463846FCF7F4FBE06EFCF7F1FB9DB1E5
:10E51000BDF82800BDF82610ADF80690C4E920012A
:10E520000DF106014046F0F7E8FCBDF80600C4F81E
:10E5300088000520E06790E73078800617D5E06A0C
:10E54000A8B13146E8F78FFD88B1E9F709FB42F63B
:10E55000206746F6611245F6FC03C0F60607C0F6D2
:10E560000602C0F6060304210097E9F7D6FA002553
:10E5700073E770B50978044602F001001E2202EA32
:10E58000D101084440EA4315E7F7B9FEE9B2012298
:10E590002346E7F7F2FDFF280CD00546049EFE2037
:10E5A000012122462B46FAF7F9F8002E08BF70BD6C
:10E5B000357070BD002070BD70B5144602781E2302
:10E5C00001F00101007A03EAD2021144202202EA9A
:10E5D00090000D18E7F793FE29460122002300263C
:10E5E000E7F7CBFDFF2809D00546FE2001210022D8
:10E5F0002B46FAF7D3F8064604B12570304670BDB5
:10E6000030B144F66870C1F200004068FCF7BEBD4E
:10E610006FF00100704770472DE9F0439DB04CF258
:10E620009C110DF11409C0F6060148464122D3F7AA
:10E63000C8FCE9F795FA45F64868C0F60608494669
:10E640004246E9F7B1FA4CF2E011C0F6060148463D
:10E650004A22D3F7B6FCE9F783FA49464246E9F77E
:10E66000A3FA1B480DF1040C009019A0031D0069CA
:10E670000ECB049068468CE80E00EBF7A3FBF7F78F
:10E6800008FB2830F6F79CFF164806AC059015A04D
:10E6900000F1040E9EE86E50076A6EC400F1240675
:10E6A0004ECED0E90D5490F83C00CDE90D710FA984
:10E6B000CDE90BCE4CC1129513948DF85000E9F7BB
:10E6C0004FFA49464246E9F76FFA1DB0BDE8F083BC
:10E6D0003F00000001560508CD560508855605087F
:10E6E000155705087175697474696E6720746865DB
:10E6F00020757365722D646566696E656420667544
:10E700006E6374696F6E20735F656F6D5F656D73A7
:10E710006170706C5F6D61696E5F696E69742829E4
:10E7200000000000B0B50446007D0D4610B1206920
:10E73000A8420FD0002020752561F8F77FFD44F630
:10E740004032C0F24C022946F8F774FF00B1B0BD68
:10E75000012020750020B0BDF8B1B0B582B001A98C
:10E760000DF102020446EEF7F6FC40F6C875C1F260
:10E770000005287D019910B12869814206D040F634
:10E78000C870C1F20000FFF7CDFF18B968682146D4
:10E79000F2F7C8FA02B0BDE8B04070472DE9F04189
:10E7A00082B040F6C8748046C1F2000400200E46D4
:10E7B000D4E902570190ADF8020008460221E8F7BB
:10E7C000FEFB012806D13846FFF7C6FF206B00216B
:10E7D0000EF0FEF930460121E8F7F1FB012824D1C3
:10E7E00043F64021C0F6060160680A682946F2F740
:10E7F00029F970B9F7F796FB2946F7F7D2FB40B92C
:10E80000F7F790FB01A9F7F796FB10B90198FFF70E
:10E81000A3FF60680DF10201F2F7C8FABDF802002B
:10E8200018B140460121F9F725FA02B0BDE8F081A0
:10E83000B0B58CB004AD044628462021D3F762FC65
:10E84000284601212246E6F7C8FB40F6C871C1F20E
:10E8500000014868898C002403220023CDE900458B
:10E860000294F2F7B5F9E9F77BF945F2BF7203A11B
:10E87000C0F60602E9F798F90CB0B0BD63616C6CA4
:10E880006564205F7461736B5F737461727475701B
:10E890002829000070B588B00C4605460020CDE957
:10E8A0000600ADF81600ADF81400ADF812000390A4
:10E8B000029029B944F23070C1F20000F7F728FC49
:10E8C00020461021E8F77BFB012805D144F2307087
:10E8D000C1F20000F7F71BFC20460421E8F76FFBAC
:10E8E000012807D1F6F763FE012108B0BDE87040AA
:10E8F000F7F75FB820460221E8F761FB012819D13C
:10E90000F8F772FB06A90DF112020023F8F717FBC6
:10E9100020B1F8F769FBF7F713FC0BE0BDF8120024
:10E9200040B1F8F702FA069944F64032C0F24C02C0
:10E93000F8F7DFFA20460121E8F741FB012843D12F
:10E9400044F23076C1F200060020ADF80600ADF8C2
:10E950000400ADF80200B080F8F7E7F907A90DF15F
:10E960001602F8F79EFA78B9F8F73EFB079905AA60
:10E9700002ABF8F7C2FB20B1F8F736FBF7F7E0FB84
:10E9800002E0BDF81400B08044F23070C1F2000023
:10E99000F7F7BCFBF8F728FB0DF1060101AA0DF112
:10E9A0000203F8F79FFBBDF80600BDF80410C8424B
:10E9B00003D028460221F9F75DF9BDF8160018B119
:10E9C00028460121F9F756F920462021E8F7F7FA01
:10E9D000012805D144F23070C1F20000F7F799FB2D
:10E9E00020464021E8F7EBFA012805D144F23070C7
:10E9F000C1F20000F7F794FB20468021E8F7DFFA28
:10EA0000012805D144F23070C1F20000F7F78FFB06
:10EA100020464FF48071E8F7D2FA012805D144F27C
:10EA20003070C1F20000F7F789FB20460821E8F7B3
:10EA3000C6FA012804D1F6F7BAFD0021F6F7B9FFAE
:10EA400008B070BD80B5E9F78BF845F2D17203A12B
:10EA5000C0F60602BDE88040E9F7A6B863616C6CB9
:10EA60006564205F7461736B5F7374617274757039
:10EA700028290000F0B585B040F6FC770446C1F2C5
:10EA800000070020BD680290ADF80600084601218D
:10EA9000E8F795FA012842D143F64021C0F6060175
:10EAA00078680A682946F1F7CDFF60BBF7F7FEFBEF
:10EAB0002946F7F75BFC30BBF7F7F8FB02A9F7F73D
:10EAC000FEFB00BB029DF5B104A90DF10E02284624
:10EAD000EEF741FB387D049E10B1386986420ED0B6
:10EAE000002038753E61F8F7A9FB44F64032C0F2C9
:10EAF0004C023146F8F79EFD28B901203875786838
:10EB00002946F2F70FF978680DF10601F2F74EF990
:10EB1000BDF8060018B120460121F9F7ABF805B0A1
:10EB2000F0BD0000B0B58CB004AD044628462021ED
:10EB3000D3F7E8FA284601212246E6F74EFA40F6D6
:10EB4000FC71C1F200014868898C00240322002373
:10EB5000CDE900450294F2F73BF8E9F701F845F2F8
:10EB6000E77203A1C0F60602E9F71EF80CB0B0BDCB
:10EB700063616C6C6564205F7461736B5F73746157
:10EB800072747570282900002DE9F04194B0054693
:10EB900000200C46CDE91200ADF84600ADF8440067
:10EBA000ADF84200CDE90E0008464FF08071E8F75D
:10EBB00006FA44F258780128C1F2000817D144F649
:10EBC0007070C1F2000001684746013157F8106FBC
:10EBD0000160E8F7C5FF45F602030421C0F606030D
:10EBE0000022092E08BF01210097E8F796FF204672
:10EBF0004FF00051E8F7E3F9012814D1F8F7F4F9E0
:10EC000012A90DF142020023F8F799F958B9BDF89D
:10EC1000420040B1F8F789F8129944F64032C0F248
:10EC20004C02F8F766F920460121E8F7C8F90128F7
:10EC300036D10020ADF81000ADF83600ADF8340044
:10EC4000F8F773F813A90DF14602F8F72AF968B935
:10EC5000F8F7CAF9139911AA0EABF8F74EFA1399FF
:10EC600044F25870C1F20000F7F7F3FCF8F7BCF972
:10EC700004A90DF136020DABF8F734FABDF8100017
:10EC8000BDF83610C84204D028464FF00051F8F7BE
:10EC9000F1FFBDF8460018B128460121F8F7EAFF58
:10ECA00020464FF08041E8F78AF9012824D1D8F8AE
:10ECB0000400F3F70EFB01281ED004AD28462021E6
:10ECC000D3F720FAD8F8002028464FF08071E6F7F5
:10ECD00084F943F62021C0F60601D1E9002343F66A
:10ECE0003821C0F60601D8F8040009680127CDE9EB
:10ECF00000170295F3F76EFB20460221E8F75FF953
:10ED0000012802D10220F7F7A5FC20460421E8F7EC
:10ED100056F9012802D10420F7F79CFC14B0BDE895
:10ED2000F081000080B5E8F71BFF45F6020203A161
:10ED3000C0F60602BDE88040E8F736BF63616C6C40
:10ED40006564205F7461736B5F7374617274757056
:10ED50002829000080B500200EF0BAF818B1BDE8EF
:10ED600080400EF087B8002080BDF0B581B090B330
:10ED70000E4691B341F6183144F6B077C0F606015D
:10ED8000C1F200070C683869214615460DF0C4FE33
:10ED90004FF6E850388348F2A060C0F20100C7E99E
:10EDA00007600020B875C7E90A00386801213D6393
:10EDB000397518B178680421F8F75CFF786B214643
:10EDC0000DF0D8FEB87D441E386918BF6FF00204FC
:10EDD0000DF080FE02E0FE2400E0FF2460B201B0EE
:10EDE000F0BD000070B110B582B0102A0CD044F60E
:10EDF000B070C1F20000022A2BD140680221F8F75E
:10EE000041FF2DE0FE202FE044F6B07441F61832A9
:10EE1000C1F20004C0F60602A06C126800230DF0D7
:10EE200071FDC8B144F29C50C1F20000416801314B
:10EE30004160E8F795FE42F6206445F27073C0F633
:10EE400006040AA2C0F6060303210094E8F765FE53
:10EE500006E04068114601E060681021F8F70AFFFB
:10EE6000002002B0BDE8104040B27047735F656F8C
:10EE70006D5F69706E65745F416C65727428293AC4
:10EE80002063616E742070757420696E2074782020
:10EE90006669666F000000002DE9F04182B000282D
:10EEA0004FF0FE0571D00C4600296ED00646204674
:10EEB000F1F779FD0546E8F753FEB5FA85F142F61C
:10EEC000206845F270734909C0F6060831A2C0F601
:10EED0000603CDF80080E8F719FE41F6183144F634
:10EEE000B077C0F60601C1F200070D6838692946FF
:10EEF0000DF012FEB06918B1EBF743F9012801D10A
:10EF0000FF253FE02068416941BB807C012825D175
:10EF100043F63C21C0F6060160680A680DF106015F
:10EF2000E9F712FC9DF8060000210130C0B20DF097
:10EF300071FE21684861E8F713FE216846F2E50298
:10EF4000496945F27073C0F60602C0F6060300294F
:10EF500018BF0121CDF80080E8F7D8FD0020386304
:10EF600038680221FC61397518B178680421F8F716
:10EF700081FE786B29460DF0FDFDB87D451E18BF5A
:10EF80006FF0020538690DF0A5FD68B202B0BDE86A
:10EF9000F08100BF735F656F6D5F69706E65745F50
:10EFA000417474616368536F636B657428293A20F8
:10EFB0006F6E6C7920646174616772616D20736F2C
:10EFC000636B657400000000F0B583B000284FF05B
:10EFD000FE0447D00D46002944D006462846F1F7E6
:10EFE000E2FC0446E8F7BCFDB4FA84F142F620677F
:10EFF00045F270734909C0F606071CA2C0F6060365
:10F000000097E8F783FD41F6183144F6B077C0F673
:10F010000601C1F200070C68386921460DF07CFD3D
:10F02000B0690295D0B102A9EBF784F8B0B10298AB
:10F030003968F861002038634FF00300387519B162
:10F0400078680421F8F716FE786B21460DF092FDE2
:10F05000B87D441E18BF6FF0020400E0FF24386939
:10F060000DF038FD60B203B0F0BD00BF735F656F97
:10F070006D5F69706E65745F446574616368536F3A
:10F08000636B657428293A206F6E6C792064617413
:10F09000616772616D20736F636B657400000000BF
:10F0A00070B582B00446FD20DDF818C08DF8070069
:10F0B0002068407C012842D044F6B075C1F20005BA
:10F0C000B2F800E0286C566819466246734600960E
:10F0D000EEF75EF86068D5E91012E9F7D7FB8DF816
:10F0E00007009DF80700B0B144F29C50C1F2000047
:10F0F000016801310160E8F733FD42F6206645F210
:10F100007073C0F606060FA2C0F606030321009630
:10F11000E8F703FD13E0206843F64021C0F606013E
:10F1200080680968E5F702FF2068817C012906D123
:10F130004069002102B0BDE870400DF049BD02B049
:10F1400070BD00BF735F656F6D5F69706E65745FE2
:10F150004F6E526563657074696F6E446174616768
:10F1600072616D28293A2063616E74207075742075
:10F17000696E207278206669666F0000F0B581B014
:10F180000746084614460E46E7F71FFF05464FF0B0
:10F19000FE0007B3FEB13046F1F705FC0646E8F77E
:10F1A000DFFCB6FA86F142F6206745F27073490932
:10F1B000C0F6060709A2C0F606030097E8F7A6FC0A
:10F1C000686938B121460DF0D5FC002818BF6FF0F2
:10F1D000020000E0FF2040B201B0F0BD735F656F38
:10F1E0006D5F69706E65745F576169745061636BC0
:10F1F000657428293A206F6E6C79206461746167A8
:10F2000072616D20736F636B65740000B0B544F676
:10F21000B074C1F20004207D012834D1208BA8B342
:10F22000216B09B901382083E06901216175D1F7AB
:10F2300061FAD8B10DF068FD226AD4E90A35D21816
:10F2400045F100030A3A63F10003801A71EB0300F1
:10F250001BD30DF059FDE269C4E90A0110460021F3
:10F260000122D1F7D5F9002818BFB0BD4FF4807046
:10F270000022A4F81500606B22832262A262E2627F
:10F280000021226313E000206075B0BD206B0025D3
:10F2900025832575C4E90755A562E562A4F81550D4
:10F2A00018B1A06BF3F70AF92563606B0021BDE884
:10F2B000B0400DF08DBC00002DE9F04188B044F65F
:10F2C000B077C1F200073868CD0690F8200000281A
:10F2D00047D00C46D1F798FD44F69070002DC1F24E
:10F2E000000002D4017800297AD041F618310022BA
:10F2F000C0F606010270B86C096807920DF05EFA5C
:10F3000000286DD005460068007C032868D143F6CC
:10F310003C22C0F6060216680021A868ADF812105B
:10F320000DF112013246E9F7F6FABDF81200002895
:10F330004DD0A86807A93246E9F726FAD8B144F2B9
:10F340009C50C1F20000816801318160E8F708FC3F
:10F3500042F6206646F21822C0F60606C0F60602FD
:10F360002DE0002D40F1E58044F69070C1F20000E0
:10F3700001210170DDE0079908690B890A68069090
:10F38000ADF8143028688B88406805A9D1F79EFE37
:10F39000AA68796C06461046E9F7A2FA002E00F03A
:10F3A000CB8044F29C50C1F20000C1680131C160C1
:10F3B000E8F7D6FB42F62066C0F606066DA245F2D7
:10F3C0007073C0F6060303210096E8F7A6FBB86C3D
:10F3D00000210DF0C3FA18B178681021F8F74AFC43
:10F3E000600740F19B80387D00210328ADF81C1098
:10F3F0005ED0022834D0012840F09080388B00285D
:10F4000000F08C8001383883012078750DF07CFC89
:10F41000FA69C7E90A011046002101220025D1F747
:10F42000F7F8002870D0386B002877D0F869D1F74A
:10F4300061F9002800F094807A68F86B0821E5F7FC
:10F44000CCFD43F62020C0F60600D0E90023396B3E
:10F45000D7E90E0600258DE86200F2F7BBFF5DE0FC
:10F46000FE6930460596E7F7B0FD05460020B87501
:10F470003875F8613920D1F7F9FC6860B0B16A8855
:10F480000021D1F78FFD88B968684FF2A101C0F65D
:10F4900004013246D1F756FE40B90320396828747A
:10F4A000886905A9EAF74FFF0120B875786B32E04B
:10F4B000FD697A6CA86807A9E9F72DFA38B9BDF893
:10F4C0001C0020B178681421F8F7D4FB26E03868D6
:10F4D0000595D0F818802846E7F777FD0026BE7519
:10F4E0003E75FE6105464068D1F728FD05A94046F6
:10F4F0006E602E74EAF71EFE01464046EAF790FD64
:10F50000786B0121B97506E04FF48070A7F81500FB
:10F51000786B3D833D6300210DF05AFB200703D536
:10F5200000203883FFF772FE787D012808BFFFF7BF
:10F530006DFE08B0BDE8F0812868C06800283FF47F
:10F5400046AFE5F71AFD00283FF441AF286843F6BF
:10F550004021C0F60601C0680968E5F7E7FC36E718
:10F560004FF480700021A7F81500786B3983396358
:10F57000D2E700BF735F656F6D5F69706E65745F22
:10F5800070726F636573735F7472616E736D6973AC
:10F5900073696F6E5F646174616772616D28293A87
:10F5A000206970616C206661696C7320696E2074DB
:10F5B000780000007047D1F731BC704780B5F8F78C
:10F5C00040F8002080BD40680DF084BA40680DF01E
:10F5D000A3BA80B544F69471C1F2000148614FF2BC
:10F5E000D570C0F604000DF0A1FB002080BD000026
:10F5F00082B004460068D4E90665D0E900270021FE
:10F6000001910AB1204690470DF104086FF00209FC
:10F6100028460021424633460DF00EF8B0EB0901B2
:10F620002046019A18BF1146B847F1E70446006822
:10F63000A569D0E900261AB120460021904700BFF5
:10F6400028460DF029F801462046B047F8E70000AB
:10F6500004460068A569D0E900271AB120460021B8
:10F66000904700BFA068294600220DF0A7F8E16886
:10F6700006460846294600220DF0A0F806B1B0471C
:10F6800020463146B847EDE780B582B0002140689A
:10F690008DF807100DF107010DF021FC9DF8070012
:10F6A00002B080BD70B504468068A8B1E06898B12A
:10F6B0000D46012116460DF069F880B1E06831462B
:10F6C000002201230DF01EF9A06829460022012323
:10F6D000BDE870400DF016B9FE2040B270BDFF20AD
:10F6E000FBE7806818B1002201230DF00BB96FF021
:10F6F000010070470A464168104601220CF0E8BF3D
:10F7000004460068A569D0E900261AB12046002108
:10F71000904700BFA068294600220DF04FF801462F
:10F720002046B047F6E7000004460068A569D0E926
:10F73000002612B120460021904728460DF0BCFC5F
:10F740000DF0CEFC20462946B047F9E7F0B581B070
:10F7500005468068B8B1E868A8B10E4601211C468C
:10F7600017460DF013F890B1E86839462246002399
:10F770000DF0C8F8A86831462246002301B0BDE864
:10F78000F0400DF0BFB8FE2040B201B0F0BDFF2048
:10F79000FAE7806810B100230DF0B4B86FF00100F3
:10F7A00070470A464168104600220CF091BFB0B580
:10F7B00004460068D0E9002322B1204600211D46FE
:10F7C00090472B4623B120460021BDE8B0401847A2
:10F7D000B0BD00002DE9F04798B051480DF1040C80
:10F7E00000904FA0061D4ECED0E905508CE84E008B
:10F7F000CDE90550E8F7B4F945F25078C0F60608AF
:10F80000E94649464246E8F7CFF94CF26021C0F696
:10F81000060148464822D2F7D4FBE8F7A1F9494649
:10F820004246E8F7C1F944F6947AC1F2000ADAF8E0
:10F830000C00F8F729FADAF81000F5F703FE3F4854
:10F840000DF1040E00903DA000F1040C9CE89E1008
:10F85000D0E907658EE81E00D0E9091290F82C0067
:10F860000597CDE90912CDE90765CDF818C08DF8E7
:10F870002C00E8F775F949464246E8F795F9DAF8B9
:10F88000140000B180474CF22C20C0F6060090E82E
:10F890008E00D0E904658DE88E0000F12007D0E9E4
:10F8A00006C4C36A86CF008ECDE904650B93CDE90B
:10F8B0000927CDE90741CDF818C0ADF83000E8F7C9
:10F8C0004FF945F25078C0F60608E94649464246E7
:10F8D000E8F76AF925480DF1040E009023A0071DF2
:10F8E0008ECFD0E9056C8EE88E0000F12407D0E9B8
:10F8F00007548ECF0596466B90F83800CDE9084145
:10F900000AA9CDE906C58CC10D968DF83800E8F737
:10F9100027F949464246E8F747F918B0BDE8F087AD
:10F920004F53414C3A3A74736B696E69743A206A6A
:10F930007573742073746172746564004F53414C25
:10F940003A3A74736B696E69743A2063616C6C69DE
:10F950006E6720757365722D646566696E656420D7
:10F9600066756E6374696F6E000000004F53414C02
:10F970003A3A74736B696E69743A2061626F757498
:10F9800020746F2073746F7020697473656C6620C7
:10F99000616E64207374617274207363686564754A
:10F9A0006C696E670000000070B586B04FF0FE060F
:10F9B00098B10D4689B10446287E00F00300012865
:10F9C0000AD0286940B143F63C21C0F606012069FF
:10F9D0000968F7F79EFE18B1FF2670B206B070BD39
:10F9E00095E80E002869CDE90212297E0493C1F33F
:10F9F00080018DF814104FF64B21C0F60401CDE9BB
:10FA0000001502A96A4600230DF00AFC297E06466D
:10FA1000B0FA80F0400901F0FC0108442876206922
:10FA2000F7F770FED9E7B0B54FF0FE0558B10C46B8
:10FA300049B12069002530B10DF068FB207E2561B9
:10FA400000F0FC00207668B2B0BD10B5087F0C460F
:10FA5000012810D1616A21B1206A496801220CF0A5
:10FA600037FE207E400748BF10BD20460221BDE87A
:10FA70001040F2F758BD45F2D800C1F200004068CE
:10FA80002146BDE81040F8F7FBB810B50C464FF022
:10FA9000FE0180B17CB1206908B1FF210BE00DF0BF
:10FAA0006FFB217E206101F0FC01217600210028FE
:10FAB00008BF4FF0FF3148B210BD70B54FF0FE06E1
:10FAC000C8B10D46B9B143F63C21C0F60601044663
:10FAD00000690968F7F71DFE08B1FF260BE02869E9
:10FAE000002100260DF0E8FB28460021F2F71BFD5F
:10FAF0002069F7F707FE70B270BDB0B571B145F27D
:10FB0000D805C1F200050C46286843F63C21C0F632
:10FB1000060100690968F7F7FCFD00B1B0BD43F6C6
:10FB20004020C0F60600016804F11C00E5F7FEF96C
:10FB3000207E400703D420460221F2F7F4FC286817
:10FB40000069BDE8B040F7F7DDBD000070B5FE28E4
:10FB50004FF6FF7C04D144F2BC50C1F2000010E02B
:10FB600044F2F054C1F200042478844230D944F2C3
:10FB7000EC54C1F20004246854B300EB400004EBE1
:10FB8000001044F20804C0F60604645C94421FD9D5
:10FB900050F821E0BEF1000F1AD01EF80200984282
:10FBA00016D944F20C00C0F6060050F821C000211E
:10FBB00052B11046644600BF1EF8015B34F8026B78
:10FBC000013806FB0511F7D13CF8120000FB031CBD
:10FBD0001FFA8CF070BD10B50446000E03281FD824
:10FBE000F8F713FE44F20801C0F606010A5CC4F3FC
:10FBF00007418A4214D944F21C02C0F6060252F8A8
:10FC00002020535CE2B293420AD943F6E873C0F66F
:10FC1000060353F8200050F8210050F8220010BDD0
:10FC2000002010BD70477047002070474FF0FF3034
:10FC300070474FF0FF3070474FF0FF3070474FF084
:10FC4000FF3070474FF0FF3070474FF0FF30704784
:10FC500080B590F808C0D0F804E0CCF343030B6003
:10FC600000238B8008238B71007A02F07F0200F062
:10FC7000E0002038B0FA80F0400942EAC010087273
:10FC80009EED000A9EED011A9EED022ABDEEC00A0D
:10FC900010EE100ABDEEC10AA1F8090010EE100A1C
:10FCA000BDEEC20A9EF82420A1F80B0010EE100A47
:10FCB000A1F80D00CA7380BD80B590F808C0D0F8D7
:10FCC00004E0CCF343030B6000238B8008238B718B
:10FCD000007A02F07F0200F0E0002038B0FA80F0F5
:10FCE000400942EAC01008729EED061A9EED052AF0
:10FCF0009EED040ABDEEC11A11EE100ABDEEC21A45
:10FD0000A1F8090011EE100ABDEEC00AA1F80B001F
:10FD100010EE100AA1F80D0080BD80B590F808C063
:10FD2000D0F804E0CCF343030B6000238B8007235F
:10FD30008B71007A02F07F0200F0E0002038B0FA08
:10FD400080F0400942EAC01008729EED061A9EED4E
:10FD5000052A9EED040ABDEEC11A11EE100ABDEE91
:10FD6000C21AA1F8090011EE100ABDEEC00AA1F8EE
:10FD70000B0010EE100AA1F80D0080BD10B504466E
:10FD80000CF0A2F90CF05EF944F6084C0021C1F227
:10FD9000000C0022207000BF0CEB010494F84030EE
:10FDA0001031834208BF04F14102B1F5807FF3D1E5
:10FDB00046F24E5146F24853C0F60601C0F606031D
:10FDC000022808BF0B4646F22551C0F6060101285D
:10FDD00018BF1946002A18BF1146084610BDB0B515
:10FDE0000446E8F78DFBE8F785FB054602202870FE
:10FDF00000206C70C5E90100E8F782FB2946BDE8E8
:10FE0000B040E8F7C7BBB0B50446E8F779FBE8F7C0
:10FE100071FB05460420287000206C70C5E90100C4
:10FE2000E8F76EFB2946BDE8B040E8F7B3BB4A6887
:10FE3000531C08D0436809688B4208D1C0689042BF
:10FE400005D1002004E0406809688842F9D0FF200D
:10FE500040B270470121D1F759BBD1F79CBBD1F714
:10FE6000ACBB0000FEE70000F0B589B00446D0E965
:10FE700001070D46F8F70DF8607800210128079179
:10FE800006911AD0032847D133A0405D07978DF81B
:10FE90001900E6F75AFC626806AE3146E6F711FE35
:10FEA0002EA0405D07978DF81900E6F74EFC6268BA
:10FEB0003146E6F706FE2AA024E0E5F73CFCE5F72C
:10FEC0004CFCF2F748FB6168EDF78CFF30B303217F
:10FED00001801EA0405D00278DF819000797E6F706
:10FEE00034FC626806AE3146E6F7EBFD18A0405DD3
:10FEF00007978DF81900E6F728FC62683146E6F7A7
:10FF0000E0FD14A0405D07978DF81900E6F71DFC91
:10FF100062683146E6F7D5FD09B0F0BD0025002046
:10FF20002921ADF80C50F5F77AFA0290E068616883
:10FF3000ADF80E50CDE90410E7F712FE02AF042130
:10FF4000002200230097E7F7E8FDE5E7534F0000A4
:10FF5000555100005E600000524E000054500000F9
:10FF60005D5F000070B50C460546E8F7C9FAE8F792
:10FF7000C1FA06460320307000207470C6E90150B3
:10FF8000E8F7BEFA3146BDE87040E8F703BB000071
:10FF9000FEE72DE9F04F87B004468A4601F00100E4
:10FFA00021781E239346227A03EAD10108442021B6
:10FFB00001EA92014518E6F7A2F929460122002339
:10FFC0000026E6F7DAF8FF2800F08F8007460120C8
:10FFD00000213A4606230026F7F760FF8146E5F741
:10FFE000AAFBE5F7BAFBF2F7B6FA49468046EDF709
:10FFF000F9FEF8B10546FE204946FAF751FBBBF180
:020000040805ED
:100000005A0F824650D0BBF1580F6DD1B4F9096038
:10001000B4F90B40EBF7F3F839463246EBF762F8E8
:100020008AED000AEBF7EBF839462246EBF702F8C7
:10003000042042E000202C21ADF80C60F5F7EFF928
:100040000290ADF80E60CDE90496E7F789FD02ADA8
:100050000421002200230095E7F75FFD00201B210B
:10006000F5F7DDF902902068A1796FF31F3040EABF
:100070000130ADF80E002046E6F71DFF059121780E
:10008000049008098DF80D000220BAF1000F08BF96
:1000900001208DF80C00E7F763FD02210022002308
:1000A0000095E7F73AFD20E0B4F90940EBF7A7F82F
:1000B00039462246EBF794F80820504480ED000AB8
:1000C000687829780130C2B2914268700AD14046FE
:1000D000494600220026EDF799FFF5F768FAF5F793
:1000E00073FC02E0002600E0FF2670B207B0BDE816
:1000F000F08F00002DE9F04786B004460D4601F070
:10010000010021781E231746227A03EAD101084410
:10011000202101EA92014618E6F7F1F83146012262
:1001200000230026E6F729F8FF2800F09580024614
:10013000A7F14F00042306284FF0FF0605D8DFE89B
:1001400000F00A8B0A8B098B0900602F03D05E2F09
:1001500040F082800223012000214FF0000AF7F7CF
:100160009DFE8146E5F7E7FAE5F7F7FAF2F7F3F9CE
:1001700049468046EDF736FEA8B30646FE204946BE
:10018000FAF78EFA532F01D04F2F69D1B4F9091025
:10019000B4F90B2000EE101A01EE102AB8EEC00AD6
:1001A000B8EEC11A80ED000A80ED011A04F10D01CC
:1001B0000822B1F90010104400EE101AB8EEC00A7F
:1001C00080ED000A707831780130C2B291427070CF
:1001D00041D1404649460022EDF718FFF5F7E7F90F
:1001E000F5F7F2FB37E000202C21ADF80CA0F5F775
:1001F00016F90290ADF80EA0CDE9049AE7F7B0FC2D
:1002000002AE0421002200230096E7F786FC0020BE
:100210001B21F5F704F902902068A1796FF31F30D4
:1002200040EA0130ADF80E002046E6F744FE0591A5
:100230002178049008098DF80D000220002D08BFD8
:1002400001208DF80C00E7F78BFC0221002200232F
:100250000096E7F762FC002670B206B0BDE8F087B2
:10026000B4F9091007F0FB0200EE101A512AB8EE9B
:10027000C00A0DD1B4F90B1080ED060A00EE101A79
:10028000B8EEC00A80ED050A04F10D01102290E7D6
:1002900004F10B01202280ED070A8AE72DE9F04FD7
:1002A00087B004468A4601F0010021781E2390465B
:1002B000227A03EAD1010844202101EA920145187B
:1002C000E6F71DF82946012200230026E5F755FF31
:1002D000FF2800F081800746012000213A460523CF
:1002E0000026F7F7DBFD8346E5F725FAE5F735FA53
:1002F000F2F731F959468146EDF774FD78B30546BA
:10030000FE205946FAF7CCF9D4F809408246EAF7BC
:1003100076FF39462246EAF71DFDB8F1410F5146F6
:1003200004D0B8F1430F56D10AF10401086068788F
:1003300029780130C2B2914268704AD1DAE90010DE
:1003400000228842B8BFCAE9000148465946002643
:10035000EDF75CFEF5F72BF9F5F736FB3CE00020F6
:100360002C21ADF80C60F5F75AF80290ADF80E604C
:10037000CDE904B6E7F7F4FB02AD04210022002327
:100380000095E7F7CAFB00201B21F5F748F802901B
:100390002068A1796FF31F3040EA0130ADF80E00FC
:1003A0002046E6F788FD05912178049008098DF82C
:1003B0000D000220BAF1000F08BF01208DF80C00DB
:1003C000E7F7CEFB0221002200230095E7F7A5FB0B
:1003D00002E0002600E0FF2670B207B0BDE8F08F13
:1003E000B0B545F20825C1F200052978044651B997
:1003F00045F6405045F20821C0F60600C1F2000162
:10040000502200F0D3F901202870D5E910232046AE
:10041000BDE8B040E4F77BBAB0B545F26834C1F24C
:1004200000044FF481604FF6FF7144F6403304F14D
:10043000100C4FF0FF32C0F24C038CE80B0004F1BB
:1004400028004FF44071C4E907226262D1F75AFED6
:1004500045F65055C0F606052046294600F0FCF842
:10046000002305F1180021464FF44A722370BDE8BD
:10047000B04000F0CBB9B0B5069C02460220022184
:1004800000230025FAF770F940B1049840F22F716B
:10049000C0F2020101600120042500E00020258057
:1004A000B0BD2DE9F04182B006460F46DDF8288048
:1004B00002200221324600230025FAF755F9C0B187
:1004C000089C7F2E18D1B87809990138B0FA80F0CD
:1004D00045F200224009C1F200026529107013D3D1
:1004E00020467F2164226424FBF7D4F8A8F800405A
:1004F00033E0A8F8005031E045F20020C1F20000DE
:100500000125FF2E057029D10E20A8F80000FF203C
:10051000207040F20220C0F602000178617040783D
:1005200001A9A0700A20E0700020E4F725FA0198E4
:10053000C17B2171C1896171C168090AA171C1685A
:10054000E1714179217201796172C178A17281787A
:10055000E17241782173007860730125284602B06A
:10056000BDE8F081F0B581B00C46089E024602203D
:10057000022100230025FAF7F7F820B3079F45F280
:100580000020C1F20000692F05701CD3069D79215F
:1005900028466822FBF77EF8A17864200129308084
:1005A00085F8641013D1A7F1680105F1650089B2DF
:1005B00008A209A3D1F702F9E97832880144E97069
:1005C0001518012000E00020358001B0F0BD0120A9
:1005D000FBE700BF257300004D4F5245494E464F83
:1005E0002D4150500D0A00000299002200200A807F
:1005F0007047B0B5069C0246022002210023002568
:10060000FAF7B2F808B1E4F715FA00202580B0BD7A
:10061000B0B586B00C46054604200121F4F7FFFE74
:10062000029000208DF80C008DF80D50ADF80E00F2
:10063000CDE90400E7F794FA02AD02212246002337
:100640000095E7F76AFA06B0B0BD09880089401A3C
:10065000B0FA80F0400970470022C0E90022D1E9D9
:100660000012C0E902127047B0B582B04FF6C074F4
:10067000C2F20104218941F20402891A18BF012142
:1006800018B911B9A07A032815D0FF208DF80700FA
:1006900001200021002504F0DBFA8DF807004BF261
:1006A000DD7041F20401C0F21620C0F20301C4E97A
:1006B0000055C4E90210002002B0B0BD4FF6C07270
:1006C0000146C2F2010200204BF2DD7C41F204033C
:1006D000C0F2162CC0F20303C2E900000120C2E9F7
:1006E000023C10740020517470474FF6C0714BF2F9
:1006F000DD7041F20403C2F20101C0F21620C0F223
:1007000003030022C1E902300020C1E900228A74FB
:10071000CA74C1E90522CA61C1F81F20704780B5BB
:100720004FF6C07CC2F2010CBCF808E041F20403B1
:100730009E454FF0FF0E14D19CF80A30032B10D1C8
:100740009CF81230012B0CD19CF81330934238BF27
:100750009CF813200A700CF11401D1F7ABFB4FF099
:10076000000E4FFA8EF080BD80B54FF6C073C2F216
:10077000010300224BF2DD7CC3E9002241F20402B6
:10078000C0F2162CC0F20302C3E9022C01229A74B3
:100790000F2928BF0F21D974DA7C014603F1140018
:1007A000D1F788FB002080BD0020704780B582B063
:1007B0004FF6C07EC2F2010E8C46BEF8081041F220
:1007C0000403CB1A18BF01234FF0FF01D8B1D3B9EE
:1007D0009EF80A30032B16D10168B2EB910F03D8B3
:1007E00001F00301022901D2FF210CE0032909D104
:1007F000FF218DF8071041680120634604F064FA78
:100800008DF80700002148B202B080BD80B582B0EB
:100810004FF6C07EC2F2010E8C46BEF8081041F2BF
:100820000403CB1A18BF01234FF0FF01D8B1D3B98D
:100830009EF80A30032B16D10168B2EB910F03D852
:1008400001F00301022901D2FF210CE0032909D1A3
:10085000FF218DF8071041680120634604F074FA07
:100860008DF80700002148B202B080BD80B506F0C7
:1008700017FC06F027FC4FF0FF3080BDB0B545F205
:100880000824C1F200042178054651B945F64050CC
:1008900045F20821C0F60600C1F200015022FFF720
:1008A00085FF0120207004F1100045F600512860FA
:1008B000C0F606012046FFF7C8FEA17A80F00100CD
:1008C00081F00301084318BF4FF0FF30B0BDB0B551
:1008D00045F20824C1F200042178054651B945F6D5
:1008E000405045F20821C0F60600C1F20001502236
:1008F000FFF75CFF0121204600F8101B294640222B
:10090000D1F78DFA98B3D5E900CED5E90223D5E920
:100910000410C4E90623C4E90810C4E904CED5E9EB
:1009200006CED5E90823D5E90A10C4E90C23C4E9A9
:100930000E10C4E90ACEEA6B05F130030BCBE2647A
:1009400004F140020BC245F60051C0F606012046F4
:10095000FFF782FE0020207045F64050C0F60600EA
:1009600021465022FFF752FF012000F002F800203C
:10097000B0BD70B545F25824C1F200042178054697
:1009800059B945F6485045F25821C0F60600C1F263
:1009900000014FF48872FFF709FF0120207004F175
:1009A0001000FFF71DFD0026012D2662666205D0AE
:1009B00004F12800E821FF22D1F77AFB45F6005127
:1009C000C0F606012046FFF747FE45F64850C0F640
:1009D000060021464FF488722670FFF717FF0020AB
:1009E00070BDB0B545F25824C1F200042178054627
:1009F00059B945F6485045F25821C0F60600C1F2F3
:100A000000014FF48872FFF7D1FE0120207004F13D
:100A1000100045F600512860C0F606012046FFF799
:100A200014FEA17A80F0010081F00301084318BF91
:100A30004FF0FF30B0BD70B545F25824C1F200044C
:100A400022780D4606465AB945F6485045F25821D7
:100A5000C0F60600C1F200014FF48872FFF7A6FE4F
:100A60000120072E207017D242F24C50C0F606002B
:100A700050F8260045F600512860C0F606012046D1
:100A8000FFF7E3FDA17A80F0010081F00301084344
:100A900018BF4FF0FF3002E000202860FF2040B276
:100AA00070BDB0B5FFF780FE013000F089800020F6
:100AB0000025FFF7D9FD45F20824C1F200042046C5
:100AC0005021D1F71FFB2570207850B945F64050D2
:100AD00045F20821C0F60600C1F200015022FFF7DE
:100AE00065FE012045F600512070C0F60601204643
:100AF000FFF7ABFD012802D1A07A032834D045F6D8
:100B0000C040C0F60600D0E9001221618168626130
:100B1000C268A1610169E261426921628169626220
:100B2000C269A162016AE262426A2163816A626308
:100B3000C26AA163016BE263426BC4E91012D0E99F
:100B40000E10C4E9121045F60051C0F60601204609
:100B5000FFF782FD0020207045F64050C0F60600E9
:100B600021465022FFF752FE45F25824C1F20004FC
:100B700020464FF48871D1F7C5FA00202070207804
:100B800058B945F6485045F25821C0F60600C1F262
:100B900000014FF48872FFF709FE012045F600516D
:100BA0002070C0F606012046FFF74FFD012802D154
:100BB000A07A032802D00120FFF7DBFE002000E02E
:100BC000FF2040B2B0BDB0B5FFF7EEFD01302ED032
:100BD00000200025FFF748FD45F26834C1F200040B
:100BE00020464FF44A71D1F78DFA2570207860B90C
:100BF00045F65050C0F6060045F268311830C1F293
:100C000000014FF44A72FFF7D1FD012045F6505123
:100C10002070C0F606012046FFF717FD012802D11B
:100C2000A07A032801D0FFF7F7FB002000E0FF20A7
:100C300040B2B0BD70B582B045F26836C1F2000670
:100C400032780C46054662B945F65050C0F60600AB
:100C500045F268311830C1F200014FF44A72FFF7D3
:100C6000A5FD012030700196072D4FF0FF064DD8ED
:100C7000002C4BD094F90100854247D120780228FE
:100C800044D10198D4E900C200EB8510D4E90236C2
:100C9000D4E90415C0E90C36C0E90E15C0E90AC252
:100CA000D4E906C2D4E90836D4E90A15C0E91236F7
:100CB000C0E91415C0E910C2E36B04F1300646CE5A
:100CC0004366583046C001984FF0FF33024600217A
:100CD00042F81C3F036200F128030026817400BF24
:100CE00013F8405B1DB1CDB2013156558174013608
:100CF000082EF5D145F650500199C0F606000026A1
:100D000018304FF44A720E70FFF780FD70B202B0D7
:100D100070BD70B582B045F26836C1F20006327817
:100D20000C46054662B945F65050C0F6060045F23D
:100D300068311830C1F200014FF44A72FFF736FDF6
:100D400001203070019601981C3028600198817C48
:100D50000020217002B070BDB0B582B045F2683598
:100D6000C1F200052978044661B945F65050C0F635
:100D7000060045F268311830C1F200014FF44A72A2
:100D8000FFF714FD0120287001950198007D207067
:100D90000198017D0020FF2908BF4FF0FF3002B00D
:100DA000B0BD000070B582B045F26836C1F20006F1
:100DB00032780C46054662B945F65050C0F606003A
:100DC00045F268311830C1F200014FF44A72FFF762
:100DD000EDFC0120307001960199072D08D8887C20
:100DE00030B11C3111F8012BAA4205D00138F9D1DC
:100DF000FF2040B202B070BD019800EB8510283092
:100E000020600020F5E7000070B582B045F268363A
:100E1000C1F2000632780C46054662B945F65050DC
:100E2000C0F6060045F268311830C1F200014FF4F7
:100E30004A72FFF7BBFC0120307001960199072D23
:100E400041D8887C00283ED01C3100BF11F8012B0E
:100E5000AA4202D00138F9D135E0A4B36078A842A3
:100E600031D1207802282ED10198D4E900C200EBBC
:100E70008510D4E90236D4E90415C0E90C36C0E97E
:100E80000E15C0E90AC2D4E906C2D4E90836D4E98D
:100E90000A15C0E91236C0E91415C0E910C2E36BA7
:100EA00004F1300646CE4366583046C045F65050F1
:100EB0000199C0F60600002418304FF44A720C70F5
:100EC000FFF7A4FC00E0FF2460B202B070BDB0B533
:100ED00082B045F26835C1F200052978044661B94F
:100EE00045F65050C0F6060045F268311830C1F2A0
:100EF00000014FF44A72FFF759FC01202870019558
:100F00000198407D20700198417D0020FF2908BF95
:100F10004FF0FF3002B0B0BD70B582B045F2683618
:100F2000C1F2000632780C46054662B945F65050CB
:100F3000C0F6060045F268311830C1F200014FF4E6
:100F40004A72FFF733FC0120307001960199072D9A
:100F500008D8887C30B11C3111F8012BAA4208D086
:100F60000138F9D128462146FFF764FE002002B07F
:100F700070BD0198214600EB851028304022D0F743
:100F80004EFF0028F2D028462146FFF73DFFEDE74F
:100F9000F6F772BEF6F770BEF6F76EBEF6F76CBEE9
:100FA000F6F76ABEF6F768BEF6F766BEF6F764BEF9
:100FB000017809B1002070474178012903D08A07E0
:100FC00005D402224270481E18BF0120704780B528
:100FD0004CF20710C0F60600E3F78AFC012101700D
:100FE000417070475FEA400C08BF91F0000F4FEA74
:100FF0008C234FEAC12243EA51514FEA1C5018BFDB
:1010000000F5F0404FEA300018BF41F000415FEAC0
:101010006C5C00F02980BCF1FF3F08BF40F08040CD
:101020007047130C06BF12044FF0100C4FF0000C69
:10103000130E04BF12020CF1080C130F04BF1201AF
:101040000CF1040C930F04BF92000CF1020CD30FAF
:1010500004BF52000CF1010C11464FF00002A0F148
:101060001F00A0EB0C00704711F0004F08BF704745
:1010700031F000413FF4D5AF0B0C06BF09044FF02F
:10108000100C4FF0000C0B0E04BF09020CF1080C01
:101090000B0F04BF09010CF1040C8B0F04BF890076
:1010A0000CF1020CCB0F04BF49000CF1010CCCF188
:1010B000200322FA03F341EA030102FA0CF2A0EB47
:1010C0000C0000F10100704723F07F4720F07F4CB7
:1010D00080EA030000F00040ACEB070303F57C530B
:1010E00003F1FF032DE9804909B44FEA144324EAD0
:1010F00003484FEA154B25EA0B4E0FF2042606EB88
:1011000013273E7803FB0667C7F5000707FB06F6C3
:101110004FEAD64606F102064FEA543707FB066C43
:10112000CCF1005C4FEA1C472CEA074C0CFB06F59F
:1011300007FB06F404EB15464FEA961649085FEAEA
:10114000320234BF00204FF000404FEAD13706FB97
:1011500007FC4FEA1C4C0CFB0BF7D21B03FB0CF7F4
:1011600061EB07010CFB0EF7B0EB074072EB174287
:101170000CFB08F734BFA2EB0742B2EB074261EB6E
:1011800017414FEA0C444FEA910706FB07FC4FEA70
:101190001C4C0CFB0BF7B0EBC74072EB573203FB58
:1011A0000CF734BFA2EBC742B2EBC74261EB573139
:1011B0000CFB0EF7B0EBC70072EB57720CFB08F795
:1011C00034BFA2EBC702B2EBC70261EB57714FEA23
:1011D000816141EA92114FEA826242EA90124FEA3B
:1011E000806004EBCC04039F4FEAD13706FB07FC79
:1011F0004FEA1C4C0CFB0BF7D21B03FB0CF761EB0B
:1012000007010CFB0EF7B0EB074072EB17420CFB2B
:1012100008F734BFA2EB0742B2EB074261EB17417C
:101220004FEA8C5504EB9C244FEA910706FB07FC20
:101230004FEA1C4C0CFB0BF7B0EBC74072EB57327C
:1012400003FB0CF734BFA2EBC742B2EBC74261EB22
:1012500057310CFB0EF7B0EBC70072EB57720CFB6B
:1012600008F734BFA2EBC702B2EBC70261EB5771BC
:101270004FEA816141EA92114FEA826242EA90129A
:101280004FEA806015EB4C2544F100044FEAD1375A
:1012900006FB07FC4FEA1C4C0CFB0BF7D21B03FBB5
:1012A0000CF761EB07010CFB0EF7B0EB074072EB9C
:1012B00017420CFB08F734BFA2EB0742B2EB074220
:1012C00061EB17414FEA813141EA92414FEA8232A4
:1012D00042EA90424FEA80304FEA0C7615EB1C153B
:1012E00044F1000448EA03434EEA0B484FF0000E75
:1012F000B2EB080C71EB030724BF624639464EEB94
:101300000E0E4FF0000B0018524149414BEB0B0BF6
:10131000B2EB080C71EB03077BF1000B24BF6246B4
:1013200039464EEB0E0E4FF0000B0018524149416A
:101330004BEB0B0BB2EB080C71EB03077BF1000BD3
:1013400024BF624639464EEB0E0E51EA020718BF23
:1013500046F0010616EB0E7655F1000254F100013D
:1013600003D5BDE88901BDE80088BDE88901BDE875
:101370000048B619524141EB0101A3F10103704746
:1013800080807F7E7D7C7B7A7978777676757473C2
:10139000727171706F6E6E6D6C6C6B6A6A69686881
:1013A000676666656464636362616160605F5F5E17
:1013B0005E5D5D5C5C5B5B5A5A595958585757568D
:1013C00056555555545453535252525151505050F2
:1013D0004F4F4F4E4E4D4D4D4C4C4C4B4B4B4A4A44
:1013E0004A49494948484847474747464646454588
:1013F00045444444444343434342424242414141C1
:101400009C46002B30D477002BD04FEA37071CB511
:1014100003B44FF010004FF01001BAF1000F06D0E6
:10142000BCF1000FDCBF40F0080040F008014FF0B5
:1014300000000FBCBDE810400BF1010BBBF1010F28
:1014400008BF5FEA170722BF12F1010211F1010183
:101450004FF0004143F1000300F0004043EA000078
:101460007047F9D35708D0E746EA06464FEA1646D2
:1014700013F1400F1FDD13F1200FDFBF16430A46A3
:10148000002120335B42BED0C3F1200746EA064666
:101490004FEA164602FA07F746EA070622FA03F26F
:1014A000C3F1200701FA07F742EA070221FA03F124
:1014B0004FF00003A7E746EA020646EA06464FEA6F
:1014C000164646EA0106BCBF46EA0646360C4FF011
:1014D00000034FF000024FF0000194E72DE9804C2B
:1014E00070B49A46934691E8380007C831EA400C38
:1014F00048BF34EA430C03D5FFF7E6FDFFF780FF52
:10150000F0BCBDE8008C2DE9804C70B49A4693463F
:1015100091E8380007C810F0804F08BF13F0804FE3
:1015200003D100F005F8FFF76BFFF0BCBDE8008CBD
:1015300020F07F4723F07F4C80EA030000F000405A
:1015400007EB0C03A3F57C53A3F1FE0392F0000F0D
:1015500000F0B38095F0000F00F077802DE901498D
:101560004FEA114021EA00484FEA144624EA0647B0
:1015700000FB06FC08FB06F607FB08F818EB06481C
:101580004CEB164C00FB07F718EB07484CEB1740E9
:101590004FEA124B22EA0B4E4FEA154625EA064760
:1015A0000BFB06FC0EFB06F607FB0EFE1EEB064EC3
:1015B0004CEB164C0BFB07F71EEB074E4CEB174B97
:1015C00018EB0B0840F1000018EB0E0B58EB00086D
:1015D00040F100008F1A4FF000014FF000063CBFB1
:1015E000C943661B14BFB5EB040C00213CBFC943C3
:1015F000F61B4FEA174427EA04454FEA1C472CEA3A
:10160000074C04FB076205FB07F70CFB05F616EB1E
:10161000074642EB174204FB0CFC16EB0C4642EB70
:101620001C421BEB060658EB020241414EEA8E0EAD
:1016300046EA9E0601D5BDE80189B619524141EB43
:101640000101A3F10103BDE801894FEA144524EA31
:1016500005464FEA114721EA074C05FB07F406FB54
:1016600007F70CFB06F111EB074144EB174405FBB0
:101670000CFC11EB0C4144EB1C444FEA124722EAEC
:10168000074C05FB07F206FB07F70CFB06F616EB0B
:10169000074642EB174205FB0CFC16EB0C4642EBEF
:1016A0001C456A1854F1000148BF7047B6195241F1
:1016B00041EB0101A3F10103704795F0000F37D012
:1016C0004FEA114221EA02464FEA144724EA074C46
:1016D00002FB07F106FB07F70CFB06F414EB0744CB
:1016E00041EB174102FB0CFC14EB0C4441EB1C4199
:1016F0004FEA154725EA074C02FB07F506FB07F7FB
:101700000CFB06F616EB074645EB174502FB0CFCF7
:1017100016EB0C4645EB1C42121951F1000148BF73
:101720007047B619524141EB0101A3F10103704723
:101730004FEA144524EA05464FEA114721EA074CCF
:1017400005FB07F106FB07F70CFB06F212EB07425D
:1017500041EB174105FB0CFC12EB0C4251EB1C4119
:101760004FF0000648BF7047921841EB0101A3F10A
:10177000010370470000000080B5DBF76BFD00B18E
:1017800080BDE3F719F8FFF7F7BF80B5DBF714FE6C
:1017900000B180BDE3F710F8FFF7F7BFC943016060
:1017A00070470029816814BF41F0010121F0010157
:1017B00081607047084AD2F80413084B1940D0E9F9
:1017C000003C43EA0C03D0E902C04CEA0000184395
:1017D0000843C2F80403704700200140E030FCFFDA
:1017E0000029816814BF41F4807121F48071816007
:1017F00070470029816814BF41F4007121F4007121
:10180000816070470029816814BF41F4806121F430
:101810008061816070470246002012680A4218BF4A
:101820000120704781B0084428300090006801B062
:1018300080B270472DE9F047444E4FF0000844460F
:1018400070684546002808BFBDE8F087DFF80091C2
:10185000D9F800106FF0040A11F0040F30D0C9F865
:1018600000A03C4A516B002908BF916BD76B002F39
:1018700008BF176C0029D8BFA0F810800EDD1C210E
:101880004846FFF7CFFF01467068B0F91820891A63
:10189000491001EB640161F30F040182002FDCBFEA
:1018A0007068A0F812800BDD18214846FFF7BAFFD8
:1018B0007168B1F91A20801A401000EB6440488228
:1018C000D9F8000110F0040F18BFC9F800A1D9F829
:1018D000000210F0040F08BFBDE8F087C9F800A2AD
:1018E0001D480168002904BF1C4801681C480468A1
:1018F000002C04BF1B4804681B4F0029DCBF706824
:10190000A0F814800DDD1C213846FFF78BFF7168AD
:10191000B1F91C20801A401000EB650262F30F053C
:101920008A82002CDEBF7068A0F81680BDE8F087C0
:1019300018213846FFF776FF7168B1F91E20801A2A
:10194000401000EB6540C882BDE8F087FC02001043
:1019500000200140000001403404014038040140EF
:101960003C040140400401400022014010B44268A0
:1019700091F804C022F4807222F040720B6842EAAF
:101980000C221A43426082680C4B4C791A40D1E910
:1019900003C343EA0C03D1F808C04CEA440C43EA01
:1019A0000C031A438260C26A097D22F47002491E48
:1019B000C9B242EA0151C16210BC7047FDF7FFC0D5
:1019C00030B4072509290CD9C468A1F10A0C0CEB25
:1019D0004C0C05FA0CF5AC4303FA0CF32343C3603B
:1019E00009E0046901EB410C05FA0CF5AC4303FA7C
:1019F0000CF3234303614FF01F0C072A0CD2436BF7
:101A0000521E02EB82020CFA02FC23EA0C03914004
:101A10001943416330BC70470D2A0CD2036BD21FAF
:101A200002EB82020CFA02FC23EA0C0391401943F8
:101A3000016330BC7047C36A0D3A02EB82020CFAB4
:101A400002FC23EA0C0391401943C16230BC704789
:101A5000816841F08041816070470000054900289D
:101A6000D1F8040314BF40F4000020F40000C1F8D2
:101A7000040370470020014000200EF0B3B800209E
:101A80000EF074B800200EF0FDB801200EF0AAB8D8
:101A900001200EF06BB801200EF0F4B810B408234A
:101AA00004224FF0100CB1F5007F40D021DC20293A
:101AB00002BF036110BC704710DC012901BF1D4942
:101AC000816010BC7047042902BFC36010BC70471E
:101AD000082908BFC0F80CC010BC7047402902BFDD
:101AE000C0F810C010BC7047B1F5807F1FD010BC8B
:101AF00070470024B1F5004F08D00BDCB1F5806FC2
:101B000015D0B1F5006F1CBF10BC704784614260F6
:101B100010BC7047B1F5803F02BF436010BC7047F6
:101B2000B1F5003F08BFC0F804C010BC7047426068
:101B300010BC704701010100A0F1804110B5B1F562
:101B4000C8414FF0010109D0880600F01BFEBDE836
:101B5000104000214FF0806000F014BE4FF0007084
:101B600000F010FEBDE8104000214FF0007000F0C2
:101B700009BE000030B4827A344B012191401A68CA
:101B800042F001021A60DFF8C8C0DCF800208A4386
:101B9000CCF80020047B2F4AD4B914688C4314601D
:101BA0004488C58844EA0544857AED0005F18045FE
:101BB00005F5C045C5F840460588848845EA0445D2
:101BC000847AE40004F1804404F5C044C4F8445627
:101BD000047B012C18D114680C431460847A0268C9
:101BE000E40004F1804404F5C0444FEA3242C4F8F2
:101BF0004026847A4268E40004F1804404F5C0443D
:101C00004FEA3242C4F84426C47A134A002C1468BE
:101C10000CBF8C430C4314600489104A14B9146837
:101C20008C4314600489012C02D114680C431460A5
:101C3000407B012804D1DCF800000843CCF8000008
:101C4000186820F00100186030BC70470066004042
:101C50001C6600400C6600400466004014660040AC
:101C6000002A426914BF114322EA01014161704711
:101C70000368002223F002030360036843F00103BA
:101C800003604FF6FF73D0F804C01CF0010F03D1BE
:101C90009A4218BF521CF6D1426812F0010F5DD073
:101CA0008A79012A02680CBF42F0800222F0800289
:101CB0000260CA79012A02680CBF42F0400222F099
:101CC000400202600A7A012A02680CBF42F0200238
:101CD00022F0200202604A7A012A02680CBF42F018
:101CE000100222F0100202608A7A012A02680CBFF8
:101CF00042F0080222F008020260CA7A012A026851
:101D00000CBF42F0040222F0040202608A7891F8CB
:101D100003C04FEA827242EA0C6291F804C042EAC0
:101D20000C4291F805C0098842EA0C52A1F1010168
:101D300042EA0101C161016821F0010101604FF037
:101D40000001426812F0010F1CBF9942491CF8D1F2
:101D5000406810F0010F04BF012070474FF00000F1
:101D6000704700EB0113D3F8B0C11CF0040C82F8EB
:101D700008C0D3F8B0C107BF4FEA5C5CC2F800C02E
:101D80004FEADC0CC2F804C0D3F8B0C10CF0020C6E
:101D900082F809C0D3F8B4C10CF00F0C82F80AC065
:101DA000D3F8B4C14FEA1C2C82F813C0D3F8B8C1E1
:101DB00082F80BC0D3F8B8C14FEA1C2C82F80CC0D3
:101DC000D3F8B8C14FEA1C4C82F80DC0D3F8B8C1A3
:101DD0004FEA1C6C82F80EC0D3F8BCC182F80FC069
:101DE000D3F8BCC14FEA1C2C82F810C0D3F8BCC198
:101DF0004FEA1C4C82F811C0D3F8BC311B0E93740F
:101E000021B1016941F0200101617047C16841F0D1
:101E10002001C1607047000009490A6842F00102D0
:101E20000A600A6822F4877222F478520A600A680B
:101E300042EA00200860086820F00100086070474E
:101E40000066004000218171C1710172417281728E
:101E5000C1728170C17003210171022141710121A0
:101E60000180704710B402460020936813F0806F21
:101E700050D002EB0012D2F8803103F00103C2F817
:101E800080310B7A002B54D0D2F880C14C684CEAD8
:101E9000030391F809C04CEAC40C43EA0C03C2F8EE
:101EA00080318B7A03F00F038B72D2F8843123F0E8
:101EB0000F03C2F88431D2F8843191F80AC043EAA2
:101EC0000C03C2F88431CB7A91F80EC00C7B43EA44
:101ED0000C6391F80DC04FEA0C4C4CEA042C43EA19
:101EE0000C03C2F88831CB7B91F812C043EA0C6333
:101EF00091F811C0097C4FEA0C4C4CEA01211943BE
:101F0000C2F88C11D2F8801141F00101C2F88011A1
:101F100010BC7047906810F0006F18BF0120A8D166
:101F2000906810F0805F14BF02200420A1D110BC83
:101F30007047D2F8803191F809C043EA0C03B1F838
:101F400000C043EA4C53AAE700B5002200F008F8AD
:101F5000C04380B2010241EA102080B200BD0000FF
:101F600005E000BF30F8023B891E5BBA1A44012924
:101F7000F8DC11B1007802EB002290B200EB1240C5
:101F800000EB104080B27047084400EB104080B274
:101F900070470029016814BF41F0010121F00101DF
:101FA000016070472DE9F003016821F00101016033
:101FB0000021016041608160C160016121214161B6
:101FC000444A45494FF03D08904202BFC1F808809D
:101FD000BDE8F0037047414A4FF47464904202BF79
:101FE0008C60BDE8F00370473D4A4FF47415904291
:101FF00002BF8D60BDE8F00370473A4A4FF0746647
:10200000904202BF8E60BDE8F0037047364B374AFE
:10201000984202BFCA60BDE8F0037047DFF8D0C045
:10202000344B604502BFCB60BDE8F0037047324FD0
:10203000DFF8C8C0B84202BFC1F80CC0BDE8F00369
:102040007047DFF8BC904FF03D57484502BFCF6066
:10205000BDE8F0037047DFF8AC902B49484502BF5C
:10206000C1F80080BDE8F0037047DFF8A08040456C
:1020700002BF0C60BDE8F0037047254CA04202BFD0
:102080000D60BDE8F0037047224CA04202BF0E6015
:10209000BDE8F0037047204C2049A04202BF0A600F
:1020A000BDE8F00370471E4A904202BF0B60BDE8D6
:1020B000F00370471B4A904202BFC1F800C0BDE860
:1020C000F0037047184A904208BF0F60BDE8F00364
:1020D000704700001060024000600240286002402B
:1020E0004060024058600240706002403D000020A5
:1020F00088600240400F0020A060024000003D20A8
:10210000B860024010640240086402402864024043
:102110004064024058640240706402400C64024013
:1021200088640240A0640240B864024010B40268AF
:102130001B4BD1F80CC01A400B6843EA0C03D1E9E1
:1021400005C44CEA040C43EA0C03D1F81CC043EA72
:102150000C03D1F820C043EA0C03D1F824C043EAB1
:102160000C03D1F828C043EA0C03D1F834C043EA89
:102170000C03D1F838C043EA0C031A4302604269E9
:10218000D1E90B3C22F0070243EA0C031A434261F7
:102190000A6942604A6882608968C16010BC704701
:1021A0003F801CF02DE9F04F43484FF0000B93B0F7
:1021B00046685F4649F21A0A357CA0F10809706941
:1021C00000EB05100168C1F30D410C1F016811EA15
:1021D0000A0F18BF012735D101684FF440708843BA
:1021E00018BF02272ED140F2EA50844288BF03274D
:1021F00028D844F0004006F07DFB5FEA000844F078
:10220000004108BF04271DD00820726900EB0510AB
:10221000E31C105808F1040220F003009C0805D0CC
:1022200050F8043B42F8043B641EF9D1D9F8002071
:10223000002A1CBF08F104009047404606F0D4FD78
:102240004FF0010B71694FF0004001EB0511086080
:1022500077B1022F08BF4FF0FF343B4617A2402151
:1022600002A80094CFF7AAFA02A9F02008F04EF8CD
:10227000F07A6D1C854208BF00253574706900EB4B
:102280000510006810F0004F99D0174C3574606944
:10229000164D10F0800F06D065610020A06014A1DB
:1022A000F02008F033F86561BBF1000F18BF06F0AD
:1022B000F1FA13B0BDE8F08F180300104554485FE1
:1022C00049525148616E646C657228293A206572E2
:1022D000726F7220256420666F72206672616D6570
:1022E0005B25645D0000000000900240C08001009A
:1022F0004554485F49525148616E646C65722829A3
:102300003A206572726F72203500000010B54FF4EC
:10231000005000F033F8012420B1600300F028F8E9
:10232000124804714FF4805000F028F828B14FF49F
:10233000805000F01DF80D4844714FF4804000F0CB
:102340001DF828B14FF4804000F012F8074884715E
:102350004FF4004000F012F8002808BF10BD4FF401
:10236000004000F005F80148C47110BD08030010DA
:102370000149086070470000143C0140034A0146CF
:10238000002012680A4218BF01207047143C014027
:102390008379214A0168002B34D0136823EA0101B4
:1023A0001160111D0A6803689A430A60017901F1FE
:1023B000804101F59E310A6803681A430A60174A92
:1023C0001168036899431160131D1968D0F800C0A3
:1023D00021EA0C0119604179102908D001F18041EE
:1023E00001F59E310A680068104308607047116863
:1023F000D0F800C041EA0C01116019680068084378
:1024000018607047007900F1804000F59E30026846
:1024100022EA010101607047003C0140083C014094
:102420002DE9F0010022012603270B6806FA02FCC1
:1024300003EA0C0363453BD10568530007FA03F434
:10244000A54305600D79D0F800809D4045EA080558
:1024500005600D79012D18BF022D1AD1856825EA76
:10246000040585604D79D0F8088005FA03F545EA42
:1024700008058560456825EA0C0CC0F804C0D0F852
:1024800004C08D7905FA02F5ADB24CEA050CC0F82E
:1024900004C0D0F80CC02CEA040CC0F80CC091F8B1
:1024A00007C00CFA03F3D0F80CC043EA0C03C36076
:1024B00002F10102102AB8D3BDE8F00170474B07C2
:1024C000DB0E9A40C90800EB8100016A4FF00F0C47
:1024D0000CFA03F399430162016A114301627047E8
:1024E0000246002012690A4218BF012070470246C6
:1024F000002052690A4218BF01207047418370478B
:10250000018370474FF6FF71016000210171417135
:102510008171C17170474269514041617047002A21
:1025200014BF0183418370470029018814BF41F41F
:10253000806121F4806101807047838A0022008BD2
:1025400043EA004020F07F4031EA000008BF01224A
:1025500010467047C943818270470029018814BF23
:1025600041F0010121F0010101807047002901883B
:1025700014BF41F4807121F48071018070470029FB
:10258000018814BF41F4007121F40071018070478B
:1025900082B00246002000920A0F21F07F41019292
:1025A00008BF090C009A14BF143218320092126846
:1025B0000A4218BF012002B07047818A008B41EAAD
:1025C000004020F07F40704770B50446808884B09A
:1025D0000D4620F03F06684600F0F8F829490298B9
:1025E000B0FBF1F189B246EA0102A280228822F012
:1025F00001022280244B2A689A421DD85200B0FB67
:10260000F2F080B2042838BF0420491C2184A08342
:10261000208840F0010020802088A9886A8920F065
:102620000A0020F48060114308432080A88929898A
:102630000843208104B070BDEB88A3F53F4CBCF18A
:10264000FF0C19D002EBC20303EB0212B0FBF2F055
:1026500080B240F480400205120D08BF40F0010036
:1026600040F400404FF4967251434FF47A72B1FB3C
:10267000F2F1491C2184CAE702EB4202B0FBF2F0FE
:1026800080B2E8E740420F00A0860100002A14BF94
:1026900041F0010101F0FE010182704701827047A3
:1026A00010B4C27801784FF00F0C01241AB3184A05
:1026B000126801F1E02102F4E062C2F5E062C2F3C7
:1026C0000722C2F104032CFA02FC42789A40837874
:1026D00003EA0C031A43120181F80024007800F089
:1026E0001F0104FA01F14009800000F1E020C0F868
:1026F000001110BC704701F01F0004FA00F04909F6
:10270000890001F1E021C1F8800110BC7047000090
:102710000CED00E0034940F0FD7040F0806008607F
:10272000704700000CED00E021F07F0121F06041D6
:10273000084301490860704708ED00E0044A002999
:10274000116814BF084321EA0000106070470000C0
:1027500030380240044A0029116814BF084321EAB6
:10276000000010607047000010380240044A002941
:10277000116814BF084321EA000010607047000090
:1027800040380240044A0029116814BF084321EA76
:10279000000010607047000020380240044A002901
:1027A000116814BF084321EA000010607047000060
:1027B00044380240044A0029116814BF084321EA42
:1027C000000010607047000024380240DFF88CC021
:1027D00030B4DCF80010224D11F00C0106D0214C71
:1027E000042908BF046002D008291DD00560DCF868
:1027F00000100F221C4B02EA1111595C026822FAE8
:1028000001F14160DCF80020072404EA92229A5C7E
:1028100021FA02F28260DCF8002004EA52329A5C6B
:10282000D140C16030BC7047104A1168C1F3805379
:102830001168002B01F03F0114BFB4FBF1F1B5FBAF
:10284000F1F113681268C3F388135943C2F30142CC
:10285000521C5200B1FBF2F10160C8E70838024097
:102860000024F40080F0FA02E00300100438024073
:1028700000200CF0B7BF01200CF0B4BF02200CF018
:10288000B1BF0029018814BF41F0400121F040018F
:102890000180704710B5A0F18041B1F5983124D086
:1028A000A0F18041B1F560512AD0A0F18041B1F58D
:1028B000705130D0A0F18041B1F59A3136D0A0F1FD
:1028C0008041B1F5A8313CD0A0F18041B1F5AA31E9
:1028D00018BF10BD01214805FFF76CFFBDE810408F
:1028E00000214FF40010FFF765BF01210803FFF737
:1028F00061FFBDE8104000214FF48050FFF75ABF40
:1029000001218803FFF73EFFBDE8104000214FF48E
:102910008040FFF737BF0121C803FFF733FFBDE851
:10292000104000214FF40040FFF72CBF0121480365
:10293000FFF740FFBDE8104000214FF40050FFF7C3
:1029400039BF01210805FFF735FFBDE81040002120
:102950004FF48010FFF72EBF0246002012890A4272
:1029600018BF012070470909012303FA01F1002A69
:10297000828889B214BF114322EA01018180704725
:10298000808970478181704710B402880B88B1F844
:1029900002C0CC8843EA0C03B1F804C002F44152EF
:1029A0004CEA040C43EA0C03B1F808C043EA0C03F8
:1029B000B1F80AC043EA0C03B1F80CC043EA0C03B7
:1029C000B1F80EC043EA0C031A430280828B22F452
:1029D00000628283098A018210BC70470149C1F8F4
:1029E000DC007047000027428A0721F0030101F153
:1029F000804101F59831120F0F23D1F808C8934098
:102A00002CEA0303C1F80838D1F80838904018437D
:102A1000C1F808087047000082B0002229490092DE
:102A20000192086840F480200860086840F4803013
:102A30000860086800F4003001900098401C009085
:102A4000019818B90098B0F5A04FF2D1086810F4B9
:102A5000003F02BF019202B07047012001901A4866
:102A6000026842F0805202601848026842F4404214
:102A70000260174802680260026842F40042026085
:102A8000026842F4A0520260031F124A1A600A68E8
:102A900042F080720A600A6812F0007FFBD00E4A92
:102AA00040F205711160016821F0030101600168C5
:102AB00041F002010160016801F00C010829FAD11E
:102AC00002B07047003802404038024000700040B9
:102AD0000838024032544007003C0240010241EAFB
:102AE000102080B27047000030B41B4C20681B4D92
:102AF0001B4910F00C0008D0DFF868C0042808BF9C
:102B0000C1F800C002D008280BD00D602068164A1A
:102B1000C0F30310105C0A6822FA00F0086030BCB1
:102B20007047124A1068C0F380531068002B00F001
:102B30003F0014BFBCFBF0F0B5FBF0F01368126867
:102B4000C3F388135843C2F30142521C5200B0FB36
:102B5000F2F00860DAE70000083802400024F400D0
:102B6000A002001080F0FA021C1B06080438024084
:102B7000134810B5016841F4700101601148016803
:102B800041F001010160104A00211160026822F445
:102B9000102222F080720260031D0C4A1A60026843
:102BA00022F4802202600A48016007F0DFFBFFF791
:102BB00033FF08494FF000600860FFF795FF10BD34
:102BC00088ED00E000380240083802401030002450
:102BD0000C38024008ED00E030B4B0F820C02CF012
:102BE000100CA0F820C0048BB0F820C04FF6FF7581
:102BF00024F4734405EA0333234305EA02221A430B
:102C000005EA01112CF0A003194341F010010283E1
:102C1000018430BC7047000010B5104C8021204664
:102C200000F098F9012818BF10BD0022802120462D
:102C300000F01CFA002002F08FFD012002F08CFD54
:102C4000022002F089FD032002F086FD802120464B
:102C500000F06DF802490120487110BD00000140EC
:102C6000E002001010B5084C0121204600F072F976
:102C7000012818BF10BD0121204600F058F8BDE81A
:102C800010400A200DF032BB0048014010B5084C3E
:102C90000121204600F05EF9012818BF10BD012176
:102CA000204600F044F8BDE8104005200DF01EBBA2
:102CB0000010004010B5084C0121204600F04AF9F0
:102CC000012818BF10BD0121204600F030F8BDE8F2
:102CD000104006200DF00ABB0014004010B5084C4F
:102CE0000121204600F036F9012818BF10BD01214E
:102CF000204600F01CF8BDE810400D200DF0F6BA9B
:102D0000002000400A884B88B1F806C01A438B881F
:102D100043EA0C031A430B891A434B8989891A43E6
:102D20001143A0F844107047C94301827047C9435A
:102D3000018270470029018814BF41F0010121F090
:102D40000101018070470029B0F8441014BF41F41C
:102D50000041C1F30E01A0F84410704710B5A0F176
:102D60008041B1F580314AD0B0F1804F5BD0A0F105
:102D70008041B1F580614CD0A0F18041B1F5006196
:102D80005BD0A0F18041B1F5406160D0A0F18041FD
:102D9000B1F5805165D0A0F18041B1F5A0516AD064
:102DA000A0F18041B1F582316FD0A0F18041B1F541
:102DB000A03174D0A0F18041B1F5A2317AD0A0F158
:102DC0008041B1F5A4317DD0A0F18041B1F5C05171
:102DD00079D0A0F18041B1F5E05175D0A0F18041EA
:102DE000B1F5005118BF10BD01210802FFF7CAFC60
:102DF000BDE8104000214FF48070FFF7C3BC0121F3
:102E00000846FFF7D7FC0021BDE810400120FFF77E
:102E1000D1BC01210220FFF7B5FC0021BDE8104024
:102E20000220FFF7AFBC01210846FFF7ABFC0021F1
:102E3000BDE810400120FFF7A5BC01210420FFF7E9
:102E4000A1FC0021BDE810400420FFF79BBC01213C
:102E50000820FFF797FC0021BDE810400820FFF78D
:102E600091BC01211020FFF78DFC0021BDE810402E
:102E70001020FFF787BC01212020FFF783FC0021F1
:102E8000BDE810402020FFF77DBC01210220FFF7A4
:102E900091FC0021BDE810400220FFF78BBC01210E
:102EA0000804FFF787FCBDE8104000214FF4803094
:102EB000FFF780BC01214804FFF77CFC00214FF4A0
:102EC000003002E005E00FE018E0BDE81040FFF739
:102ED00071BC01218804FFF76DFCBDE810400021A2
:102EE0004FF48020FFF766BC01214020FFF74AFC29
:102EF0000021BDE810404020FFF744BC01218020A4
:102F0000FFF740FC0021BDE810408020FFF73ABCED
:102F100030B40589B0F818C0048C25F007052943A2
:102F20002CF0030C2CF4407C40F201154CEA050C0B
:102F30004FF6FF7505EA031324F022041A432243D7
:102F40000181A0F818C0028430BC704781827047AC
:102F5000406A704702460020128A0A4218BF0120C8
:102F6000704770B50C46054608884988A2882389B1
:102F70004FF6FF7638B3042843D00828288C4ED06B
:102F800020F480502884B5F81CC0288C2CF4734C95
:102F900006EA022242EA0C0206EA03331A4306EA70
:102FA000013120F42040084340F48050AA83288453
:102FB000A079A98B21F44061A983A98B06EA00209E
:102FC0000843A88370BD288C20F001002884B5F840
:102FD00018C0288C06EA03131A432CF0F30C20F0D7
:102FE0000A0042EA0C02084340F001002A832884C8
:102FF000E088298B21F00C012983298B0843288341
:1030000070BD2846FFF7E8FDA079298B21F44061C7
:103010002983298B06EA00200843288370BD20F409
:1030200080702884B5F81CC0288C06EA03131A4364
:1030300006EA01212CF0F30C20F4206042EA0C0295
:10304000084340F48070AA832884E088A98B21F08B
:103050000C01A983A98B0843A88370BD00210180BE
:10306000418001228280C18001817047002A8289CB
:1030700014BF114322EA01018181704710B4028C10
:1030800022F001020284028C8388B0F818C00C88F8
:103090002CF0730C44EA0C0C8C8922F002022243BF
:1030A0004C882243A0F18044B4F580341CBFA0F1C9
:1030B0008044B4F582340DD1CC8922F00802224339
:1030C0008C8822F0040222430C8A23F440732343A9
:1030D0004C8A23438380A0F818C089684163028426
:1030E00010BC704730B4028C22F010020284028CB3
:1030F0008388B0F818C00D882CF4E6444FF6FF7CA6
:103100000CEA05252C438D8922F020020CEA0515D6
:103110002A434D880CEA05152A43A0F18045B5F5F0
:1031200080351CBFA0F18045B5F5823516D1CD891B
:1031300022F080020CEA05152A438D8822F0400215
:103140000CEA05152A430D8A23F440630CEA850531
:103150002B434D8A0CEA850C4CEA030383800483DD
:1031600089688163028430BC704730B4028C22F4D9
:1031700080720284028C8388B0F81CC00C882CF00A
:10318000730C44EA0C048D894FF6FF7C22F4007224
:103190000CEA05252A434D880CEA05252A43A0F1AF
:1031A0008045B5F580351CBFA0F18045B5F5823569
:1031B00016D1CD8922F400620CEA05252A438D88B8
:1031C00022F480620CEA05252A430D8A23F4405339
:1031D0000CEA05152B434D8A0CEA051C4CEA030347
:1031E000838084838968C163028430BC704730B4B3
:1031F000028C22F480520284038C8288B0F81CC0B6
:103200000D884FF6FF742CF4E64C04EA052545EAD8
:103210000C0C8D8923F4005304EA05352B434D88AB
:1032200004EA05352B43A0F18045B5F580351CBF78
:10323000A0F18045B5F5823505D10D8A22F4804292
:1032400004EA851422438280A0F81CC089680164C6
:10325000038430BC7047018582827047828822F0E7
:103260007002828082881143818070474163704779
:1032700081637047C16370470164704710B402886E
:103280001C4BDFF874C0984218BF604511D0B0F1F4
:10329000804F1CBFA0F18044B4F5806409D0A0F138
:1032A0008044B4F500641CBFA0F18044B4F54064D0
:1032B00003D14C8822F070022243A0F18044B4F57F
:1032C00080541CBFA0F18044B4F5A05403D00C89F5
:1032D00022F44072224302804A68C2620A88028550
:1032E000984212BF6045897A01864FF001018182C0
:1032F00010BC704700000140000401404FF0FF3156
:10330000416000210180018141808172704700216C
:1033100001608180817170470021016041607047C8
:1033200003B401984100009850EAC12018BF04205E
:103330004A0D18BF40F0010040F2FF72B2EB515F3E
:1033400008BF40F00200012808BF052002B0704706
:1033500070B52DED020B2DED0A8B82B00D98C40FC8
:1033600020F00045AE48854248D3AE48854219D387
:103370000C99C5F31300084309D09DED0C0B02B066
:10338000BDEC0A8B02B0BDE8704000F009BA002C19
:1033900014BF9FEDA50B9DED0C0B02B0BDEC0A8B8D
:1033A00002B070BD9FEDA20B53EC102B9DED0C0BEA
:1033B00051EC100B0EF058F90AD20220CFF777F833
:1033C00002B0BDEC0A8B02B0BDE8704000F0F4B969
:1033D0009FED990B53EC102B9DED0C0B51EC100B4A
:1033E0000EF008F80AD20220CFF761F802B0BDEC67
:1033F0000A8B02B0BDE8704000F0EEB990489FED36
:1034000092BBA8425CD29248854219D29148784436
:1034100000EBC40090ED000B53EC102B9DED0C0B5A
:1034200051EC100B0EF062F941EC1A0B8A4878440B
:1034300000EBC40090ED009BC4F10100041B36E0DA
:103440009FED870B53EC102B9DED0C0B51EC100BEB
:103450000EF00CF841EC100B8348784400EBC400EC
:1034600090ED001B51EC100B53EC112B0DF0B2FC46
:103470000DF0FCFE04460DF056FF41EC180B9FEDDD
:103480007C0B53EC102B0DF0F1FF9DED0C1B53EC5E
:10349000112B0EF01FF941EC1A0B9FED770B51EC3D
:1034A000180B53EC102B0DF0E1FF41EC190B51EC14
:1034B0001A0B53EC192B0EF019F9CDE90C011BE096
:1034C0006F48854217D29FED700B53EC102B9DED8A
:1034D0000C0B51EC100B0DF07DFC53EC1B2B0EF084
:1034E000C3F808D29DED0C0B53EC1B2B51EC100BC9
:1034F0000DF070FC6EE000249DED0C0B53EC102BD6
:1035000051EC100B0DF0B2FF41EC180B6048052197
:10351000B0EE480AF0EE680A784400F0C5F853ECC3
:10352000182B51EC100B0DF0A1FF9DED0C1B53EC73
:10353000112B0EF0CFF841EC180B9FED570B5CB33D
:1035400053EC182B51EC100B0EF0D0F89DED0C0B3A
:1035500041EC1C0B53EC182B51EC100B0DF086FFBB
:1035600053EC1C2B0DF0EAFC53EC192B0EF0B2F8C7
:1035700053EC1A2B0EF0BAF853EC1B2B0EF0AAF8F2
:10358000CDE900016FF47F70844226DB01EB04502B
:1035900001909DED000B00E753EC102B51EC180B44
:1035A0000EF0A4F89DED0C0B41EC190B53EC182B0D
:1035B00051EC100B0DF05AFF53EC192B0DF0BEFC23
:1035C0009DED0C1B53EC112B0EF090F853EC1B2BC4
:1035D0000EF080F841EC100BDFE608464FF07A5110
:1035E00001EB04519FED2E0B084453EC102B01907E
:1035F0009DED000B51EC100B0DF038FF0D4645EC26
:10360000100B044651EC100BFFF78AFE042808BF8C
:1036100000F0E2F845EC104BBFE6000000000000AF
:10362000422E86400000F07F0000000000000000F5
:10363000EF39FAFE422E864051302DD5104987C011
:10364000422ED63F00000000000000000000F03FC6
:10365000B2A2F03F3EEF00002EEF0000000000009D
:10366000FE822B654715F73FE2EE000000000000E8
:103670000000E0FE422EE63F763C7935EF39EA3D28
:103680000000303E000000009C7500883CE4377E5E
:1036900054EE0000000000000000000000000040A8
:1036A000000000000000700170B504462DED028B93
:1036B0004D1E00EBC500B0EE408AF0EE608A90ED42
:1036C000000B35F0060017D053EC182B51EC100B03
:1036D0000DF0CCFE41EC100B6D1E04EBC50090ED1F
:1036E000001B51EC100B53EC112B0DF073FB41EC54
:1036F000100B35F00600E7D1022D36D0042D1CD07A
:10370000062D1CBFBDEC028B70BD53EC182B51EC89
:10371000100B0DF0ABFE94ED0A1B53EC112B0DF0CA
:1037200059FB53EC182B0DF0A1FE94ED081B53EC44
:10373000112B0DF04FFB41EC100B53EC182B51ECFF
:10374000100B0DF093FE94ED061B53EC112B0DF0B6
:1037500041FB53EC182B0DF089FE94ED040B53EC58
:10376000102B0DF037FB41EC100B53EC182B51ECE8
:10377000100B0DF07BFE94ED021B53EC112B0DF0A2
:1037800029FB53EC182B0DF071FE94ED001B53EC4C
:10379000112B0DF01FFBBDEC028B41EC100B70BD2B
:1037A00010B553EC102B51EC100B0DF013FB41EC4A
:1037B000100B10BD000000009FED050B10B553EC81
:1037C000102B51EC100B0DF051FE41EC100B10BD05
:1037D00000000000000000709FED050B10B553ECD9
:1037E000102B51EC100B0DF041FE41EC100B10BDF5
:1037F000000000000000001012F0004F1FBF22F078
:103800000042D21D22F00703102202BFD21C22F078
:1038100003030C221BB103EB020C8C4501D90120E0
:103820007047024401448360C0E90021C91AD018DE
:1038300088429CBF10600246F9D900201060704792
:1038400030380A2801D2012070470020704700005C
:103850002DE9F0470027DFF8909000280CDA234983
:10386000D9F8002020F000400968024401EB410132
:10387000B2EB910F18D8012705460F3020F0030650
:103880000FB9CDF743FD1A4CD4E90002011B891A88
:10389000B1420CD2044600680028F5D127B9CDF713
:1038A00025FD0020CDF776FD0020BDE8F08772B140
:1038B000101921680160206000F10808C0F8046058
:1038C000D9F800103144C9F8001027B105E004F11F
:1038D00008086660F4E7CDF709FDA8F8005000205D
:1038E000A8F802004046E0E794040010702600109B
:1038F000AC2600102DE9F047074689469046002681
:10390000284C294D0BE0207838B10422394604F1C7
:103910000A0007F051FC012835D00E34761C2888A7
:103920008642F0DB2149384607F080FBD0B91F48BA
:1039300004220021001D07F065FC10B10020BDE845
:10394000F0870026174C0AE0207830B1062249465D
:10395000201D07F031FC01281AD00E34761C28886F
:103960008642F1DB404600F027F80028E7D00D49F9
:10397000C0EBC00001EB40040E3C0422394604F1C8
:103980000A0007F029FC06224946201D07F024FC06
:1039900007480088E07007480078A0700320207076
:1039A0000120CCE7CC430010662600104022001016
:1039B0006826001060260010F0B505460121164863
:1039C0000E46164A03E0037853B10E30491C1388A3
:1039D0009942F8DD1248104B0488002001210DE0C7
:1039E000067045700846F0BD5F78012F04D1DF787E
:1039F000A74201D83C4608460E33491C1788B942F5
:103A0000F2DD0028EFD0044AC0EBC00102EB410117
:103A100001F80E6D4D70F0BDCC430010662600100D
:103A2000682600102DE9F04781460F4600253D4CE1
:103A30003D4E0BE0207838B10422494604F10A00DB
:103A400007F0BAFB012815D00E346D1C3088854272
:103A5000F0DB3649484607F0E9FADFF8C880334D15
:103A600001284FF0040209D00021281D07F0CAFBED
:103A7000E8BB1DE0207803284ED350E04946281DBE
:103A800007F09AFB012806D104220021281D07F027
:103A9000B9FB00B900273846FFF78EFF06003CD07F
:103AA000C6EBC60108EB41040E3C042249461DE06A
:103AB00000271C4C0BE0207838B10422291D04F1AA
:103AC0000A0007F079FB0128D4D00E347F1C30881F
:103AD0008742F0DB0020FFF76FFF06001DD0C6EB2A
:103AE000C60108EB41040E3C0422291D00E013E04E
:103AF00004F10A0007F070FB06220D49201D07F0B3
:103B00006BFB0C480078A0700B480078E0703046E2
:103B100000F036F9022020700020BDE8F087204632
:103B2000FBE70000CC430010662600104022001086
:103B3000E8210608602600106126001070B50D46C9
:103B4000064604220E4907F037FB012814D0304600
:103B500007F07EFA01280FD029463046FFF762FFB2
:103B6000040008D00422314604F10A0007F024FBC7
:103B7000012802D002E0002070BD6570012070BDF8
:103B8000E42106082DE9F0470026DFF8D480DFF8AD
:103B9000D490B246344F5DE0B9F80050691C89B248
:103BA000A9F800103A88914201D3A9F800A02F4942
:103BB000C5EBC50001EB40042078C8B3E07820B124
:103BC000401E10F0FF00E07043D1607801280AD158
:103BD0000422274904F10A0007F0EEFA012806D072
:103BE0006078012818D010F0FF0F02D031E084F87F
:103BF00001A004221F4904F10A0007F0DDFA0128A0
:103C000017D02078032818D0A07800B3401E10F0F9
:103C1000FF00A0701BD012E02078032817D0A078F6
:103C2000A8B1401E10F0FF00A07010D0022005E0E7
:103C30000FE011480088E0700BE00420207098F835
:103C40000000E070681CBDE8F04700F099B884F807
:103C500000A0761C388886429EDBBDE8F087000015
:103C6000612600102003001066260010CC430010CF
:103C700044220010E4210608682600102DE9F041D6
:103C800006460025134C00F10E08134F0DE0207876
:103C900048B1012807D0042204F10A01404607F088
:103CA0008BFA012806D00E346D1C38888542EEDB75
:103CB000BDE8F081062206F10801201D07F08CFA0C
:103CC00006480088E07006480078A0700320207045
:103CD000EEE70000CC4300106626001068260010B6
:103CE000602600102DE9F04105460E462A20FFF718
:103CF000AFFD044605F1080106220F46001D07F03E
:103D00006BFA06221C4904F10A0007F065FA4FF429
:103D1000C16020824FF4807060820820A08206205B
:103D2000A0750420E075268304F12400062239469C
:103D3000064607F051FA05F10E0104F12A000422AB
:103D4000054607F049FA06220B4904F11A0007F06C
:103D500043FA0422094904F1200007F03DFA012248
:103D600031462846FFF7C6FD2046CDF7B7FA204674
:103D7000BDE8F04100F0BCB8194700104022001027
:103D800070B505462A20FFF763FD04460622234945
:103D9000001D07F021FA0622214904F10A0007F06C
:103DA0001BFA4FF4C16020824FF4807161820820B9
:103DB000A0820620A0750420E07521830622184900
:103DC00004F11A0007F008FA0422164904F1200051
:103DD00007F002FA4FF0060265B1002104F1240059
:103DE00007F008FA1049C5EBC50001EB40010422B9
:103DF000091F06E0094904F1240007F0EDF909491B
:103E0000042204F12A0007F0E7F92046CDF766FA0C
:103E10002046BDE8704000F06BB80000E8210608BD
:103E20001947001040220010CC430010062202491E
:103E3000001D07F0C1B900001947001070B5044615
:103E400000F12205204E04222049284607F0B4F94B
:103E500038BB0422002104F11E0007F0D3F908B199
:103E6000002070BD28780E21B1EB101F0ED101206B
:103E70002071002060715E20A071687800F07F00E2
:103E8000E071A8782072E87860720FE0284607F0A9
:103E9000DFF830B901212846FFF7C4FD0028E0D043
:103EA000061D06223146201D07F096F90622084914
:103EB00004F10A0007F090F9082020822046CDF78F
:103EC0000DFA012070BD0000E8210608E421060873
:103ED000194700108A68002A02DC0022CFF7C0BD13
:103EE000521E8A604A68C0B2531C4B601070704703
:103EF00070B500282AD0A0F10806154C0025CDF792
:103F000005FA09E0254624682068800703D0CDF72C
:103F1000EDF9022010E064B1B442F3D10D486168BC
:103F20000B4B0268511A01609C4209D1002060606D
:103F300008E0CDF7DBF90120BDE87040CDF72ABAE3
:103F400020682860BDE87040CDF7D0B970BD000092
:103F5000AC26001094040010114A10B50F491378D4
:103F6000CBB1002808BF0F480C4C237A012B0CD092
:103F7000D0E90030C1E9003002F10C01506801F0D5
:103F80002DF901202072002010BD0822CDF747FF37
:103F9000002808BF10BD4FF0FF3010BD8024001076
:103FA000581D0608F02106080A48007A002804BFB8
:103FB0004FF0FF30704710B5074C606801F0E0F833
:103FC000012804BF002010BD0121606801F07AF9CA
:103FD000002010BD80240010581D06080F480068FE
:103FE000002804BF4FF0FF30704710B584B00C4C70
:103FF000606818B9262001F077FA60600020009010
:1040000001904FF4804002904FF470600390684636
:10401000FDF7D0FB04B0002010BD00006C1D0608A9
:10402000FC020010B3480068002804BF4FF0FF30C6
:1040300070472DE9F04FDFF8C09299B0D9F804002D
:1040400020B9262001F050FAC9F8040001218805A2
:10405000FEF774FB01210802FEF7A0FB0121880294
:10406000FEF79CFB01210846FEF768FB01210220B8
:10407000FEF764FB01212020FEF760FB9F4C2046E9
:10408000FDF790FF9E480025CDE90050D9F80400C7
:10409000CDE902054FF0040BCDF810B02015CDE9A5
:1040A00005504000079080000890401109904002A0
:1040B0000126CDE90A0BCDE90C6569460E9520462F
:1040C000FEF734F801212046FDF763FF8D4C2046B2
:1040D000FDF768FFB00600908B480190D9F8040006
:1040E0006946083002902046FEF720F8012120465C
:1040F000FDF74FFF10A8FEF705FA03248DF84440A2
:1041000010948DF8475010A98048FEF789F91820BF
:1041100010908DF844408DF8475010A97C48FEF768
:104120007FF94FF44C7010908DF844408DF8475053
:1041300010A97848FEF774F9DFF8DCA112958DF824
:104140004C608DF84D601495159516958DF85CB002
:1041500012A95046FDF70AFCDFF8C0B112A9584673
:10416000FDF704FC01231A4608215046FDF728FC00
:104170000123022203215046FDF722FC01230322E2
:1041800009215046FDF71CFC04220123114650462C
:10419000FDF716FC01231A460E215846FDF710FCC8
:1041A0000123022206215846FDF70AFC01230322BF
:1041B0000F215846FDF704FC01230422072158462D
:1041C000FDF7FEFB01215046FDF713FB0121584688
:1041D000FDF70FFB01215046FDF702FB0121584678
:1041E000FDF7FEFA01215046FDF7DBFA01215846A2
:1041F000FDF7D7FA5046FDF72BFC5846FDF728FC93
:10420000D9F80400002870D000215046FDF7FAFAD2
:1042100000215846FDF7F6FA2E463746B8460024E8
:10422000C246DFF8F4B002215846FDF7F4FA68B947
:1042300099F80000401CC0B289F80000642805D23B
:1042400002215846FDF7E7FA0028F1D089F800A0CE
:10425000D9F804004188C0880D440644022158461C
:10426000FDF79CFADFF8B4B002215846FDF7D3FA07
:1042700068B999F80000401CC0B289F800006428B1
:1042800005D202215846FDF7C6FA0028F1D089F878
:1042900000A0D9F804004189C0890F44804402215C
:1042A0005846FDF77BFA601CC4B2202CB9D305F147
:1042B0001000C11700EBD1604111D9F8040001834F
:1042C00006F11001CA1701EBD2614911418307F1D0
:1042D0001001CA1701EBD2614911818308F1100165
:1042E000CA1701EBD2614911C18319B00020BDE8A2
:1042F000F08F00006C1D0608FC02001010640240E4
:104300004C200140286402404C220140000402403D
:104310000000024000140240002001400022014041
:1043200048480068002804BF4FF0FF307047F0B5E0
:10433000454C99B0606818B9262001F0D5F8606046
:1043400001218805FEF7FAF901214802FEF726FA55
:1043500001210846FEF7F2F901210420FEF7EEF9EB
:104360003A4F3846FDF71EFE4FF000700090384877
:104370000190606800242030CDE9020403250495F3
:104380003815CDE9054040000790800008904011A5
:10439000099040020A9001260420CDE90C640B909C
:1043A000694638460E94FDF7C1FE01213846FDF7F7
:1043B000F0FD202016908DF85C508DF85F4016A916
:1043C0002448FEF72DF88DF85C5016968DF85F4066
:1043D00016A92148FEF724F810941294139414940B
:1043E0001E4C8DF844608DF845608DF8545010A92E
:1043F0002046FDF7BBFA0723012205212046FDF7E1
:10440000DFFA072302220A212046FDF7D9FA01200C
:10441000FDF724FB0723032210212046FDF7D0FAE5
:1044200001212046FDF7E5F901212046FDF7D8F9E5
:1044300001212046FDF7B5F92046FDF709FB19B02B
:104440000020F0BD6C1D0608FC0200104064024014
:104450004C210140000002400008024000210140C0
:1044600010B5044601F086FD08B336484168F1B145
:10447000002C08BF012402D0012C08BF00249FEDAE
:10448000320A042C16D201EB840001EB440140886F
:10449000B1F91810A0EB010000EE900AF8EEE00A66
:1044A00020EE800ABDEEC00A10EE100A48E04FF080
:1044B000FF3010BD22D1C888B1F91A20A0EB02004C
:1044C00000EE900A4A88B1F91810F8EEE00AA2EB63
:1044D000010160EE800AFDEEE00A10EE900A00EEA7
:1044E000901A00B2F8EEE00A20EE800ABDEEC00A93
:1044F00010EE101A00FA81F000B210BD052C18BFA2
:1045000010BD4889B1F91C20801A00EE900ACA89B2
:10451000B1F91E10F8EEE00A511A60EE800AFDEEC5
:10452000E00A10EE900A00EE901A00B2F8EEE00AEF
:1045300020EE800ABDEEC00A10EE101A00FA81F0DB
:1045400000B210BDFC020010002474400000000006
:1045500010B5044601F00EFDE8B111484068D0B135
:10456000002C08BF012402D0012C08BF002430F821
:1045700024000CF0EFFE9FED0C1B53EC112B0CF004
:1045800075FF9FED0B1B53EC112B0CF06FFFBDE87B
:1045900010400CF09BBE4FF0FF3010BD000000003B
:1045A000FC020010000000000D0078ECFF7BB5401D
:1045B000000000000000303F012000F001B80000C2
:1045C00010B501282DED028B0AD81B49496839B175
:1045D00001EB40019FED1A8B098C28B115D024E026
:1045E000BDEC028B002010BD08460CF0B3FE9FED21
:1045F000161B53EC112B0CF039FF53EC182B0CF05D
:1046000035FF0CF063FE01460FE008460CF0A2FEF9
:104610009FED0F1B53EC112B0CF028FF53EC182BC4
:104620000CF024FF0CF052FE0146BDEC028B084654
:1046300010BD000000000000FC020010000000009F
:10464000000000000000303F0D0078ECFF7BB5401B
:10465000037C9CF63FEBF0400249896A002908BFC1
:1046600070470847E4220010044902460020496AC6
:10467000002908BF7047104608470000E4220010D8
:1046800010B5E8B115490A78012A20D002680A62FB
:1046900042688A618268CA61C268002A08BF104AFB
:1046A0004A620269002A08BF0E4A8A6290E81D1019
:1046B00001F1040E8EE81D1001200870002010BDCD
:1046C00009A1E12000F02EF84FF0FF3010BD0DA140
:1046D000E02000F027F84FF0FF3010BDE42200107A
:1046E00007F5050803F5050868616C5F626173658D
:1046F0005F696E69742829206E656564732063663E
:104700006700000068616C5F626173655F696E6974
:1047100074282920616C72656164792063616C6C16
:104720006564000070B50E46044602F0BBFC114DF6
:1047300001281EBFAA69002A90472A6A7AB1314629
:1047400020469047F02C00D0FEE702F0ABFC012899
:104750001ABFE869002870BDBDE870400047F02C22
:1047600000D0FEE702F09EFC01281CBFE86900288B
:10477000F2D170BDE422001070B5054602F092FC43
:104780000A4C01281EBFA269002A9047226A12B172
:104790002946F020904702F085FC01281ABFE06905
:1047A000002870BDBDE8704000470000E422001002
:1047B00010B502F077FC012808BF10BD0348C0699E
:1047C000002808BF10BDBDE810400047E4220010DB
:1047D00010B502F067FC012808BF10BD03488069CE
:1047E000002808BF10BDBDE810400047E4220010BB
:1047F0000020704710B50B4A04462146106802F0AD
:10480000E6FC002804BF4FF0FF3010BDFFF7E0FFCB
:10481000204602F0C5FE204602F0F0FCFFF7C8FF7C
:10482000002010BD0422001070B50C460949054651
:1048300016460868294602F0CAFC002812BF002C60
:104840004FF0FF3070BD324621462846BDE870402B
:1048500002F036BD042200102DE9F0470646DFF8CD
:10486000FC90DFF8FC8009EB86070C468CB07D6875
:104870003146D8F8000002F0AAFC002861D0002CD4
:1048800008BF384C3146D9F8000002F0A0FC0128DE
:1048900001D055B119E0202229462046CDF7BFFAB4
:1048A00000284ED10CB0BDE8F0872179607900294D
:1048B00018BF002804D12CA14FF0E300FFF732FF0E
:1048C000202000F011FE0546786094E88F1685E8F8
:1048D0008F16324D0021A85D00F0E0F8A85D00F0D1
:1048E000C5F86078002818BF01208DF82800002046
:1048F0000B902B480AA9C0F80080304602F04EFF0A
:10490000F8B920798DF80000A0788DF80100A06832
:104910000190E068029060798DF80C00E0788DF8E5
:104920000D00206904906069059001208DF8180041
:10493000A0690790E06908906946304602F0ECFCF7
:1049400020B10CB04FF0FF30BDE8F087314603488E
:1049500002F04CFC0CB00020BDE8F08704220010EF
:10496000801D0608B41C060868616C5F63616E5F99
:10497000696E697428293A206E656564206E6F6ED1
:104980002D7A65726F20747820616E6420727820B1
:104990006669666F2073697A65730000B01C06084B
:1049A000E802001070B50C4608490546086829461B
:1049B00002F00DFC002812BF002C4FF0FF3070BD3C
:1049C0002146284602F042FD002070BD042200105E
:1049D00070B50C460B49064615460868314602F08C
:1049E000F6FB002812BF002C4FF0FF3070BD012DE8
:1049F0000CBF0122002221463046BDE8704002F083
:104A000055BD00000422001070B50C46084905464B
:104A10000868294602F0DBFB002812BF002C4FF08B
:104A2000FF3070BD21462846BDE8704002F07EBDD3
:104A30000422001001460248006802F0C8BB0000D2
:104A4000801D060810B5084A04462146106802F089
:104A5000BEFB002804BF4FF0FF3010BD2046BDE86C
:104A6000104002F089BD00000422001010B5044679
:104A700008482146006802F0AAFB002804BF4FF056
:104A8000FF3010BD044800EB0410C1682046884781
:104A9000002010BD10230010BC1E06082DE9F047B1
:104AA0000446DFF89090DFF8908009EB84070E460B
:104AB0007D682146D8F8000002F089FB01281CBF60
:104AC0006FF00E00BDE8F087002E08BF1B4E214698
:104AD000D9F8000002F07BFB012801D05DB10FE0A6
:104AE000012229463046CDF79AF9002818BF4FF029
:104AF000FF30BDE8F087012000F0F6FC0546786045
:104B000030782870204608EB00118A68002A1FBF01
:104B1000CB68002B0B69002B16BF49684FF0FF30A4
:104B20009047050003D12146024802F05FFB28466A
:104B3000BDE8F08710230010BC1E06085C200608A4
:104B40002DE9F04105000AD0164C207878B116A165
:104B5000E020FFF7E7FD4FF0FF30BDE8F0811AA13C
:104B6000E120FFF7DFFD4FF0FF30BDE8F08195E871
:104B7000CF1104F1040E8EE8CF112846FFF780FD17
:104B800005F1140001F002FA05F1150000F0EAFA4F
:104B900005F1180002F06EFA012020700020BDE837
:104BA000F0810000A821001068616C5F636F72657E
:104BB0005F696E6974282920616C7265616479206F
:104BC00063616C6C6564000068616C5F636F726543
:104BD0005F696E69742829206E6565647320636659
:104BE00067000000084810B50178012906D0074980
:104BF000E020FFF797FD4FF0FF3010BD022101705C
:104C0000FFF7F6FD002010BDA8210010B42406080F
:104C10000E4BC0EBC00203EB8202121D012817BF2E
:104C20000228D2E900024FF0FF300246B0F1FF3F08
:104C300018BFB2F1FF3F06D0814224BF1044884222
:104C400084BF01207047002070470000E81E06085E
:104C500070B50546010005D0194C206802F0B7FA7E
:104C6000012802D06FF00E0070BD1648294600687A
:104C700002F0ADFA012820D0C5EBC50004EB80009E
:104C8000041D012D18BF022D17D1207A4FF000010D
:104C900000F046FC002818BF70BD2269002A1FBF23
:104CA00060690028A069002807D02846E16890477D
:104CB00018B92946034802F099FA002070BD000097
:104CC000E81E0608DC2100102DE9F84304461C48C4
:104CD00088461F4615464FF0FF360068214602F011
:104CE00076FA01281AD1002F18BF002D16D04146A0
:104CF0002046FFF78DFF88B108EB0500411E2046D6
:104D0000FFF786FF50B10F49C4EBC40001EB8000F0
:104D1000001D012C18BF022C04D00EE04FF0FF3014
:104D2000BDE8F8834FF000010091D0F814C03B4675
:104D30002A4641462046E04706463046BDE8F8830D
:104D4000DC210010E81E06082DE9F84304461C4843
:104D500088461F4615464FF0FF360068214602F090
:104D600036FA01281AD1002F18BF002D16D041465F
:104D70002046FFF74DFF88B108EB0500411E204695
:104D8000FFF746FF50B10F49C4EBC40001EB8000B0
:104D9000001D012C18BF022C04D00EE04FF0FF3094
:104DA000BDE8F8834FF000010091D0F818C03B46F1
:104DB0002A4641462046E04706463046BDE8F8838D
:104DC000DC210010E81E060803F06EBD03F07ABD7A
:104DD0002DE9F041DFF8EC80394D074698F80000E6
:104DE0006C6801281CBF6FF00E00BDE8F081002F39
:104DF00004BF6FF00100BDE8F0810021286802F0D7
:104E0000E6F9012801D04CB10DE0102221463846C8
:104E1000CDF705F8002843D1BDE8F081302000F03F
:104E200063FB0446686098F8026098F80150FF2E12
:104E300008BF7E78FF2D08BFBD781EB922A0FFF7FE
:104E40009BFC02261DB92EA0FFF796FC022597E8D1
:104E50000F0084E80F007868D0E9001280682161B3
:104E6000C4E90520002000F07DF818B132A1E0204F
:104E7000FFF758FCD4E90201C4E90801002084F8D6
:104E80002800207884F82900344884F82A6084F8BF
:104E90002B50C0F8008004F1200003F031FD18B160
:104EA0004FF0FF30BDE8F081002000F011F9002143
:104EB000034802F09BF903F0EFFF0020BDE8F0810A
:104EC000F0020010A41D060868616C5F6574685FDD
:104ED000696E6974282920666F756E642074786421
:104EE0006D61636170616369747920617420302E33
:104EF0002073657420697420746F203200000000F4
:104F000068616C5F6574685F696E697428292066E2
:104F10006F756E64207278646D616361706163693E
:104F2000747920617420302E207365742069742098
:104F3000746F20320000000068616C5F65746874F3
:104F400072616E736365697665725F696E697428F4
:104F500029206661696C656400000000EC020010A5
:104F600003F048BF2DE9F0412A4F2B4E05460021A2
:104F70007C68306802F02BF901281CBF6FF00E002E
:104F8000BDE8F081002D08BF244D0021387802F0E3
:104F900003F9012801D05CB10FE001222146284627
:104FA000CCF73DFF002818BF4FF0FF30BDE8F0817F
:104FB000012000F099FA0446786028782070F068A3
:104FC00000281CBF306900281AD0706900281CBF57
:104FD000B069002814D0F06900281CBF306A00288E
:104FE0000ED04FF00001306802F0F1F80C49087063
:104FF00008464160002004F021F8040007D102E0D7
:105000004FF0FF30F9E70021024802F0CCF82046CB
:10501000BDE8F081BC0200106C1F0608981C060851
:10502000B402001070B506460B480D461446002128
:10503000407802F0B1F8002812BF002C4FF0FF308A
:1050400070BD064823462A46D0F820C03146BDE848
:1050500070404FF000006047BC0200106C1F060853
:1050600010B504460A480021407802F095F800285F
:1050700004BF4FF0FF3010BD002C04BF6FF00100E3
:1050800010BD044821468269BDE810400020104749
:10509000BC0200106C1F060870B504460A480D4695
:1050A0000021407802F078F8002812BF002C4FF061
:1050B000FF3070BD05482A462146C369BDE87040EF
:1050C0004FF0000018470000BC0200106C1F0608DB
:1050D00030B5224D044683B00021287802F05CF8F8
:1050E000002802BF4FF0FF3003B030BD00216878C8
:1050F00002F052F8012812D0684603F0BDFF0028E4
:105100001CBF03B030BD002C1CBF9DF800002070F8
:105110000021681C02F047F803B0002030BD1048A1
:105120004169002908BF4FF0FF300AD0FF218DF8F8
:105130000410426901A9002090479DF804108DF8E1
:105140000010002C04BF03B030BD684603F056FFCA
:105150009DF80010217003B030BD0000BC020010AB
:105160006C1F060805490A78002A1CBF4FF0FF3063
:10517000704701200870002070470000F003001005
:105180002DE9F0411349C4B2FF2C4E6818BF5FEA05
:10519000104507D0104F294637F8140002F00AF8DE
:1051A000012802D00320BDE8F08107EB440064F33E
:1051B000070665F31F46008B294601F0FBFF012817
:1051C000304603D0BDE8F04104F0E8B9BDE8F04155
:1051D00004F026BAD41C0608102200102DE9F0476E
:1051E00084B00746002908BF31490D784FF0FF39D8
:1051F000022D2AD0FEB23C0C91F80180FF2E18BF80
:10520000002C22D0FF2D18BFB8F1FF0F1DD0294868
:10521000214630F8160001F0CDFF01281EBF6FF0C7
:105220000E0004B0BDE8F0872348244AFBB2C169F0
:10523000406A8DF800604FF0000A02EB4306012D32
:1052400007D0C5B1032D1ED029E004B04846BDE803
:10525000F0871B48CDE9014110F808008DF80900DE
:10526000684604F07BF90028EFD106F118002146CA
:1052700001F0A9FF13E0CDE9014A684604F06EF998
:105280000028E2D106E0CDE90140684604F066F965
:105290000028DAD106F11800214601F08FFF2146DF
:1052A000304601F090FF04B05046BDE8F0870000A2
:1052B000E41C0608F41D0608D41C06081022001081
:1052C000DC1C06082DE9F0410F461449C4B2FF2C3E
:1052D0000E681CBF5FEA1045032F10D0DFF8408036
:1052E000294638F8140001F065FF012807D108EBC2
:1052F00044002946008B01F05DFF012803D04FF0E8
:10530000FF30BDE8F081304664F3070065F31F40CD
:10531000394604F0A5F90020BDE8F081D41C060848
:10532000102200102DE9F0410446DFF85880164F96
:1053300008EB840521466E68386801F048FFB0B17B
:105340002146D8F8000001F042FF002808BFBDE860
:10535000F0811EB9012000F0C7F86860204604EB18
:10536000800107EB8101C96809B1884718B14FF086
:10537000FF30BDE8F0812146024801F02FFF0020F8
:10538000BDE8F081C8020010901F06082DE9F8431F
:105390000446DFF8A090DFF8A08009EB84070D46F3
:1053A0007E682146D8F8000001F011FF002836D0B1
:1053B000002D08BF214D2146D9F8000001F007FF5C
:1053C000012801D046B10CE0012231462846CCF735
:1053D00026FD20BBBDE8F883012000F085F80646D5
:1053E00078602878307004EB840008EB80014A680C
:1053F00010788DF800002878002818BF012802D006
:10540000022818BF50788DF801008A68002A1CBF56
:105410000869002803D069462046904718B14FF02C
:10542000FF30BDE8F8832146024801F0DFFE00208E
:10543000BDE8F883C8020010901F0608991C0608F2
:10544000F0B507461C480E4683B01C46154600685A
:10545000394601F0BCFE01282AD1002E1CBF002DC8
:10546000002C25D04FF00001318029802180ADF83B
:105470000010ADF80410ADF80810104907EB8700D4
:1054800001EB800002ABD0F814C001AA694638468F
:10549000E04700281CBF03B0F0BDBDF8001031800C
:1054A000BDF804102980BDF80810218003B0F0BDBC
:1054B00003B04FF0FF30F0BDC8020010901F060887
:1054C00001460248006801F082BE0000901F0608F5
:1054D00010B504460068002808BF10BDFFF7BCF8EF
:1054E0000020206010BD000010B5FFF7BDF80400DB
:1054F00003D103A1E220FFF715F9204610BD0000FB
:1055000068616C5F686561705F6E657728293A2015
:105510006E6F206865617020616E796D6F726500D5
:105520002DE9F047DFF8C880054608EB850782B013
:105530007E680C0008BF2F4C20786FF00E0A0128FF
:1055400008D0DFF8B490294699F8000001F03FFE3A
:10555000012803D002B05046BDE8F0872946D8F8AC
:10556000000001F034FE4FF0FF3A4FF00008012830
:1055700001D066B114E00322B11C2046CCF74FFCE9
:10558000002808BF4046E5D102B0BDE8F0870520FD
:10559000FFF7AAFF00227860064602707868427022
:1055A00020887080A078307114486946C0F8009057
:1055B00020788DF800008DF8018060788DF8020069
:1055C0008DF803802846CDF8048004F061F80028A7
:1055D000C0D12946064801F009FE7A680021084634
:1055E00011707968487002B04046BDE8F08700004D
:1055F00030230010702006080C1E0608F40300106B
:105600002DE9F0411B4F04462146386801F0DFFDCB
:10561000002804BF4FF0FF30BDE8F0812146DFF8DD
:105620005880D8F8000001F0D2FD01281FD007EB08
:10563000C4051249A868FFF7D1FD002818BFBDE8CE
:10564000F08121460C4801F0D1FD0D482146466805
:10565000D8F8000001F0BBFD48B1297A304661F36B
:105660000700698961F31F40797903F0F9FF002091
:10567000BDE8F081A81F0608D0020010A81C06088B
:105680009C1C060870B504460D48214645680D4827
:10569000006801F09CFD002804BF4FF0FF3070BD92
:1056A000094A284602EBC4010B7A498963F30700D3
:1056B00061F31F405179BDE8704003F0D1BF000095
:1056C0009C1C0608D0020010A81F060870B50446EE
:1056D0000D48214605680D48006801F078FD002856
:1056E00004BF4FF0FF3070BD094A284602EBC401E9
:1056F0000B7A498963F3070061F31F401179BDE814
:10570000704003F0ADBF00009C1C0608D0020010E2
:10571000A81F060870B504460C48214685680C4849
:10572000006801F054FD002804BF4FF0FF3070BD49
:10573000084800EBC40128460A7A4989BDE8704050
:1057400062F3070061F31F4003F078BF9C1C06085A
:10575000D0020010A81F06082DE9F04706460146B2
:10576000062812D24348006801F031FD68B1DFF825
:105770000881DFF808910025414C424F062E58D28F
:10578000DFE806F00714212E3D4A4FF0FF30BDE858
:10579000F087607818B900214046FDF7D4FA4FF43D
:1057A00000513846FCF7AAFE257025E0207818B98C
:1057B00000214046FDF7C7FA4FF480513846FCF708
:1057C0009DFE657018E0E07818B900214846FDF7A5
:1057D000BAFA4FF480413846FCF790FEA5700BE012
:1057E000A07818B900214846FDF7ADFA4FF4004102
:1057F0003846FCF783FEE5700020BDE8F08760784E
:1058000018B900214046FDF79EFA4FF40051384682
:10581000FCF774FE2570CBE7E07818B90021484604
:10582000FDF791FA4FF480413846FCF767FEA5700A
:10583000D8E700214046FDF786FA00214846FDF7EB
:1058400082FA4FF480513846FCF758FE4FF400516D
:105850003846FCF753FE4FF480413846FCF74EFEC5
:105860004FF400413846FCF749FE25706570A5707D
:10587000C1E70000E0020010000001400004014008
:10588000D8020010001002402DE9F0410446014604
:10589000062811D24148006801F099FC60B1214608
:1058A00001243F483F4E404D404F062957D2DFE884
:1058B00001F007121D2935454FF0FF30BDE8F0819A
:1058C0000121FDF740FA4FF400513046FCF718FE75
:1058D0002C70BDE8F0810121FDF735FA4FF48051BD
:1058E0003046FCF70DFE6C70BDE8F08101213846B2
:1058F000FDF729FA4FF480413046FCF701FEAC7009
:10590000BDE8F08101213846FDF71DFA4FF4004152
:105910003046FCF7F5FDEC70BDE8F0810121FDF7A4
:1059200012FA4FF400513046FCF7EAFD4FF4805173
:105930003046FCF7E5FD2C71BDE8F08101213846C9
:10594000FDF701FA4FF480413046FCF7D9FD4FF4E2
:1059500000413046FCF7D4FD6C71BDE8F0810121B7
:10596000FDF7F1F901213846FDF7EDF94FF48051CB
:105970003046FCF7C5FD4FF400513046FCF7C0FD42
:105980004FF480413046FCF7BBFD4FF400413046F8
:10599000FCF7B6FD2C706C70AC70BCE7E002001038
:1059A0000000014000100240D80200100004014035
:1059B0000148407970470000E00200102DE9F04FE7
:1059C000DFF8D0939BB0D9F80000002802BF4FF059
:1059D000FF301BB0BDE8F08FFE2501211020FCF741
:1059E000ADFE6846FCF78EFD4FF47040009001203C
:1059F0008DF8040000248DF805408DF806408DF8E0
:105A000007406946E448FCF70BFD4FF48051E2483B
:105A1000FCF776FD4FF40051DF48FCF771FD4FF4C1
:105A20008041DD48FCF76CFD4FF40041DA48FCF79B
:105A300067FD01210820FCF781FE6846FCF762FD46
:105A40000F2000908DF804408DF8054001208DF85E
:105A500006008DF807406946D048FCF7E1FC0121BB
:105A60000846FCF76BFE6846FCF74CFD02274FF436
:105A700074608DF8047000908DF805708DF8064004
:105A80000120C74E8DF8070069463046FCF7C8FC78
:105A9000012206213046FCF712FD01220821304682
:105AA000FCF70DFD012209213046FCF708FD01221B
:105AB0000A213046FCF703FD01220B213046FCF79A
:105AC000FEFCB848FDF74AF915A8FDF717FC0121BF
:105AD0000846FCF763FE4FF452601690ADF85C4048
:105AE0000120ADF854404FF060088DF85E00ADF82D
:105AF000568015A9AB48FDF7C1FBADF80880012021
:105B0000ADF80A00ADF814404FF0080AADF818409F
:105B1000ADF80C400494ADF816A0ADF81A4002A9F7
:105B2000A048FDF7ABFA4FF4D25602A99D4804965F
:105B3000FDF7A4FA02A99B480496FDF7D3FA02A93F
:105B400098480496FDF711FB02A996480496FDF7C4
:105B50004EFB4FF4006BADF834B07802ADF8360070
:105B60008010ADF838005420ADF83A00F802ADF8D6
:105B70003C004000ADF83E00ADF840400DA989481A
:105B8000FDF7C0F880218748FDF7D1F80122802178
:105B90008448FDF76BFA01210802FCF7CFFD684647
:105BA000FCF7B0FC8DF80470F4208DF805700090BF
:105BB0008DF8064001207C4F8DF807006946384675
:105BC000FCF72EFC032204213846FCF778FC032264
:105BD00005213846FCF773FC032206213846FCF702
:105BE0006EFC032207213846FCF769FC03220221E0
:105BF0003846FCF764FC6D4F3846FDF7AFF818A83F
:105C0000FDF77CFB01210220FCF7C8FD7010199004
:105C1000ADF868400120ADF860408DF86A00ADF83D
:105C2000628018A93846FDF729FBADF81C800120D9
:105C3000ADF81E00ADF82840ADF82C40ADF820407E
:105C40000994ADF82AA0ADF82E4007A93846FDF713
:105C500015FA07A938460996FDF710FA07A938463C
:105C60000996FDF73FFA07A938460996FDF77DFA30
:105C700007A938460996FDF7BAFAA81CADF84800FE
:105C80005420ADF84A00ADF84C407814ADF844B05B
:105C9000ADF84E00ADF84640ADF8504011A9384679
:105CA000FDF730F880213846FDF741F801228021C8
:105CB0003846FDF7DBF920213A48FDF7CFFA0121FC
:105CC0003848FDF743F901213648FDF72DF8002249
:105CD00001213448FDF7CAF901213248FDF72AF8BD
:105CE00000213048FDF72FF8002201213846FDF74A
:105CF000BDF901213846FDF71DF800213846FDF7B2
:105D000022F819208DF8300004208DF831008DF82C
:105D1000324001208DF833000CA8FCF7C1FC244E62
:105D2000182074718DF8300003208DF831008DF843
:105D3000324001208DF833000CA8FCF7B1FC0020A4
:105D4000A6F108010C54401CC0B20628FAD3FE2D5F
:105D500004BF0024012509D0062D03D2294614488A
:105D600001F044FA1BB00020BDE8F08F2146062C5C
:105D70000AD2D9F8000001F02AFA012804D13571BD
:105D800021460B4801F032FA601CC4B2062CEDD358
:105D9000E8E70000F01F060800100240000C024077
:105DA00000000240000001400020024000040140C9
:105DB000E00200102DE9F0410C4607460146062896
:105DC00018D25B48006801F002FA98B1002C15DB8C
:105DD000B4F5526FC8BF4FF4526402DC142CB8BF44
:105DE0001424544D544E062F44D2DFE807F01228F5
:105DF000394F60854FF0FF30BDE8F0816042B0F56B
:105E0000526FC8BF4D4C60421428B8BF6FF01304E6
:105E1000E7E7002C08DD21462846FDF72BFA002194
:105E20002846FDF729FA64E0604204B200212846C2
:105E3000FDF720FA21462846FDF71EFA59E0002C0E
:105E400005DD21462846FDF711FA002106E06042F3
:105E500004B200212846FDF709FA2146284607E04A
:105E6000002C08DD21463046FDF700FA00215DE0F8
:105E7000FDF7FEF93DE0604204B200213046FDF737
:105E8000F5F921463046FDF7F3F932E0002C05DD47
:105E900021463046FDF7EEF9002106E0604204B2EB
:105EA00000213046FDF7E6F9214630461FE0002C80
:105EB0000DDD21462846FDF7D9F900212846FDF7DA
:105EC000D7F921462846FDF7D5F900210EE06042BA
:105ED00004B200212846FDF7C9F921462846FDF7FE
:105EE000C7F900212846FDF7C5F921462846FDF7E8
:105EF000C3F90020BDE8F081002C08DD21463046C2
:105F0000FDF7B8F900213046FDF7B6F9AAE760427F
:105F100004B200213046FDF7ADF921463046FDF7C9
:105F2000ABF900213046FDF7A1F9214630469FE745
:105F3000E00200100000014000040140E0F2FFFF19
:105F40000A480179002904BF4FF0FF30704710B5AF
:105F500000214171064C80212046FCF7E8FE012219
:105F600080212046FDF782F8002010BDE0020010DD
:105F7000000001400146062824BF00207047024867
:105F8000006801F024B90000F01F060800B597B0C2
:105F900012A8FCF71BFC0E48129B8168994207D19E
:105FA000C168159A914203D10069149988420CD0B6
:105FB000DDE91410CDE9000106A2402102A8CBF7CB
:105FC000FDFB02A9E020FEF7ADFB17B0002000BDED
:105FD000441D060868616C5F6D70752077726F6E86
:105FE00067207370656564733A20637075203D2087
:105FF000256420687A2C2066627573203D20256414
:1060000020687A2C2073627573203D2025642068F7
:106010007A00000070B50B4D04462146286801F057
:10602000D6F8002804BF4FF0FF3070BD2146054868
:1060300001F0D4F805EB8400001DFFF749FA0020B9
:1060400070BD00001C230010144A10B502EB800143
:106050004C680146106801F0BAF8002804BF4FF000
:10606000FF3010BDD4F802000121FFF72BF9A07911
:10607000FF2819BFA07AFF28002010BD4FF00100B3
:1060800000F0F2FFD4F806000121FFF71BF9D4F865
:106090000A000121FFF716F9002010BD1C23001093
:1060A0002DE9F0410546DFF8BC800E4608EB850778
:1060B00029467C68D8F8000001F089F800284CD007
:1060C000FF2E1ED0D4F802000121FFF7FBF80120BB
:1060D00000F0CAFF2448815DD4F80600FFF7F2F80B
:1060E0002248815DD4F80A00FFF7ECF8012000F0A7
:1060F000BBFFD4F802000021FFF7E4F80020BDE860
:10610000F081A079FF2804BFA07AFF28F1D02946AA
:106110007C68D8F8000001F05AF8F0B1D4F8020019
:106120000121FFF7CFF8A0790025FF2819BFA07A39
:10613000FF282846BDE8F0814FF0010000F094FFF1
:10614000D4F806000121FFF7BDF8D4F80A000121B8
:10615000FFF7B8F82846BDE8F0814FF0FF30BDE802
:10616000F08100001C23001061200608642006084E
:1061700070B5094A0D4602EB80014C680146106873
:1061800001F025F8002804BF4FF0FF3070BDD4F8AF
:1061900002002860002070BD1C2300102DE9F0478C
:1061A0000546DFF8C490DFF8C48009EB85070E468A
:1061B0007C682946D8F8000001F009F8002804BFDF
:1061C0004FF0FF30BDE8F0872946D9F8000000F015
:1061D000FEFF012804BF0020BDE8F087002E08BFA5
:1061E000234E24B90E20FFF77FF9044678603078FB
:1061F000207005EB450008EBC0004269C4F802209E
:106200004168C4F80610C068C4F80A00194910466D
:10621000FEF7E4FFD4F802000121FFF753F8A0795C
:10622000FF281CBFA07AFF2817D04FF0010000F014
:106230001BFFD4F806000F49FEF7D0FFD4F8060084
:106240000121FFF73FF8D4F80A000A49FEF7C6FF1C
:10625000D4F80A000121FFF735F82946024800F07A
:10626000C5FF0020BDE8F0871C230010F41F0608BE
:10627000602006086820060810B504460146042878
:1062800013D21348006800F0A2FF70B14FF0FF3046
:1062900074B1012C11D0022C15D0032C18BF10BDE5
:1062A0000C48BDE81040FCF753BE4FF0FF3010BD66
:1062B000BDE810400848FCF74BBEBDE810404FF069
:1062C0008040FCF745BEBDE810400448FCF740BEE6
:1062D00008030010000C00400004004000080040CB
:1062E0002DE9F04F89B004460146042822D2CC485B
:1062F000006800F06CFFE8B1CA482146006800F071
:1063000066FF012802BF002009B0BDE8F08F00251C
:10631000022603274FF004094FF47A3A4FF0080899
:106320004FF4FA4B5CB1012C5BD0022C7DD0032CD6
:1063300000F0178109B04FF0FF30BDE8F08F012168
:106340000220FCF713FA01210420FCF7F7F9684654
:10635000FCF7D8F88DF80460C0208DF80570B24EB7
:1063600000908DF806508DF8075069463046FCF7CE
:1063700057F8022206213046FCF7A1F80222072135
:106380003046FCF79CF8A94E3046FCF7E7FC02A823
:10639000FCF7B4FFADF80850CDF80CA0ADF81050E4
:1063A000ADF80A5002A93046FCF768FF00231A46F0
:1063B00003213046FCF7ACFD05A8FCF74FFEADF815
:1063C0001C8005A93046FCF7CCFDADF8149005A95A
:1063D0003046FCF7C6FD9648C0F800B001213046B3
:1063E00067E001210846FCF7C1F901210846FCF7E6
:1063F000A5F901210220FCF7A1F96846FCF782F813
:106400008DF8046001208DF80570DFF828B2009047
:106410008DF806508DF8075069465846FCF700F88D
:10642000CDF800808DF8046000E045E08DF805703F
:10643000814E8DF806508DF8075069463046FBF7BF
:10644000EFFF012200215846FCF739F80122032111
:106450003046FCF734F83005FCF780FC02A8FCF766
:106460004DFFADF80850CDF80CA0ADF81050ADF8C8
:106470000A5002A93005FCF701FF00231A46032148
:106480003005FCF745FD05A8FCF7E8FDADF81C80DC
:1064900005A93005FCF765FDADF8149005A9300598
:1064A000FCF75FFD4FF48021080341626349C1623C
:1064B0000121FCF73FFCABE001210420FCF756F979
:1064C00001210820FCF73AF96846FCF71BF88DF823
:1064D00004604FF440508DF80570594E00908DF8CF
:1064E00006508DF8075069463046FBF799FF0222A7
:1064F0000C213046FBF7E3FF02220D213046FBF76B
:10650000DEFF504E3046FCF729FC02A8FCF7F6FEF1
:10651000ADF80850CDF80CA0ADF81050ADF80A5009
:1065200002A93046FCF7AAFE00231A460321304692
:10653000FCF7EEFC05A8FCF791FDADF81C8005A961
:106540003046FCF70EFDADF8149005A93046FCF777
:1065500008FD3D48C0F800B001213046FCF7EAFBD9
:1065600056E001210820FCF701F901218020FCF709
:10657000E5F86846FBF7C6FF8DF804604FF440600D
:106580008DF80570314E00908DF806508DF807504B
:1065900069463046FBF744FF02220A213046FBF7EA
:1065A0008EFF02220B213046FBF789FF284E304632
:1065B000FCF7D4FB02A8FCF7A1FEADF80850CDF81B
:1065C0000CA0ADF81050ADF80A5002A93046FCF707
:1065D00055FE00231A4603213046FCF799FC05A816
:1065E000FCF73CFDADF81C8005A93046FCF7B9FC72
:1065F000ADF8149005A93046FCF7B3FC15493013EB
:10660000086015490D48086001213046FCF792FBEF
:106610002146044800F0EAFD09B00020BDE8F08FF3
:10662000582006080803001000080240000400403B
:10663000240400400000024000040240C0C62D00B7
:10664000000C02400008004024080040001C0240EA
:10665000000C0040240C00402C0C0040274800682F
:10666000002808BF704770B5254E86B030780128E5
:1066700004BF06B070BD01214020FCF75FF8012186
:106680008803FCF78BF86846FBF73CFF00244FF4C7
:1066900070458DF8044000958DF80740694619480B
:1066A000FBF7BEFE0C210620FCF79EF90D2106200B
:1066B000FCF79AF90E210620FCF796F90F21062027
:1066C000FCF792F98DF80C40082002958DF80D002A
:1066D00001258DF80E5002A8FBF75AFE28208DF8F0
:1066E00010000D208DF811008DF812408DF8135018
:1066F00004A8FBF7D5FF357006B070BD582006081A
:1067000004030010001802402DE9F041214C064618
:106710000146206800F05BFD002836D0304603F0CB
:106720003BFBB0F1FF3F30D004EB860700247D68CF
:10673000E86A10B102F0D4FCEC62286B10B102F0F0
:10674000CFFC2C63686A10B102F0CAFC6C62686B03
:1067500020B105F13400FEF7BBFE6C632C606C6069
:10676000AC60EC602C616C61AC61EC612C626C62C1
:10677000AC62EC62381D2C63FEF7AAFE3146054878
:1067800000F02CFD0020BDE8F0814FF0FF30BDE8A7
:10679000F0810000402300102DE9F0410E4F0D461E
:1067A000044601461646386800F011FD002804BF73
:1067B0004FF0FF30BDE8F081002D04BF6FF0010005
:1067C000BDE8F08107EB8400324640682946406A04
:1067D000BDE8F04102F0C7BC40230010034B024A61
:1067E0001A6008F0C3BE0000401E0608F80300103F
:1067F00070B51546084A0E4602EB80014C6801460A
:10680000106800F0E4FC00280EBF4FF0FF30C4E930
:106810000565002070BD00004023001010B504463F
:1068200001460C48006800F0D2FC00280DBF4FF074
:10683000FF30094850F8244010BD80212046FCF765
:106840008BF80128F9D000212046FCF71AF8002027
:1068500010BD0000402300109C20060810B504461F
:1068600001460948006800F0B2FC002804BF4FF060
:10687000FF3010BD05480022602150F82400FCF7CD
:1068800072F8002010BD0000402300109C20060874
:1068900070B5134A0D4602EB80014C680146106842
:1068A00000F095FC002804BF4FF0FF3070BD607A07
:1068B00094F823105DB110FB01F22946606BCBF711
:1068C000F9FA2946206B02F013FD002070BD10FB81
:1068D00001F1606BCBF7F4FB206B02F0F1FBF4E706
:1068E0004023001070B50A4A0D4602EB80014C6847
:1068F0000146106800F06BFC30B1607AA84222BFFC
:1069000084F82250002070BD4FF0FF3070BD0000B1
:10691000402300102DE9F04105462B480E4600EBC0
:106920008501DFF8A8804C6882B058F825702946A8
:10693000006800F04CFC002811BF002E4FF0FF3023
:1069400002B0BDE8F08158F825004FF000024FF08A
:106950006001FCF708F884F82960E06A02F0B0FBF7
:10696000002084F82800ADF8000094F823100129D5
:106970001ED000226946206B02F0F5FB58F8250076
:1069800001226021FBF7EFFF58F825000121FBF7FA
:1069900078FF02213846FBF7DFFF0028F9D0BDF869
:1069A00000103846FBF7EEFF02B00020BDE8F08192
:1069B0008DF80400002201A9206B02F0D4FB9DF8A1
:1069C0000400ADF80000D9E7402300109C20060821
:1069D0002DE9F0410646DFF88080314608EB860756
:1069E000D8F800007C6800F0F2FB002818BF0025F2
:1069F0002ED008EB8500406828B1417C627C914232
:106A000001D1A0421AD1052D14D1E07DFFF726FF58
:106A1000E07DFFF703FFE07DFFF776FEB0F1FF3F7B
:106A200016D0607CFFF710FB607CFFF7F3FAB0F143
:106A3000FF3F0DD0681CC5B2062DDAD3314606489B
:106A400000F0CCFB381DFEF743FD0020BDE8F081CF
:106A50004FF0FF30BDE8F081E82100102DE9F84348
:106A600015469F4A0E4602EB80014C6801461068AD
:106A700000F0ADFB002800F0D980002E12BF002DE1
:106A80006FF00100BDE8F8834FF0000C85F800C0FE
:106A9000C5F804C0207B4FF0010178B1042831D043
:106AA0000421052841D0012800F0C480022800F00C
:106AB000F380032800F0FF8000F00EB985F800C0D5
:106AC00094F8230000F00702042A7DD094F82220D5
:106AD000FF2A02BFFF2894F82420FF2A1CD010F0C0
:106AE000030F04D02970287940F00200287194F82F
:106AF000230010F0040F67D12970287940F00400BA
:106B000028718BE085F800C094F82200FF2804BFAC
:106B100094F82300FF2857D12970287940F001000C
:106B200028714FF0FF30BDE8F88385F800C085F884
:106B300004C094F83A00002818BF012803D14FF090
:106B400005002870297194F83A00022807D1062020
:106B50002870287900F0070040F00200287194F8AE
:106B6000230094F82220010A00061CEB000394F88D
:106B700024004A41010C00041B1894F825004A41E6
:106B8000010E00021B1894F826004A41191842EB26
:106B90000C00544A030EC0F30747D35C4FEA116858
:106BA0007B40C0F30727D35C7B40C7B2D35C7B40FC
:106BB00048EA0027D35CFFB27B404FEA114848EA1D
:106BC0000047FFB2D35C00E028E07B400F0A47EAB1
:106BD0000060D35CC0B25840C9B2105C484094F821
:106BE0003B10105CC043C0B2814207D00720287020
:106BF000287900F0070040F001002871208FA0F5EF
:106C00007F41FF390AD13849A069884201BF94F811
:106C10003A00032894F83B00FF2802D0A0693060B6
:106C20005AE04FF008002870C5F804C04FF0FF305C
:106C3000BDE8F88385F800C0207FF52804BF94F8EC
:106C40002200A62810D094F82200FF2804BF94F850
:106C50002300FF2808D194F82400FF2802BF94F8ED
:106C60002500FF282970E1D094F83500762804D05B
:106C700094F83500772807D00CE094F82A0048B142
:106C800002212970686005E094F82A0010B1032100
:106C900029706860A0690CE0CDF800C004F13003F1
:106CA00094F834009A1E022100F0B2FED4F82E00AF
:106CB000A061306010E004F13200009004F1300374
:106CC00094F834009A1E022100F0A2FEE08D30609C
:106CD000208E7060608EB0600020BDE8F8830000F8
:106CE000E8210010781B0608FFFF07002DE9F04798
:106CF0000646DFF8D491754F09EB86080D468CB037
:106D0000D8F804403146386800F061FAA8B1002D87
:106D100008BF6F4D3146D9F8000000F058FA01283D
:106D200001D07CB114E0102221462846CBF777F839
:106D3000002804BF0CB0BDE8F0874FF0FF300CB066
:106D4000BDE8F0873C20FEF7CFFB0446C8F80400FE
:106D500095E80F0084E80F004FF0000884F83680B3
:106D600006EB460038442674017AE175427A627473
:106D7000807AA075C4F81880207B022818BF0328E9
:106D800029D04FF000011046FFF708FA00281CBF79
:106D90000CB0BDE8F087607C04F11201FFF7E8F960
:106DA0004C4D05F12C01686A91E80E16009002A87E
:106DB00080E80E1678680190207B012814D018B363
:106DC00001210222042815D005281ED0022836D021
:106DD00003283FD024E0404902EB420001EBC00011
:106DE0004069C4F81200DBE704208DF809008DF833
:106DF0001C8015E08DF81C808DF81D10ADF81E105C
:106E00008DF809208DF808100AE08DF81C808DF8A7
:106E10001D10ADF81E1006208DF809008DF80880B1
:106E2000E07D6946FFF7DAFC00281CBF0CB0BDE826
:106E3000F087207B022819D003283AD031E08DF862
:106E40000B108DF809208DF808108DF81C808DF836
:106E50001D10EEE78DF80B1003208DF809008DF85A
:106E600008108DF81C808DF81D10E2E705F5A2755D
:106E700008AF95E80F0087E80F00E07D012801D1F9
:106E8000012500E000258DF82000A07C8DF824006D
:106E9000A08AADF8260008A9284600F011FD84F864
:106EA00034503146084800F0A1F90CB00020BDE88C
:106EB000F08705F5AA7508AF95E80F0087E80F0081
:106EC000E07D0128DED1DBE7E8210010401F060845
:106ED000481B0608341B0608F41F0608F8B50546CB
:106EE0005648294600EB85060068746800F06FF983
:106EF000002804BF4FF0FF30F8BD237B5BB1042BAB
:106F00001FD0052B33D0012B47D00020022B7CD083
:106F1000032B79D090E0A17D607CFFF7C1F8E07D84
:106F20002A464749FFF764FCE07D0321FFF7DAFCBE
:106F3000E07D4449FFF7ACFCE07D0121FFF7EAFC6E
:106F40007AE0A17D607CFFF7ABF8E07D2A463C4902
:106F5000FFF74EFCE07D0121FFF7C4FCE07D3A49DC
:106F6000FFF796FCE07D0121FFF7D4FC64E0A17DF2
:106F7000607CFFF795F8E07D2A463149FFF738FC41
:106F8000E07D0621FFF7AEFCE07D3049FFF780FC95
:106F9000E07D0121FFF7BEFC4EE0A17D607CFFF7A4
:106FA0007FF8607B01281BD0F5202077FF206077D9
:106FB00074680021D4F81200FEF784F9E07D2A46B7
:106FC0002349FFF715FCE07D0421FFF78BFCE07DF2
:106FD0002049FFF75DFCE07D0121FFF79BFC2BE0E2
:106FE00074682A461C49E07DFFF702FCE07D02211F
:106FF000FFF778FCE07D1949FFF74AFCE07D0121AD
:10700000FFF788FC18E000E00AE00090002394F805
:1070100034001A46012100F0FBFC616851B90BE015
:107020000090002394F834001A46012100F0F0FC8F
:10703000616809B1A06888470020F8BDE821001008
:1070400009F90508381B0608341B0608421B060808
:10705000C1FA05083E1B060861FA0508361B06083A
:10706000004870475A1F060803F092B8EFF30580F6
:107070007047000010B5002808BF07480749D0E94D
:1070800000200A60486000200872C8604FF4407019
:10709000FBF740FB002010BD2C1B0608CC21001084
:1070A00003F0CCB803480068C005C00D18BF01202C
:1070B0007047000004ED00E003F0C2B803F0CDB863
:1070C00003F0D8B803F02CB910B501464FF00060BA
:1070D000FBF72AFB002010BDFF2804BF4FF0FF3054
:1070E0007047F0B51A4F05460C4685B0164629463E
:1070F000386800F06CF830B3002C02BF6FF001006C
:1071000005B0F0BD13480021076000910191029184
:107110000391049160680090607A002814BF0121F7
:1071200000218DF80410207A8DF80500E0680290A7
:107130002069039032466946284603F039F9002851
:1071400004BF05B0F0BD4FF0FF3005B0F0BD00004A
:107150008C1E0608F8020010FF2804BF4FF0FF3015
:10716000704703F01FBAFF2804BF0020704703F0E8
:1071700091BAFF2804BF4FF0FF30704703F0A2BA66
:107180000349097801291CBF0020704703F086B825
:10719000901E060803F0D4B8012202FA01F108405B
:1071A00018BF012070470278012303FA01F111434F
:1071B00001707047084018BF01207047028822EA1A
:1071C000010101807047028811430180704701224C
:1071D00002FA01F1084018BF01207047012302683C
:1071E00003FA01F122EA01010160704701230268FC
:1071F00003FA01F111430160704700002DE9F041ED
:1072000004462C4800EB840100684E682146FFF7D5
:10721000DEFF002812BF002E4FF0FF30BDE8F081E6
:107220004FF00100244D254F86F82C00002C0CBF98
:107230002846384601220321FAF712FD002C0CBF24
:107240002846384601220221FAF70AFD002C0CBF1D
:107250002846384601221146FAF702FD002C0CBFE1
:1072600028463846012248F20871FAF7F9FC002C4A
:107270000CBF1420402002F0F0FF002C0CBF1320A4
:107280003F2002F0DDFF002086F82F00002C0CBF0D
:107290001620422002F0E1FF002C18BF3D4628686E
:1072A00020F001002860686810F00100FBD1BDE803
:1072B000F08100005C230010006400400068004082
:1072C0002DE9F041044613480E4600EB84011746B1
:1072D0004D6800682146FFF77AFF002812BF002E94
:1072E0004FF0FF30BDE8F081002C0CBF142040208F
:1072F00002F0A6FF3A463146A86A01F068FF05464B
:10730000002C0CBF1420402002F0A7FF2846BDE847
:10731000F08100005C2300102DE9F047DFF8F080D9
:10732000064608EB86070D467C6800F0C1FA50B1AE
:107330003146D8F80000FFF74AFF012818BF002D9A
:1073400001D024B123E04FF0FF30BDE8F08795F87D
:10735000009095F80C80B9F1000F18BFB8F1000F3C
:1073600004D12CA14FF0E30002F0D0FF302002F056
:1073700057FF04467860344A1021404601F0CCFFA4
:107380006062314A1021484601F0C6FFA06295E8CC
:107390000F1784E80F17286A2062606A02F088F8E5
:1073A000A06A02F085F8002084F82C0084F82D00F3
:1073B00084F82E0084F82F007C68002E0BBF4FF05D
:1073C00014084FF0400813273F270CBF162542250D
:1073D0006178FF2905D0404602F04CFF404602F09C
:1073E0002FFF617BFF2905D0384602F043FF384666
:1073F00002F026FF217EFF291CBF284602F03AFF3B
:1074000031460348FFF7F2FE0020BDE8F087000098
:107410005C230010686C5F63616E5F696E6974283D
:10742000293A206E656564206E6F6E2D7A65726FE5
:1074300020747820616E64207278206669666F20FF
:1074400073697A6573000000F42006082DE9F041A5
:10745000044615480F4600EB840100264D6800687D
:107460002146FFF7B4FE002812BF002F4FF0FF3077
:10747000BDE8F08195F82F00012806D1002C14BF3B
:107480003F20132002F0DCFE0126686A02F017F8A4
:1074900038702EB1002C0CBF13203F2002F0DDFE0F
:1074A0000020BDE8F08100005C2300102DE9F041D0
:1074B000DFF8748005460C4616462946D8F80000C9
:1074C000FFF785FE002812BF002C4FF0FF30BDE80B
:1074D000F081274608EB8500002D44680CBF13207F
:1074E0003F2002F0ADFE002084F82F003946606A8C
:1074F00001F0BBFF07000ED0012084F82D002846C4
:1075000008F034FB002E04BF284608F0BBFB6FF0E8
:107510000500BDE8F081002E04BF284608F0B2FB4C
:107520003846BDE8F08100005C23001070B50446C9
:1075300010480D4600EB840100684E682146FFF7B5
:1075400046FE002812BF002D4FF0FF3070BD002C0A
:107550000CBF1420402002F073FEB06A01F0AFFFB0
:107560002870002C0CBF1420402002F076FE002072
:1075700070BD00005C23001010B5084A0446214687
:107580001068FFF724FE002804BF4FF0FF3010BD45
:10759000204608F077FB002010BD00005C2300109F
:1075A0002DE9F041644D04468CB021462868FFF770
:1075B0000EFE002836D005EB8400002CD0F80480A5
:1075C0000CBF5E4F5E4FD8F8046086B33846FAF7BA
:1075D000B3FA31463846FAF74BFB002808BF4FF0A4
:1075E000FF3419D01C20FAF717FC002401208DF875
:1075F0000B408DF80C00ADF80040ADF80440ADF83C
:1076000008408DF80D00ADF80240ADF806408DF849
:107610000A406846FAF7AEFA002C02BF00200CB010
:10762000BDE8F0814FF0FF300CB0BDE8F081FFE71E
:1076300004AE3046FAF706FC08A8FBF7C7F8414944
:107640000A9D0024681A8D424BD023DC3E48A5EBEE
:107650000001854247D00DDC3C48281843D000F596
:107660007750B0F578203CD000F57750B0F5782F02
:1076700035D03AE0A1F5F410B0F5906031D000F5C6
:10768000F740B0F5F8102AD000F56550B0F5381F76
:1076900029D02AE02E49421A884224D00FDC00F576
:1076A0006550B0F538101AD000F57750B0F5782055
:1076B00019D000F57740B0F5781F12D015E0A2F58B
:1076C0007420B0F510700AD000F57740B0F578104E
:1076D00007D000F5F740B0F5F81F04D005E01D4CC9
:1076E00002E01D4C00E01D4C1CB91DA1E42002F07D
:1076F0000DFE207861780844C01C98F80010C2B2D2
:10770000002914BF234824481249D1E9053CC9691E
:107710000493CDE905C1B5FBF2F1B1FBF0F0ADF892
:107720001000A0788DF8130020788DF81400607890
:107730008DF815004AE70000502300100064004057
:107740000068004000366E01809FD500403095FFF4
:10775000C0D8A700BC200608BF200608C220060823
:1077600063616E3A206269742073616D706C696E3A
:1077700067206E6F7420737570706F72746564200B
:10778000666F7220746869732063616E636C6F63E7
:107790006B00000020A1070040420F002DE9F043DC
:1077A000DFF8FC900446DFF8FC8009EB84078BB01F
:1077B0007D68D8F800000E4680B100682146FFF7CA
:1077C00006FD58B12146D9F80000FFF700FD012859
:1077D00004D0002E08BF344E55B904E00BB04FF072
:1077E000FF30BDE8F083082002F01AFD05467860FE
:1077F000D6E90001C5E900012C486A4606AFD0E988
:107800000813D0F828C0CDE90013CDF808C0D0E99E
:107810000B13406B0391CDE90430D8F8000003AEA0
:1078200008ADF8B100EB0410011D104601F089FE0F
:10783000D8F8001001EB041000F10C01304601F003
:1078400080FED8F8001001EB0410011D384601F04D
:1078500069FED8F8001001EB041000F10C01284675
:1078600001F060FE684601F079FE06A801F02CFEEA
:1078700003A801F073FE08A801F026FE002C0CBF3F
:107880004FF000704FF080600121FAF76FFF214642
:107890000348FFF7ABFC0BB00020BDE8F08300000D
:1078A00050230010E8020010C8200608BC2006087B
:1078B000014602480068FFF78ABC00005023001010
:1078C000022800D211B94FF0FF3070472DE9F04384
:1078D0000546487887B00C4600287DD003287BD821
:1078E000474E29463068FFF772FC012802BF00208E
:1078F00007B0BDE8F08306EB850046682EB9414A23
:1079000005EB450102EBC10646602778E0684FF0C1
:107910000008B8B13C49006800220860CDF800803A
:10792000CDF804808DF80080E068694600798DF814
:10793000010036480190207802F088FA10B1002842
:1079400043D058E0384602F0B1FB4FF0FF39002831
:1079500051D0A078012830D12C4FD7E90501FA6920
:10796000CDE90001029220798DF81000E088ADF891
:10797000120004A96846CDF8149001F0E2FD6846B3
:1079800001F0ECFD207AFF281CBF6089002814D08C
:10799000D7E90801BA6ACDE900010292207A8DF890
:1079A00010006089ADF8120004A96846CDF8149063
:1079B00001F0C7FD684601F0D1FD94E80F0086E8AC
:1079C0000F00C6F81080A6F814804FF4FA7002F089
:1079D000DFFB29460A4800E00DE0FFF707FC012124
:1079E000284600F093F80221284600F08FF807B0EF
:1079F0000020BDE8F08307B04FF0FF30BDE8F08312
:107A0000AC23001058040010F8030010B821060839
:107A10002DE9F05F3C4D04460F4699469246DDF84D
:107A2000288021462868FFF7D2FB002804BF4FF0CA
:107A3000FF30BDE8F09F05EB84000025446894F812
:107A400000B06678584602F0E9F9002F18BF012F00
:107A500018D14FF00001606801F002FE002E09D934
:107A600000224FF6FF71584602F028FB681CC5B291
:107A7000AE42F5D8584602F06FFB0121606801F074
:107A8000EFFD17B1022F04D01FE04FF4FA7002F09F
:107A90007FFB0021606801F0E3FD0025002E0DD979
:107AA000C5F1020004EB400000F11002002158462D
:107AB00002F004FB681CC5B2AE42F1D8584602F091
:107AC0004BFB0121606801F0CBFD584602F086F9BE
:107AD000002F18BF022F03D04FF00000BDE8F09F29
:107AE000BAF1000F1CBFA08AAAF80000B9F1000F7C
:107AF0001CBF608AA9F80000B8F1000F1CBF208AE3
:107B0000A8F80000E8E70000AC2300102DE9F047DA
:107B100005466B480C4684B000682946FFF757FBC2
:107B200000284FF0FF3004BF04B0BDE8F08700220A
:107B30006349571E01EB8501002C53D0012C7DD0E9
:107B4000022C1CBF04B0BDE8F087009201924C6883
:107B5000002594F800806678404602F05FF9002125
:107B6000606801F07DFD002E88BFE9460CD9C5F1A3
:107B7000020009EB40024FF46741404602F09EFAD2
:107B8000681CC5B2AE42F2D8404602F0E5FA0121C7
:107B9000606801F065FD4FF4FA7002F0F9FA002117
:107BA000606801F05DFD0025002E0DD9C5F10200D1
:107BB00004EB400000F110020021404602F07EFA82
:107BC000681CC5B2AE42F1D8404602F0C5FA0121A8
:107BD000606801F045FD404602F000F904B0384607
:107BE000BDE8F087009201924D68002495F800905E
:107BF0006E78484602F012F90021686801F030FD05
:107C0000002E88BFE8460CD9C4F1020008EB400200
:107C100046F24A71484602F051FA601CC4B2A642CC
:107C2000F2D8484602F098FA0121686801F018FD80
:107C30004FF4FA7002F0ACFA484600E005E002F0BA
:107C4000CDF804B03846BDE8F08700920192029268
:107C50004E68002496F800A096F80180504602F085
:107C6000DDF80021706801F0FBFCB8F1000F88BF5F
:107C7000E94613D9604209EB800505F10A024FF489
:107C8000F041504602F01AFA05F10802062150466A
:107C900002F014FA601CC4B2A045EBD8504602F0C2
:107CA0005BFA0121706801F0DBFC4FF4FA7002F01E
:107CB0006FFA504602F092F804B03846BDE8F087FB
:107CC000AC2300102DE9F0412C4E756890B131784D
:107CD000012904BF0020BDE8F081002D04BF284D1C
:107CE0007560044690F800808068002830D0804796
:107CF00040B12DE023A1E12002F008FB4FF0FF305E
:107D0000BDE8F081D4F8020001F056FCA779D4F860
:107D10000200394601F0A4FC254802F039FA002F90
:107D200014BF00210121D4F8020001F099FC4FF4A6
:107D30007A7002F02DFA0021404601F0A9FC40467D
:107D400001F03EFD20B1BE21404601F005FE18B114
:107D50004FF0FF30BDE8F08194E80F0085E80F0098
:107D6000207B08F03DF8607B08F0E8F8204608F03A
:107D700097F8012030700020BDE8F081AC040010BD
:107D8000B4040010636667206973204E554C4C2084
:107D9000696E20686C5F636869705F6D69637265A6
:107DA0006C5F6B73383839335F696E69740000003B
:107DB000A086010014490978002904BF4FF0FF3064
:107DC000704770B504004FF00100064604BF6FF025
:107DD000010070BD00252570314601F0AFF810F0AC
:107DE000040F03D0207840F00100207002203146BB
:107DF00001F0A4F810F0040F03D0207840F0020046
:107E00002070284670BD0000AC04001005490978B8
:107E1000002904BF4FF0FF30704710B507F09CFFFA
:107E2000002010BDAC040010594B93F800C0BCF109
:107E3000000F04BF4FF0FF3070472DE9F04F14469C
:107E40005A68544B85B092F80090D3E90C281C2353
:107E500000278DF80C300297022882BF6FF00400D3
:107E600005B0BDE8F08F002C02BF6FF0010005B037
:107E7000BDE8F08F0D4650B1012808BF01F1200088
:107E80007ED0022814BF002501F140007ED0792069
:107E900016464FF0010A0DF10C0B60F31746CDE9C1
:107EA00000BA8DF80C3043463246BE21484601F0F8
:107EB000C1FE7A2060F31746CDE900BA8DF80C5068
:107EC00043463246BE21484601F0B4FE802060F3AE
:107ED00017460DF10B00CDE9000A43463246BE219C
:107EE000484601F08BFD812060F317460DF10A0032
:107EF000CDE9000A43463246BE21484601F07EFDE8
:107F0000822060F317460DF10900CDE9000A4346CF
:107F10003246BE21484601F071FD832060F31746CA
:107F200002A8CDE9000A32464346BE21484601F088
:107F300065FD9DF80B109DF8080001F03F0140EA37
:107F400001609DF80A109DF80920090441EA022108
:107F5000084320609DF80B0010F0800F606814BF8C
:107F600040F0010020F0010060609DF80B0010F06F
:107F7000400F606814BF40F0020020F0020000E0F3
:107F800004E0606005B03846BDE8F08FC5B27EE71A
:107F9000AC040010A0220608824B1A78002A04BF05
:107FA0004FF0FF30704708B1032902D96FF001008C
:107FB00070472DE9F04F4FF0000585B05FEA0108EA
:107FC0008146AA4618BF4FF0010B00F0E6807548C5
:107FD00009EB8504406800780490FF208DF80800C4
:107FE0007148002DD0E90A60039004BF1E201F27AE
:107FF00009D0012D04BF2E202F2704D0022D04BF4D
:1080000000203F277ED1C4F800A0022D66D26BF37A
:10801000070660F3174602A8CDE9000BDDE903303F
:108020003246BE2101F0EAFC9DF8080010F0400F36
:1080300003D0206840F0020020609DF8080010F096
:10804000200F03D0206840F00400206007219DF835
:108050000800FFF7A1F8216860F3451121600621AF
:108060009DF80800FFF798F8216860F386112160F9
:1080700005219DF80800FFF78FF8216860F3C7110C
:10808000216004219DF80800FFF786F8216860F35D
:108090000821216003219DF80800FFF77DF8216881
:1080A00060F34921216002219DF80800FFF774F870
:1080B000216860F38A21216001219DF80800FFF703
:1080C0006BF8216860F3CB21216000219DF8080046
:1080D000FFF762F8216860F30C31216002A8CDE956
:1080E000000B8DF808A03246DDE903306BF3070280
:1080F00067F31742BE2101F081FC9DF8080010F0E3
:10810000040F00E044E003D0206840F00800206045
:108110009DF8080010F0020F03D0206840F0100016
:10812000206007219DF80800FFF736F8216860F30A
:108130004D31216005219DF80800FFF72DF82168D9
:1081400060F38E31216004219DF80800FFF724F8C8
:10815000216860F3CF31216003219DF80800FFF70B
:108160001BF80146206861F31040206002219DF851
:108170000800FFF711F8216860F3514121600121E7
:108180009DF80800FFF708F8216860F3924121602C
:10819000681CC5B24545FFF41AAF05B05046BDE8AE
:1081A000F08F0000AC040010A02206082DE9F04179
:1081B000DFF88CC084B00546DCF804402148FF2776
:1081C00001218DF808700091D0E900239CF800008F
:1081D000002802BF4FF0FF3004B0BDE8F081267BDD
:1081E00094F80D8020780DF1080CCDE900C161F301
:1081F0001742BE2101F002FC9DF8080010F0010FAB
:1082000005D0002D1CBF284607F0A6FD14E0FF2E68
:108210000FD0304607F0E4FD404607F08FFE2046C1
:1082200007F03EFE284607F097FD04B00020BDE8A9
:10823000F081002D18BF2F70002004B0BDE8F08140
:10824000AC040010A022060870B584B006460020D9
:1082500014460D46ADF80000ADF80400ADF8080076
:1082600002AA01A9684600F055F800281CBF04B016
:1082700070BDBDF900301D48D0F804C0D80F0028EB
:108280009CF80820DCF804101ABF5842484301FB50
:1082900003F040FA02F318BF5B423360BDF90400FB
:1082A0009CF808104FEAD072DCF80430002A18BF9E
:1082B000404203FB00F040FA01F018BF4042286042
:1082C000BDF908009CF808204FEAD073DCF80410D0
:1082D000002B18BF404201FB00F040FA02F018BF2B
:1082E0004042206004B04FF0000070BDC404001094
:1082F00006490A784868002A04BF00207047002811
:1083000004BF03484860002008707047C404001090
:108310009C2400102DE9F04F0E463D49074685B0DC
:10832000486815460078049000208DF808008DF804
:108330000C003880308010800878002802BF4FF091
:10834000FF3005B0BDE8F08F324801240DF1080977
:10835000D0E9038B282060F31748CDE900945B46F1
:108360004246D021049801F049FB29200DF10C0A66
:1083700060F31748CDE900A45B464246D02104983B
:1083800001F03CFB9DF808009DF80C105B4640EAAC
:10839000012038802A2060F31748CDE90094424636
:1083A000D021049801F02AFB2B2060F31748CDE977
:1083B00000A45B464246D021049801F01FFB9DF8C3
:1083C00008009DF80C105B4640EA012030802C200C
:1083D00060F31748CDE900944246D021049801F09B
:1083E0000DFB2D2060F31748CDE900A442465B4603
:1083F000D021049801F002FB9DF808009DF80C10B4
:1084000040EA0120288005B00020BDE8F08F000080
:10841000C4040010E02206082DE9F04FDFF82481A3
:1084200085B00500D8F8044008BF474D98F8000013
:10843000012802BF002005B0BDE8F08F002C04BF6A
:10844000424CC8F804402878039001F0B9F900289C
:108450006CD0D021039801F07FFA002866D13A4809
:1084600001270DF10809D0E905604FF00F0ACDE9A9
:1084700000976AF31746034604903246D0210398CA
:1084800001F0BCFA002850D19DF80800D3284DD146
:10849000CDE900978DF808A04FF0200BDDE903032C
:1084A0006BF317463246D02101F0C4FB00283CD1C3
:1084B0002320002160F317468DF80810687843F6F2
:1084C000095228B10A21012808D002280BD010E057
:1084D0008DF808100B20626020720AE010208DF8E1
:1084E0000800626004E08DF808B04FF2244060603C
:1084F0002172CDE90097DDE903033246D02101F076
:1085000099FB90B92420324660F31742CDE90097D9
:1085100040208DF80800DDE90303D02101F08AFB3B
:10852000002804BF2888208005D020B105B04FF076
:10853000FF30BDE8F08F88F8007005B00020BDE87E
:10854000F08F0000C4040010E02206089C240010F4
:108550002DE9F0412C4E0500746808BF2B4D307892
:10856000012804BF0020BDE8F0812878FF281AD038
:10857000687801F025F9B0B1002C04BF244C746078
:1085800029686868A160E06094F808C0042380222C
:10859000A021DF025502BCF1050F1BD2DFE80CF071
:1085A000070A0F0F13004FF0FF30BDE8F081217074
:1085B000638002E021702021618067600DE02170FE
:1085C0006280656009E021704FF48071618049022A
:1085D000616002E0217063806760A27A217802F016
:1085E000070241EA42012170E17A032918BF00F035
:1085F000E3FFE17A03291CBFE06801F031F80120B4
:1086000030700020BDE8F081CC040010FA2206088A
:10861000A82400102DE9F0410C46224982B01E46E4
:10862000D1F804C00978002937D09CF808704FF0C1
:10863000FF31FF2F18BF002A11D0002C1CBFDCF81F
:10864000045085420BD92718AF4284BF7D1B641BA1
:10865000B0F5803F9EBF2518B5F5803F0021B1F1F0
:10866000FF3F1AD0022161F3070860F31F48A0B250
:10867000CDE900209CF800109CF80900424601F06A
:10868000BDF9002E04BF02B0BDE8F081002818BF7C
:108690000024346002B0BDE8F08102B04FF0FF303A
:1086A000BDE8F081CC0400102DE9FF4F784F04465F
:1086B00083B03878D7F804901646884600287CD0D6
:1086C00099F808004A464FF0FF31FF2818BF002EE6
:1086D00014D0B8F1000F1CBF5268A2420ED908EBAB
:1086E0000400904284BF801AA8EB0008B4F5803FD4
:1086F0009EBF08EB0400B0F5803F0021B1F1FF3FC1
:1087000078D099F80B00032806D0411E18BF01212C
:10871000D9F80C0000F0A4FF5D48A5B21FFA88FB51
:1087200044686088B5FBF0F100FB1152811ABBFB75
:10873000F0F38FB2BBFBF0F100FB13BA002A5ED05E
:1087400000297CD0ABEB070189B2B1FBF0F2B1FBA1
:10875000F0FA00FB121B5FB1278204F110022946D8
:10876000304607F0ADFC07F059FCE81985B23E44ED
:10877000BAF1010087B228BF4FF0020A19D360880E
:1087800020824348218A6AF307024068CDE90061EC
:10879000017865F31F42407A01F04CFA00202082F4
:1087A00007F03CFC608841198DB2791E06448FB2F7
:1087B000E5D2BBF1000F0BD000E01BE0A4F810B035
:1087C00004F110022946304607F07AFC07F026FC37
:1087D00099F80B10002403291CBFD9F80C0000F0F5
:1087E0003FFF0698002818BFC0F80080204607B059
:1087F000BDE8F08F07B04FF0FF30BDE8F08F11B348
:10880000481E87B24FF0020B608820822048218AE0
:108810006BF307024068CDE90061017865F31F4200
:10882000407A01F007FA0020208207F0F7FB608809
:1088300041198DB2791E06448FB2E5D200E003E003
:10884000BAF1000FC4D017E0BB4515D9278204F157
:1088500010022946304607F033FC07F0DFFBABEB94
:1088600007002082E81981B2F01904F1100207F024
:1088700027FC07F0D3FBABE7A4F810A004F110022B
:108880002946304607F01CFC07F0C8FBA0E70000B3
:10889000CC040010034840688069002808BF704776
:1088A00000470000F002001005494FF00050C1F8E9
:1088B0008001BFF34F8FBFF36F8F00207047000020
:1088C00004E000E009484FF00051C0F88012C0F801
:1088D0000011BFF34F8FBFF36F8F054A526912F03B
:1088E000400F18BFC0F800120020704704E000E0FD
:1088F000009002400149496809690847F0020010E8
:108900002DE9F04F91B00646FF20FF4FFF4C8DF848
:1089100024007D68206810B10078012804D011B0CF
:108920006FF00E00BDE8F08F3878012802BF4FF0DD
:10893000FF3011B0BDE8F08F96F80A9096F80B80E2
:10894000002E1FBF707AFF28D6E9000150EA01000F
:1089500006D0B9F1000F18BFB8F1000F06D009E03A
:10896000EBA14FF0E30001F0D1FC03E0EDA1E32027
:1089700001F0CCFC55B9282001F052FC0546786086
:10898000280003D1F2A1E02001F0C0FC96E80F001E
:1089900085E80F0085F80A9008EB480085F80B8001
:1089A000400201F03DFCE86109EB4900400201F0A2
:1089B00037FC28624FEA081001F032FC68614FEA88
:1089C000091001F02DFCA861E96900291CBF296A82
:1089D000002904D06969002918BF002804D1DCA14E
:1089E0004FF0E00001F092FC002000F027FB18B1EE
:1089F000E0A1E02001F08AFC01218803F9F7CEFE16
:108A000001214806F9F7A6FE0120F9F7E7FF00214A
:108A10004FF00070F9F79EFE01214FF06060F9F70A
:108A20008DFEE24D0AA91091D5E90012AB68CDE99F
:108A300000120293D5E90012AB680593CDE9031249
:108A4000D5E90012AB68CDE90612089321686846A3
:108A50000DF10C0A0DF1300B0DF118090DF138086C
:108A6000283100F06EFD206800F13001504600F022
:108A700068FD206800F13801484600F062FD20687A
:108A800000F12801109800F04DFD206800F1300140
:108A9000584600F047FD206800F13801404600F0DC
:108AA00041FD684600F05AFD0AA800F00DFD03A83C
:108AB00000F054FD0CA800F007FD06A800F04EFDE4
:108AC0000EA800F001FD0AA91091D5E903126B6907
:108AD000CDE900120293D5E903126B690593CDE944
:108AE0000312D5E903126B69CDE9061208932168D8
:108AF0006846103100F025FD206800F1180150464D
:108B000000F01FFD206800F12001484600F019FD2B
:108B1000206800F11001109800F004FD206800F1B9
:108B20001801584600F0FEFC206800F12001404684
:108B300000F0F8FC684600F011FD0AA800F0C4FC43
:108B400003A800F00BFD0CA800F0BEFC06A800F086
:108B500005FD0EA800F0B8FCB878012817D0D5E9BB
:108B600006122B6ACDE90012029321686846D046AE
:108B7000083100F0E6FC206800F10801404600F0F2
:108B8000D1FC684600F0EAFC03A800F09DFC09A8AF
:108B900000F072FA9DF82400FF2803D18449E020F8
:108BA00001F0B4FBDFF80C829DF82400D8F8001027
:108BB00041F00101C8F80010D8F8001011F0010FC1
:108BC000FAD1DFF8F4914FF40041C9F800100228FF
:108BD00018BF042805D1D9F8001041F48041C9F824
:108BE0000010032818BF042805D1D9F8000040F46C
:108BF0000060C9F800004FF48260C9F804004FF02B
:108C00008000C9F81800B088C9F840003178F078C1
:108C100041EA0061B0784FEA0042707842EA0020F1
:108C200041EA0000C9F8440079684FF0000A524652
:108C300081F810A0C87A53464FF0080B4FF00C0C87
:108C4000002888BF4FF48C4424D9C87A5B1C834227
:108C500008BF00234FF000404D6905EB0215286066
:108C60000425486905EB02150BEB021E4451C86947
:108C700002EB420500EB45204D6945F80E004869BE
:108C80000CEB021E00EB031540F80E50C87A521C84
:108C90009042DAD84869C8F80C0081F811A0002089
:108CA0008B7A0246002B88BF444C1DD9DBB2521C84
:108CB0009A4208BF00228B6903EB00131C600B6A09
:108CC00000EB400503EB45238D690BEB001A45F8DB
:108CD0000A308B690CEB001A03EB021543F80A50BB
:108CE0008B7A401C8342E1D88869C8F81000344868
:108CF000C8F81800D9F8000040F00C00C9F80000CE
:108D00004FF0FF305EE0000018030010EC0200108E
:108D1000686C5F6574685F696E69742829202E2EFF
:108D20002E200000686C5F6574685F696E69742846
:108D30002920686173207A65726F20747820616ED3
:108D4000642F6F7220727820717565756500000060
:108D5000686C5F6574685F696E697428292064694E
:108D6000642067657420656E6F756768206865614B
:108D700070000000686C5F6574685F696E697428D4
:108D8000292063616C6C656420686C5F657468742D
:108D900072616E735F696E697428292077686963F0
:108DA00068206661696C656400000000FC1C0608B0
:108DB000F8240608009002400080024000001030B5
:108DC00002201000C8F814000648C8F81C00717A88
:108DD0003D2001F04FFA0120387011B00020BDE8AD
:108DE000F08F0000C08001000149496849690847C7
:108DF000F002001070B5054621484468007801284B
:108E00001CBF4FF0FF3070BD1E48416800291CBFD9
:108E10002846884794F811C0A26902EB0C1001683B
:108E200011F0004FFBD1082000EB0C102B1D105847
:108E300020F003022888C01C810805D053F8040BD9
:108E400042F8040B491EF9D10422A06902EB0C126E
:108E500029888150A06900EB0C10016841F00041A5
:108E60000160A17A0CF10100884208BF0020607403
:108E700005480221416100214160084670BD0000A3
:108E800018030010100300100090024001494860D0
:108E900000207047100300102DE9F041234D8AB0E7
:108EA0006878012804BF0AB0BDE8F081684620490F
:108EB000204C0DF11808D1E90923D1F82CC0CDF8C8
:108EC00008C0CDE90023D1E90923C96A0392CDE99D
:108ED0000431216803AF08AE403100F032FB206856
:108EE00000F14801384600F02CFB206800F14001F9
:108EF000404600F017FB206800F14801304600F0C2
:108F000011FB684600F02AFB06A800F0DDFA03A872
:108F100000F024FB08A800F0D7FA074904200861F4
:108F2000012068700AB0BDE8F0810000180300104D
:108F3000FC1C0608EC020010008002400D4A52782A
:108F4000002A04BF00207047C006000C01F01F017A
:108F500040EA8110084940F00100086100200A69D8
:108F600012F0010F03D0401CB0F5A02FF7D34869D1
:108F700080B270471803001000800240002804BF30
:108F80004FF0FF30704738B5044609484169002961
:108F900004BF4FF0FF3038BDFF218DF8001042694B
:108FA0006946002090479DF80010217038BD0000F0
:108FB0006C1F06080548C168002904BF4FF0FF3048
:108FC0007047D0E902120020104700006C1F06080D
:108FD00038B5044608480169002904BF4FF0FF3046
:108FE00038BDFF218DF800100269694600209047C6
:108FF0009DF80010217038BD6C1F0608002804BFC2
:109000006FF0010070470B49096811B10978012917
:1090100002D06FF00E00704707490A78002A19BF86
:10902000497800294FF0FF30704710B5FFF7A6FFD1
:1090300010BD0000B8020010FC0300100B490968C5
:1090400011B10978012902D06FF00E00704710B5F8
:10905000074C2178012904BF002010BD0548006895
:10906000FFF7A8FF0121217010BD0000B802001019
:10907000FC030010C40200100F49096811B10978FF
:10908000012902D06FF00E00704710B50B4C21780B
:10909000002904BF4FF0FF3010BD6178012906D0D0
:1090A000FFF796FF002804BF0121617010BD002862
:1090B00018BFFFF763FF10BDB8020010FC030010DB
:1090C000002808BF704710B504460078E17810FB0F
:1090D00001F16068C8F7F4FF00206070A07010BD57
:1090E000002808BF704710B504464068002818BF24
:1090F00001F08CF82046BDE8104001F087B8002848
:1091000008BF70474178002904BF002070470278EB
:1091100083781344591A8A4298BF891A82680AB11F
:10912000406810474268C07811FB00207047002853
:1091300008BF70474178002904BF002070470278BB
:1091400083781344591A8A4298BF891A406800EB01
:109150000110704728B14178007881421CBF00207F
:10916000704701207047002812BF00294FF0FF30E0
:10917000704770B5154642780E46044682B1207895
:10918000A17801448B1A984298BF1B1AD4F80CC0DE
:10919000BCF1000F0BD0002130466268E0470DE0C3
:1091A000002D1CBF002028706FF0040070BDE27815
:1091B000606813FB02013046C8F77CFE6078401EF1
:1091C000C0B26070002D18BF2870002070BD00284C
:1091D00012BF00294FF0FF3070474378002B04BFC7
:1091E0006FF00400704710B490F800C084786444B5
:1091F000E31A9C4598BFA3EB0C03D0F804C00CEB1A
:109200000313D3E9004CC1E9004CD3E902C3C1E91F
:1092100002C34178491EC9B24170002A18BF1170BB
:10922000002010BC70470000002818BF002B03D09E
:10923000002918BF002A02D14FF0FF3070472DE9F6
:10924000F0410026069F0170C27004464360042A64
:109250002BD004DC012A31D0022A2AD003E0082ACC
:109260001FD0102A19D0A660E660002F1CBF002571
:1092700000290BD9E2786068394605FB0200C8F77F
:1092800019FE681CC5B22078A842F3D8002C1CBF78
:109290006670A6700020BDE8F0810B48A0600B4806
:1092A0000AE00B48A0600B4806E00B48A0600B48A2
:1092B00002E00B48A0600B48E060D6E70A48A060D7
:1092C0000A48E060D1E700004101060847010608AE
:1092D000290106082F010608170106081D010608C6
:1092E000050106080B010608F9000608FD0006083E
:1092F000002812BF00294FF0FF30704710B5044618
:10930000C078227810FB02F26068C8F7D3FD20789D
:1093100060700020A07010BD002812BF002900203E
:109320007047F8B5054616460C46102000F078FF49
:10933000071E08BFF8BD14FB05F000F071FF002800
:1093400008BFF8BD03462246294638460096FFF777
:109350006BFF3846F8BD2DE9F8431E468846174690
:1093600004004FF0000912FB08F514D0B8F1000F0B
:1093700014BF002FBDE8F883E078217810FB01F0DE
:10938000A84224D16368002B34D041462046009681
:10939000FFF74AFF2EE0B8F1000F18BF002F13D0DF
:1093A0004FF0100000F03CFF04000DD0284600F004
:1093B00037FF48B103463A46414620460096FFF73C
:1093C00033FF2046BDE8F8834846BDE8F88360686F
:1093D00080B100F01BFF2846C4F8049000F020FF85
:1093E000284600F01DFF03463A46414620460096B7
:1093F000FFF71AFF2046BDE8F88300281FBF417819
:109400000029491E41707047002804BF4FF0FF300B
:10941000704770B504460D4640782178884204BFF5
:109420004FF0FF3070BD95B1D4F80CC0BCF1000F07
:1094300005D0A17800232A466068E04707E0A178BC
:10944000E278606811FB02002946C8F733FD6078B6
:10945000401C6070A078401CC0B2A0702178884287
:1094600004BF0020A070002070BD18B142780378BE
:109470009A4202D14FF0FF30704759B18278436869
:1094800003EB0212D1E9003CC2E9003CD1E9023110
:10949000C2E902314178491C41708178491CC9B246
:1094A00081700278914204BF0021817000207047D2
:1094B000002808BF70470021417081707047002864
:1094C00018BF407870470000002804BF4FF0FF30FD
:1094D000704710B54288FF24002A1FBFA2F57F41C4
:1094E000B1F1FF0100214FF0010C07D00CFA01F39C
:1094F000934304D0491CC9B21029F7D32146FF2950
:1095000002D00378092B02D94FF0FF3010BD027949
:10951000034850F82300F8F7D2FF002010BD0000E8
:1095200004210608002912BF00284FF0FF307047C1
:109530000A7802704A884280097901714FF0000070
:109540007047002912BF00284FF0FF3070470A789B
:109550000270498841604FF000007047002804BF46
:109560004FF0FF30704770B50478051D092C84BF9B
:109570004FF0FF3070BD0748012150F82400F9F783
:10958000DDF80548294650F82400F8F749FF002087
:1095900070BD00003421060804210608C2B2FF2A6B
:1095A00012BF5FEA104103207047024850F82200C2
:1095B000F8F796BF0421060830B5C4B287B0FF2C77
:1095C00011BF5FEA10414FF0FF3007B030BD1248C5
:1095D00001AD092CD0E91823806E0092CDE901304D
:1095E0004FF0FF308DF810400590ADF812108DF857
:1095F0000040019184BF07B030BD0848012150F8F8
:109600002400F9F79BF80448294650F82400F8F79D
:1096100007FF07B0002030BD0421060834210608EA
:10962000C2B2FF2A12BF5FEA10410320704702480E
:1096300050F82200F8F75BBF04210608C2B2FF2AE7
:1096400012BF5FEA10414FF0FF30704710B503487A
:1096500050F82200F8F75FFF002010BD0421060833
:1096600010B5C3B20A46FF2B19BF5FEA1041032AA7
:109670004FF0FF3010BD002A18BF0122034850F8F8
:109680002300F8F74CFF002010BD0000042106085D
:109690002DE9F0478AB00C00054608BF444C2078FD
:1096A00001280AD0607840B9424F386828B1006874
:1096B0002946FDF78CFD012804D00AB06FF00E009A
:1096C000BDE8F0873C4829460068FDF780FD012889
:1096D00002BF00200AB0BDE8F0870DF1180A344E31
:1096E0000DF10C090DF12008D6E90C01B36B0293C2
:1096F000CDE90001D6E90C01B36B0593CDE9030177
:10970000386800EB0510011D6846FFF71AFF38683E
:1097100000EB051000F10C014846FFF712FF386816
:1097200000EB0510011D5046FFF7FCFE386800EB0A
:10973000051000F10C014046FFF7F4FE6846FFF704
:109740000DFF06A8FFF7C0FE03A8FFF707FF08A854
:10975000FFF7BAFE06F12400012150F825703846C3
:10976000F9F704F801213846F9F70CF800213846DA
:10977000F9F708F806F11800616850F8250061B99A
:109780000836694696E84C108DE84C10A2780B4BD1
:109790005A430092E278ADF80820F8F715FF00244C
:1097A00029460548FDF722FD0AB02046BDE8F087AE
:1097B000F8210608F4030010A8040010A086010098
:1097C000014602480068FDF702BD0000A804001031
:1097D0002DE9F0430D4604460146484891B0006823
:1097E000FDF7F5FC002811BF002D4FF0FF3011B040
:1097F000BDE8F08325F0010841484FF000073946E5
:1098000050F8244000972046F8F7A7FE0121204693
:10981000F8F7A3FE01212046F8F7A8FEDFF8E49050
:109820004FF48036494620460096F8F786FE7D1EA6
:10983000B8B90098411E00910DD233A33A4A402195
:109840006846C7F7BBFF6946E52000F05FFD11B031
:109850002846BDE8F08349462046F8F76EFE00280A
:10986000E7D0002241462046F8F710FF0096A08A74
:1098700010F0020F03D10098411E0091F7D200981A
:10988000002802BF284611B0BDE8F08327492046D2
:10989000F8F760FE01212046F8F771FE0096208B54
:1098A00010F0020F15D00098411E00910DD220A398
:1098B0001D4A40216846C7F781FF6946E52000F050
:1098C00025FD11B02846BDE8F083208B10F0020F73
:1098D000E9D12046F8F771FE009000212046F8F704
:1098E0003CFE01212046F8F738FE01212046F8F71A
:1098F0001BFE11B03846BDE8F0830000A80400103C
:109900001022060801000300735F686C5F69326310
:109910005F6973646576696365726561647932282D
:10992000293A657635000000949B05080004001074
:10993000735F686C5F6932635F69736465766963DE
:109940006572656164793228293A4932435F464C31
:1099500041475F4255535900F8B50D46044601464C
:1099600024480068FDF733FC002812BF002D4FF09B
:10997000FF30F8BD25F001061F484FF4003150F8C4
:1099800024404FF0807000902046F8F701FE68B147
:109990000098411E009102D24FF0FF3007E04FF4D3
:1099A00000312046F8F7F4FD0028F1D1002000280E
:1099B00018BFF8BD00223146204606F0D1FB05460F
:1099C00001212046F8F7DBFD4FF48030009020881D
:1099D00010F4007F07D00098411E009103D3208827
:1099E00010F4007FF7D12046F8F7E7FD00902846F5
:1099F000F8BD0000A8040010102206082DE9F04F61
:109A00000E4691B0054601465A48DDE91A981446BB
:109A10009A460068FDF7DBFB002811BF002E4FF0CF
:109A2000FF3011B0BDE8F08F14F0FF0001D0032823
:109A300004D911B06FF00E00BDE8F08FB9F1000F3E
:109A400002BF6FF0010011B0BDE8F08FB8F1000F58
:109A500002BF002011B0BDE8F08F26F00107464894
:109A600050F825504FF08070C11100902846F8F74B
:109A70008FFD002668B10098411E009102D24FF080
:109A8000FF3B07E04FF400312846F8F781FD00283E
:109A9000F1D1B346BBF1000F0DD038A33DA2402158
:109AA0006846C7F78BFE6946E52000F02FFC11B031
:109AB0005846BDE8F08F14F0FF0F40D00022394621
:109AC000284606F04DFB5FEA000B0DD038A331A20B
:109AD00040216846C7F772FE6946E52000F016FC93
:109AE00011B05846BDE8F08F002352462146284663
:109AF000009606F09FFB04000DD035A325A240215F
:109B00006846C7F75BFE6946E52000F0FFFB11B031
:109B10002046BDE8F08F0021284606F069FB0400CE
:109B20000DD033A31BA240216846C7F747FE694604
:109B3000E52000F0EBFB11B02046BDE8F08F3B467E
:109B400042464946284605F0B3FB040002BF3046B2
:109B500011B0BDE8F08F2DA30EA240216846C7F7D3
:109B60002DFE6946E52000F0D1FB11B02046BDE88E
:109B7000F08F0000A804001010220608735F686CC4
:109B80005F6932635F776169745F69665F6275738D
:109B9000792829006932632074696D656F757420B6
:109BA000696E2066756E6374696F6E2025730000A0
:109BB000735F686C5F6932635F7472616E73616357
:109BC00074696F6E5F626567696E28290000000026
:109BD000735F686C5F6932635F77726974655F6435
:109BE0006174615F706F6C6C696E6728290000009A
:109BF000735F686C5F6932635F7472616E73616317
:109C000074696F6E5F656E6428290000735F493266
:109C100043526F7574696E65735F4932435F4D617E
:109C2000737465725F427566666572526561642819
:109C3000290000002DE9F04F0E4691B00446014680
:109C40004F48DDE91A8517469A460068FDF7BFFAC6
:109C5000002811BF002E4FF0FF3011B0BDE8F08F8B
:109C600017F0FF0001D0032804D911B06FF00E00E7
:109C7000BDE8F08FB8F1000F02BF6FF0010011B026
:109C8000BDE8F08F002D02BF002011B0BDE8F08FBD
:109C900026F001093B4850F824404FF08070C11174
:109CA00000902046F8F774FC002668B10098411E29
:109CB000009102D24FF0FF3B07E04FF40031204605
:109CC000F8F766FC0028F1D1B346BBF1000F0ED0C7
:109CD0002D4B402103F118026846C7F76FFD694616
:109CE000E52000F013FB11B05846BDE8F08F0022CC
:109CF0004946204606F034FA5FEA00090ED0234BAD
:109D00004021A3F11C026846C7F758FD6946E520CB
:109D100000F0FCFA11B04846BDE8F08F43465246C9
:109D200039462046009506F085FA05000ED0184BFE
:109D30004021A3F13C026846C7F740FD6946E52093
:109D400000F0E4FA11B02846BDE8F08F002120466B
:109D500006F04EFA040002BF304611B0BDE8F08FA5
:109D60000C4B4021A3F15C026846C7F727FD69460A
:109D7000E52000F0CBFA11B02046BDE8F08F0000DE
:109D8000A8040010102206087C9B0508B09B05085B
:109D9000D09B0508F09B050870B50E4D04460146A2
:109DA0002868FDF714FA002804BF4FF0FF3070BD9B
:109DB000094850F82400F8F76DFD21460548FDF7E5
:109DC0000DFA05EB8404606800F020FA0020606062
:109DD00070BD00008C2400105022060810B5044607
:109DE0000C4821460068FDF7F2F900280DBF4FF03E
:109DF000FF30094850F8244010BD80212046F8F774
:109E0000ABFD0128F9D000212046F8F73AFD0020EB
:109E100010BD00008C2400105022060810B5044626
:109E2000084821460068FDF7D2F9002804BF4FF02A
:109E3000FF3010BD0448012150F82400F8F721FD3F
:109E4000002010BD8C240010502206082DE9F04F90
:109E5000894F0446DFF824A207EB840893B0D8F8B2
:109E60000490DAF8000015460E4688B100682146D5
:109E7000FDF7ADF960B121463868FDF7A8F9012872
:109E800006D0002E08BF7E4E3078012809D104E0AC
:109E900013B04FF0FF30BDE8F08F7AA1E42000F05E
:109EA00035FA0027B9F1000F07D1082000F0B8F902
:109EB000C8F80400076081464760D6E90001C9E997
:109EC0000001DFF8E09159F824B054B1012C04BF2F
:109ED000012188030AD0022C04BF0121C80305D048
:109EE00006E001210803F8F759FC01E0F8F73EFC11
:109EF0005846F8F7CFFC317809AA12920BAA1192B2
:109F000006AA10920DAA5E4E68460DF10C0B0F9238
:109F1000002970D0D6E91212336DCDE900120293F8
:109F2000D6E91812B36E0593CDE90312D6E91212E1
:109F3000336DCDE906120893DAF8001091B304EB03
:109F4000440501EBC501091DFFF7FBFADAF8000033
:109F500000EBC50000F10C015846FFF7F2FADAF801
:109F6000000000EBC50000F114011098FFF7E9FABA
:109F7000DAF8000000EBC500011D1298FFF7D2FAD5
:109F8000DAF8000000EBC50000F10C011198FFF7B2
:109F9000C9FADAF8000000EBC50000F114010F98CF
:109FA000FFF7C0FA6846FFF7D9FA09A8FFF78CFA5D
:109FB00003A8FFF7D3FA0BA8FFF786FA06A8FFF766
:109FC000CDFA0DA8FFF780FA59F82450D8F80410FC
:109FD0000097019702970397049748686F4610B35C
:109FE000026800924268019282680292C2680392FB
:109FF000008A21E0FFE7D6E90F12736CCDE9001269
:10A000000293D6E91512F36D0593CDE90312D6E953
:10A010000F12736CCDE906120893012D04BF0221C3
:10A020008DF80B1088E7B0680090F06801903069F7
:10A03000029070690390308BADF81000087800280A
:10A040000CBF4FF482700020ADF80200487816492A
:10A0500031F81000ADF80C002846F8F71BFC394623
:10A060002846F8F791FC21460348FDF7BFF813B0E6
:10A070000020BDE8F08F00008C240010F8030010D1
:10A0800034220608737069206D6173746572206DE7
:10A090006F646520697320756E737570706F72746C
:10A0A00065640000502206085C220608014602484A
:10A0B0000068FDF78CB800008C24001070B50446D1
:10A0C00013480E46154600682146FDF780F8002823
:10A0D0000DBF4FF0FF300F4850F8244070BD0221F3
:10A0E0002046F8F739FC0028F9D031462046F8F729
:10A0F00049FC01212046F8F72FFC0028F9D0204622
:10A10000F8F73EFC002D18BF2880002070BD00002D
:10A110008C2400105022060830B504460D4885B046
:10A120000025006890B100682146FDF750F868B13D
:10A130006846F8F74BFB002C08BF039D03D0012CA9
:10A1400014BF022C029D284605B030BD05B04FF06B
:10A15000000030BDF803001010B504460A4821463F
:10A160000068FDF734F800280DBF4FF0FF300748B6
:10A1700050F8244010BD80212046F8F7EDFB01285F
:10A18000F9D0002010BD00008C24001050220608D9
:10A1900070B505461A4C1B4800262168006882B03D
:10A1A00081420FD00023032219462060C7F778FAB6
:10A1B000090541EA10310005134A0023C7F770FA78
:10A1C000C4E90201D4E90201A0FB052301FB05312A
:10A1D00000FB0610CDE900201146090D41EA0031CF
:10A1E000000DCDE9001008460199084304BF02B0F4
:10A1F00070BD0098C6F7C6F902B0002070BD00001F
:10A2000008040010A002001040420F0001B50098A1
:10A21000002808BF08BDFAF71FFA0020009008BD0B
:10A2200010B5FAF721FA040003D10349E220FAF746
:10A2300079FA204610BD00000055050872B6704737
:10A2400040B200F01F01012202FA01F14009800032
:10A2500000F1E020C0F88011704740B200F01F010B
:10A26000012202FA01F14009800000F1E020C0F86B
:10A2700000117047FF2908BF704740B20907090E57
:10A280000028A2BF00F1E02080F80014704700F021
:10A290000F0000F1E02080F8141D7047002808BF6F
:10A2A000704730B490F800C0174D0023154C2905B5
:10A2B000BCF1000F13D0226812F0010F1CBF2A68F6
:10A2C00012F0010F04D00A68002AFCD081F800C007
:10A2D00010F801CF03F10103BCF1000FEBD12068AE
:10A2E0004FF00A0210F0010F1CBF286810F0010F98
:10A2F00003D008680028FCD00A7030BC03F10100CC
:10A3000070470000800E00E0000E00E010B504462B
:10A310000846FFF7C3FFF02C08BF10BDFEE70000A2
:10A32000BFF34F8F04480168044A01F4E061114310
:10A330000160BFF34F8FFEE70CED00E00400FA056B
:10A340000848D0E9001208480068401842F10001AE
:10A350006FF0010242400A4304BF4FF0FF30014654
:10A3600070470000107AFF1F187AFF1F70B5F8F7CA
:10A37000BBFB0D4C20680546FFF71EF960680446DC
:10A38000FFF71AF9094E01212846FFF769F9002164
:10A390002046FFF765F93046FFF7FAFE2046BDE894
:10A3A00070400121FFF75CB9941E0608B0AD0100B2
:10A3B000FF2804BF4FF0FF3070472DE9F04FDFF862
:10A3C000BCB10E460546DFF8B8A10BEB8507014688
:10A3D0007C685AF8210087B09146C8B16948006886
:10A3E000B0B10068FCF7F3FE90B1002E02BF6FF031
:10A3F000010007B0BDE8F08F306848B1307900281F
:10A4000004BF7079FF2803D04FF000082CB10CE096
:10A4100007B04FF0FF30BDE8F08F4FF02000FFF79E
:10A42000FFFE7860044680F814802946DBF80000BF
:10A43000FCF7CDFE40B17868002818BF007D0228E7
:10A4400004BF284600F03EF996E80F1084E80F108C
:10A450005AF825607C68002E4DD0206900284AD12A
:10A4600002A8CDF80080F8F7B1F93078002808BFCD
:10A4700002980BD0012808BF059807D0022812BF08
:10A48000CDF800800498009001D034E0009090B3A3
:10A4900023684FF47A70B3FBF0F100FB11363A49B0
:10A4A000DFF8E8C042F21072D6B3A1FB036149099C
:10A4B0006FF01806714313EB8106354941D0A1FBBB
:10A4C0000321C908494201EB810113EB410147D047
:10A4D000B3F5FA5F84BF4FF4FA5020602D4900981D
:10A4E000B0FBF1F0208320884FF6FF7101EAC00035
:10A4F000E0827D20E0617868B9F1000F08D0006942
:10A5000000280EBFC9F800804FF0FF30C9F80000E6
:10A5100029461A48FCF76AFE07B00020BDE8F08F14
:10A52000FFE71D48834288BF20600098B0FBF2F02F
:10A5300020832068A1FB00104009E082C4F81CC001
:10A54000D9E71648834288BF20600098B0FBFCF032
:10A5500020832068A1FB0010C008E082E261CAE706
:10A56000B3F57A4F84BF4FF47A4121600C4A0099C9
:10A57000B1FBF2F121832188E182BBE7682300105F
:10A5800018040010F80200101F85EB51A08601008E
:10A59000CDCCCCCC00127A0000A8610000C4090028
:10A5A00040420F00FF2804BF4FF0FF30704770B5E6
:10A5B000364C054684B029462068FCF708FE002882
:10A5C00002BF4FF0FF3004B070BD04EB850460683B
:10A5D00028B1007D022804BF284600F073F802204D
:10A5E000616808752A48646850F82510D1E901604F
:10A5F00091F902504978012905D0022904BF0121AF
:10A60000F8F7CCF802E00121F8F7B0F8216949B376
:10A6100008684A688968CDE90002029169463046B7
:10A62000F8F72CFE01213046F8F784FBBDF8001046
:10A6300001223046F8F70FFE01213046F8F774FB8F
:10A640006079FF280BD0012211463046F8F70EFD45
:10A6500061792846FFF70EFE2846FFF7FEFD04B09D
:10A66000002070BD6846F8F749FEE08A401E019060
:10A67000208B401EADF800000020ADF8080010212E
:10A68000ADF802108DF80A00C8E70000682300103A
:10A6900018040010FF2804BF0020704770B5084D53
:10A6A000044621462868FCF792FD002808BF70BDCB
:10A6B00005EB84004068002818BF007D70BD0000D5
:10A6C00068230010FF2804BF4FF0FF3070472DE9CA
:10A6D000F0411A4D044621462868FCF778FD002811
:10A6E00004BF4FF0FF30BDE8F08105EB84067568CC
:10A6F0002DB1287D012804BF0020BDE8F08110485D
:10A7000050F82400476890F902403846F8F726FBD5
:10A7100000213846F8F70EFB6879FF2807D00022A1
:10A7200001213846F8F7A2FC2046FFF789FD716841
:10A73000012008750020BDE8F081000068230010AA
:10A740001804001010B5044600220221F7F708FC97
:10A7500002460421201DF7F703FCC043BDE810406A
:10A7600080B2F8F7BBB9000010B5044604220649D0
:10A7700000F022FD012805D0204600F039F800281D
:10A7800000D0012010BD00002C1D060870B5054644
:10A7900000F02EF808B1012070BD00220D4C0E48CB
:10A7A00003E0217831B1A41D521C01888A42F8DBF4
:10A7B000002070BD04222946A01C00F00DFD002CD5
:10A7C000F6D0A01C00F032F801202070204605F0E1
:10A7D000E6FEE0E7882600106A26001010B500F0BB
:10A7E00007F8002803D0002101704170012010BD3E
:10A7F0002DE9F041074600250A4C0B4E0AE020786F
:10A8000030B10422A11C384600F0D6FC012807D044
:10A81000A41D6D1C30888542F1DB0020BDE8F0816D
:10A820002046FBE7882600106A260010F8B5064689
:10A830002A20F9F70DF8054600F1260412202070B1
:10A840000020607004223146201D00F0C5FC204627
:10A85000FFF778FF60802A202880012300930023DF
:10A8600002223146284600F099FB2846BDE8F84010
:10A87000F9F73EBB10B50246080008BF10BD1146EF
:10A8800004F0FCFABDE8104004F0E8BA002808BF64
:10A8900070472DE9F047284E0F46B0F1FF3F32D008
:10A8A000264C00213568E2680B46002A08BF4FF0AD
:10A8B000000C38D0214AD2F814C01A46BCEB00086C
:10A8C00071EB030810D204E0D4F80C80B8F1000F4B
:10A8D00029D0E468D4F8148018EB0C0C4A41BCEB86
:10A8E000000872EB0308EFD3E168E960E5602C61D2
:10A8F000E968002918BF0D61BCEB0000686161695F
:10A90000A1EB000060610E480078012804BF11200F
:10A9100001F0A4F9306847700A4802F009FFBDE869
:10A92000F04704F0A5BBE960E5602C61B0EB0C00DA
:10A9300060616961E7E700004803001050240010DF
:10A9400030030010382400102DE9F0411D4DE86857
:10A95000002808BFBDE8F08168690026401EDFF8C6
:10A960006880012768616869002818BFBDE8F08128
:10A97000EC68002C08BFBDE8F081A06838B16168C0
:10A980004160606810B1A16881606660A660214680
:10A990000E4804F0A7FA606968616078042806D15F
:10A9A000A069D8F80010D8F80420401860616770DA
:10A9B000E068E860E06800281CBF0561E660266189
:10A9C000D1E70000502400101802001038240010B5
:10A9D0000321FFF75BBF000001480068006A704771
:10A9E0004803001010B50C0008BF10BDE169014319
:10A9F000E1616278206A062A19D0052A18BF10BDC5
:10AA0000014208BF10BD01402162E16921EA000056
:10AA1000E061204604F0E3FA012060700221204644
:10AA200004F0D4FA2046BDE8104002F0F1BD30EA4F
:10AA30000101EAD010BD00008C460F4910B50B682B
:10AA4000D9696AB130EA010206BF21EA0000D86183
:10AA500006210ED018626046FFF718FF012010BDD6
:10AA600011EA00021ABF21EA0000C3E9070205212A
:10AA7000F0D0022010BD0000480300100449054B2F
:10AA8000096888611A685B6880184861704700002F
:10AA900048030010180200100848094B02681868A3
:10AAA00051695B68081A936910F0004F19445161AD
:10AAB00018BF70470421FFF7E9BE000048030010EB
:10AAC00018020010612202700022427082704260FF
:10AAD000028142818281C1817047000070B51646B3
:10AAE00042680D4612B1417801290FD08189C3898E
:10AAF0004FF0000C994229D1002E04BF012070BDF7
:10AB00001F4C216892B104F0EDF917E002F010FE3D
:10AB10000446406A04210560204604F057FA2046A6
:10AB200004F05DFA204602F073FD26E041602168E2
:10AB3000C1F804C0216888600221417020680821A2
:10AB400045623046FFF7A2FE012070BD018900EB8F
:10AB500081010D6100F10C01D1E85F2F521C93B20D
:10AB6000C1E8523F002AF7D10189491C89B201810D
:10AB7000C289914208BFA0F808C0002070BD000043
:10AB8000480300102DE9F0410446808900279046D3
:10AB90000D4600283AD0608904EB80000069086007
:10ABA0006089401C80B26081E189884208BF67816A
:10ABB000606810B1607802280DD004F10C0000BF6D
:10ABC000D0E85F1F491E8AB2C0E8512F0029F7D193
:10ABD0000020BDE8F081204602F0AAFD05460021D4
:10ABE00004F0F4F92189686A04EB81010861208985
:10ABF000401C80B22081E189884208BF2781284615
:10AC000004F0EDF9284602F003FDE1E7B8F1000F8A
:10AC100004BF0120BDE8F0810B4E6068316818B1B7
:10AC2000204604F05FF906E06160306847603068F4
:10AC300084600120607008214046FFF727FE3068DD
:10AC400045620120BDE8F0814803001070B5194D40
:10AC50000E4604464188286839B1A168814209D16D
:10AC60006088401C6080002070BDA060816AE16047
:10AC70008462F5E7002E04BF012070BD8A788078D9
:10AC8000824203D28870A06804F058F9606820B14D
:10AC90002046296804F026F906E0286860602968E3
:10ACA000002048602868846009213046FFF7EEFDE7
:10ACB000012070BD480300108A4288BF0A46622303
:10ACC0000370002343608270C170704710B5416803
:10ACD00069B102F02DFD0446032104F077F9204606
:10ACE00004F07DF9204602F093FC002010BD81782D
:10ACF000C27891421ABF491C8170FF20F5D110BD66
:10AD000010B50C46817819B1491E8170002010BD24
:10AD1000002C04BF012010BD094A4368116813B11B
:10AD200004F0E0F805E04160136800215960116803
:10AD3000886007212046FFF7A9FD012010BD000013
:10AD40004803001010B5C6F7E1FA00F053F80748C1
:10AD500000213C22818006490988C18005490648B6
:10AD600000F03AFABDE81040C6F732BB26030010E7
:10AD70006C260010D84600104022001030B500218B
:10AD800006480B460124064A03E0037044700E3067
:10AD9000491C1588A942F8DB30BD0000CC430010E7
:10ADA0006626001010B5C6F7B1FAC6F76DFAFFF7C0
:10ADB000E5FF0448002101604160BDE81040C6F78E
:10ADC00095BA00008C04001010B500200649034617
:10ADD000064A02E001F8063B401C1488A042F9DB59
:10ADE00003490120087010BD882600106A26001053
:10ADF000220300100649054809684218121F002165
:10AE0000026011604160034801607047AC26001089
:10AE100070260010940400100448007800EB4000F5
:10AE200082000021024800F0E5B90000642600100D
:10AE3000DC560010F8B504460F46808AF7F74EFE40
:10AE4000054621880E30814245D3A07C0421B1EB18
:10AE5000101F40D1264907EB870001EB800104F168
:10AE600022000422064600F0A7F958BB042221491B
:10AE7000304600F0A1F928BB6FBB31780E22304676
:10AE8000B2EB111F04D1FFF76FFC012815D00EE0C3
:10AE900004223146684600F09FF91548009902687F
:10AEA00080684A40024202D10843401C05D0204637
:10AEB000F8F7BCFF78B1E07E02E0E07E022801D026
:10AEC000112808D104F1120000F016F818B9208BEF
:10AED00030F0C00001D00020F8BDA07C0007800E3B
:10AEE00000F10E016180281A20800120F8BD0000C9
:10AEF00040220010E421060801780907890EF7F7BF
:10AF000023B800002DE9F041214C8046214F2078E4
:10AF1000C0070AD02049404600F088F840BB042210
:10AF2000FF21404600F06EF910BB1B4D2078143510
:10AF3000800704D52946404600F078F800BB164E3D
:10AF400020782836400704D53146404600F06EF898
:10AF5000D0B92078800702D52078000710D4207857
:10AF6000400702D52078C0060ED42078C00704D050
:10AF7000002038700848BDE8F0812078800703D5AC
:10AF8000012038702846F6E7022038703046F2E794
:10AF90006326001088040010402200102DE9F041C3
:10AFA0000446DDF818800F461646012A08D0022E06
:10AFB00006D0062E04D0112E02D00020BDE8F0816C
:10AFC000194D45216888401C68802088A174143080
:10AFD00080B2E374F7F782FDA0826888F7F77EFD00
:10AFE000E0820020208384F81A80E676A083384629
:10AFF000FFF788FF0146042204F11E0000F0ECF880
:10B000000422394604F1220000F0E6F804F11200AF
:10B01000FFF772FFA0832088223020802978204605
:10B02000BDE8F041C6F72AB98804001018B50C46EF
:10B0300001460422684600F0CFF820680099484095
:10B04000A168084201D0002018BD012018BD0000F1
:10B0500038B5044601460422684600F0BDF80648AB
:10B06000826800980243521C01D0002038BD02497A
:10B070002046FFF7DBFF38BD40220010002819BF33
:10B0800041780129FF20704710B50121417003214B
:10B0900003F0F4FE03F0E2FE002010BD002819BF0B
:10B0A0004378012BFF20704710B501234370D1E98D
:10B0B000003CC0E9063C8B688360CB68C360D1E983
:10B0C0000031C0E904311168016251684162022116
:10B0D00003F0D4FE03F0C2FE002010BD38B1817829
:10B0E000002904BF002070474178012901D1FF20C9
:10B0F000704710B501214170002103F0BFFE03F03D
:10B10000ADFEFF2010BD10B504468089002808BFA1
:10B1100010BD608904EB800000690860606840B180
:10B120006078022805D10021204603F0A7FE03F035
:10B1300095FE04F10C00D0E85F1F491E8AB2C0E8FA
:10B14000512F0029F7D16089401C80B26081E189CC
:10B15000884204BF00206081042010BD10B503F0B8
:10B160008DFEBDE8104003F079BE10B5002103F05C
:10B1700085FEBDE8104003F071BE00000C480021C0
:10B180008278012A04D0017080F80110C6F73EB918
:10B19000817081880122491C8BB28380C1888B42D7
:10B1A00004D1044B1B881944C18042700270EDE742
:10B1B000260300106C26001010B508E003780C7808
:10B1C000A34201D0002010BD401C491C521E002A81
:10B1D000F4D1012010BD000030B5134606E000BFD9
:10B1E000054611F8014B401C2C705B1E002BF7D15B
:10B1F000104630BD03E000BF00F8011B521E002ABC
:10B20000FAD170473AB103788B4201D000207047E1
:10B21000401C521EF6E701207047000010B510B127
:10B220000178652904D00F2000F018FDFF2010BD23
:10B230000021EFF3058119B1FFF720FFC0B210BD67
:10B2400008490978012909D0044602F095FC2046F6
:10B2500002F096FA02F091FC002010BDDFF808C061
:10B2600000DF10BD00020010BF050608EFF30580E7
:10B2700000281CBF0020704708480078012803D12F
:10B28000DFF81CC000DF704710B502F075FC02F05B
:10B29000A9FA044602F071FC204610BD000200101D
:10B2A000D505060810B510B10378652B03D00F2023
:10B2B00000F0D4FC0FE0002918BF002A0BD000BF1B
:10B2C000EFF305831BB1FFF7E9FEC0B210BD054BDC
:10B2D0001B78012B01D0FF2010BDDFF80CC000DF70
:10B2E00010BD000000020010E905060810B510B1FD
:10B2F0000178652904D00F2000F0B0FCFF2010BDBC
:10B300000021EFF3058119B1FFF7E8FEC0B210BDCF
:10B310000449097801290ABFDFF80CC0FF2000DFCB
:10B3200010BD00000002001009060608EFF30581B9
:10B33000002918BF704704490978012904BFDFF8C4
:10B340000CC000DF70470000000200102106060854
:10B35000EFF3058018B905480078012801D00020D6
:10B360007047DFF80CC000DF7047000000020010DB
:10B370003706060810B511B10A78602A04D00E20ED
:10B3800000F06CFCFF2010BD0022EFF305821AB123
:10B39000FFF770FA002010BD044A1278012A0ABF94
:10B3A000DFF80CC0FF2000DF10BD0000000200101D
:10B3B0004B060608EFF305831BB9054B1B78012BE1
:10B3C00001D0FF207047DFF80CC000DF704700009D
:10B3D0000002001065060608F0F74BB9F0F74BB90C
:10B3E000F0F74BB9002808BF7047427C131C1FBF01
:10B3F000134602EB83035B00DB1C10B45B1C1A4496
:10B400000A80837C9B004B801A44C37C5B008B804A
:10B410001A4493B290F814C0C28A0CFB02F4002CB8
:10B4200014BF02EB8C020022CA801A44837C90F87D
:10B4300013C08469634490F814C092B2A44413EB1F
:10B440000C0318BF04230B811A44037C4FF0150C26
:10B4500003EBC3030CEB43034B811A44037A4FF015
:10B46000010C0CEB43038B81007C1A44801CC881C7
:10B47000104400220A8210BC80B27047002808BF26
:10B4800070478069C01DC0F3CF00088000224A8049
:10B490007047002808BF7047007C00EB4000C000E8
:10B4A00008807047EFF30581002918BF70470449F1
:10B4B0000978012904BFDFF80CC000DF70470000E5
:10B4C000000200108B060608EFF30580002818BF65
:10B4D000704704480078012804BFDFF80CC000DF83
:10B4E0007047000000020010A106060810B510B158
:10B4F0000178612904D00F2000F0B0FB002010BDBE
:10B500000021EFF3058119B103F046FB80B210BDB5
:10B510000449097801290ABFDFF80CC0002000DFC8
:10B5200010BD000000020010B306060870B5002828
:10B5300008BF70BDEFF3058100291CBF002070BD5E
:10B540000B49097801290ED0054602F015FB284663
:10B5500002F00CFC04001CBF2946FFF7B3FA02F00E
:10B560000CFB204670BDDFF80CC000DF70BD000092
:10B5700000020010CB06060810B510B10378612B4D
:10B5800003D00F2000F06AFB10E000290ED000BFAE
:10B59000EFF3058333B1FFF7B6FD00280CBF0120A0
:10B5A000002010BD044B1B78012B01D0FF2010BDE3
:10B5B000DFF808C000DF10BD00020010EB0606082F
:10B5C00010B510B10378612B04D00F2000F046FBBA
:10B5D000FF2010BD0023EFF305831BB1FFF7BEFD75
:10B5E000002010BD044B1B78012B0ABFDFF80CC0F4
:10B5F000FF2000DF10BD0000000200100B0706084E
:10B6000010B510B10178612904D00F2000F026FB9D
:10B61000002010BD0021EFF3058119B102F0A2FB5B
:10B6200080B210BD0449097801290ABFDFF80CC0B7
:10B63000002000DF10BD0000000200102B070608EC
:10B6400010B5002804BFFF2010BD00BFEFF3058137
:10B6500019B906490978012903D002F085FB0020B9
:10B6600010BDDFF80CC000DF10BD000000020010AC
:10B67000430706082DE9F0010023002856D000BF3B
:10B68000EFF3058CBCF1000F1EBFFF20BDE8F001F9
:10B69000704790F80AC0BCF1010F04BF13800B8003
:10B6A00040D090F810C000230CEB4C0403EBC40412
:10B6B000437C1C441BB103EB83035B00DB1C5B1C62
:10B6C0002344847CC57C03EB840303EB45039FB2D6
:10B6D000037DC68A03FB06F8B8F1000F14BF06EB22
:10B6E000830600263E4425448469B6B22344EB1801
:10B6F00018BF042333440CEBCC0403EB4403047A5B
:10B70000153303EB4403DB1C63444FF6FF7C0CEA68
:10B7100083030B80008B0021C01D01EBD0000CEADD
:10B72000C0001080BDE8F0010020704713800B803E
:10B73000BDE8F001FF207047EFF3058100291CBF31
:10B740000020704704490978012901D002F076BB36
:10B75000DFF808C000DF7047000200104D07060840
:10B76000002804BFFF2070472DE9F0470446807A87
:10B7700017460D46002803D0EFF30580F0B904E02A
:10B78000002D18BF002FF7D118E0184E307801288F
:10B7900014D094E80E17164880E80E17154970600B
:10B7A00001200870C4F720FEA07A50B1012815D0FE
:10B7B000102000F053FA0020BDE8F087FF20BDE81C
:10B7C000F0873561207C00EB400005EB4010C6E9B6
:10B7D000020702F0B9FB02F059FBECE700203061F0
:10B7E000B060F060204602F0DFF9E4E700020010EC
:10B7F00010210010D403001010B5002808BF10BDA0
:10B80000EFF3058119B102F083FB044606E0094914
:10B810000978012909D002F07BFB0446002C04BF03
:10B820000C2000F01BFA204610BDDFF80CC000DF32
:10B83000F3E70000000200106507060810B50029B4
:10B8400004BF002010BD00BFEFF305821AB102F063
:10B8500062FB044606E0094A1278012A09D002F088
:10B860005AFB0446002C04BF0C2000F0F7F92046D8
:10B8700010BDDFF80CC000DFF3E70000000200108D
:10B880006B07060870B588B0344D4FF00004029481
:10B89000EFF305800394002851D00020CDE9040087
:10B8A000EFF3108000F0010072B60690A869E96914
:10B8B000CDE904014FF0E020816900912849096831
:10B8C0000191C1F3806159B180690099019088426A
:10B8D00006D2DDE90410491C40F10000CDE9041056
:10B8E000069800B962B60020CDE90600CDE9060051
:10B8F000686900992646401AD5E90812A0FB013C68
:10B9000004FB01C100FB0210CDE90630DDE90601B0
:10B91000144A0023C5F7C4FECDE906016868DDE9D5
:10B9200004314068A0FB032C06FB03C300FB01337A
:10B93000DDE9060110185941CDE9020107E0287838
:10B94000012804D103A902A8DFF81CC000DFDDE94B
:10B950000201201808B0614170BD00000002001013
:10B9600004ED00E040420F0071070608EFF3058088
:10B9700000281CBF002070470A480078012803D126
:10B98000DFF824C000DF704710B502F0F5F802F0D0
:10B9900015FA040018BF03F0D1F902F0EEF82046C2
:10B9A00010BD0000000200103908060870B510B183
:10B9B0000178632904D00F2000F050F9FF2070BDFA
:10B9C0000021EFF3058100291CBFFF2070BD0B494A
:10B9D000097801290DD0044602F0CEF8204603F084
:10B9E00051F90546204602F099FA02F0C6F8E8B28D
:10B9F00070BDDFF80CC000DF70BD00000002001059
:10BA00005308060810B510B10178632904D00F203F
:10BA100000F024F9FF2010BD0021EFF3058119B9D2
:10BA200004490978012901D0FF2010BDDFF808C0C2
:10BA300000DF10BD000200107108060810B510B13B
:10BA40000278632A04D00F2000F008F9FF2010BD0F
:10BA50000022EFF305821AB9044A1278012A01D0B4
:10BA6000FF2010BDDFF808C000DF10BD000200108D
:10BA700089080608F0B589B0364D4FF000040294ED
:10BA8000EFF305800394002855D00020CDE9040091
:10BA9000EFF3108000F0010072B60690A869E96922
:10BAA000CDE904014FF0E021886900902A48006840
:10BAB0000190C0F3806058B1886900990190884274
:10BAC00006D2DDE90410491C40F10000CDE9041064
:10BAD000069800B962B60020CDE90600CDE906005F
:10BAE00068690099D5E90823411AA1FB020C04FBFF
:10BAF00002C201FB032126464FF47A720023C5F7E8
:10BB0000CFFD6A68DDE9045C5268A2FB053706FBDD
:10BB1000057502FB0C554FF47A76A3FB062705FB4F
:10BB200006754FF0000C03FB0C53121843EB010099
:10BB3000CDE9022007E02878012804D103A902A852
:10BB4000DFF818C000DFDDE90201201809B061410B
:10BB5000F0BD00000002001004ED00E0A50806089A
:10BB600070B5002808BF70BDEFF30582002A1CBF26
:10BB7000002070BD0B4A1278012A0FD005460E46F0
:10BB800001F0FAFF02F03AF9040003D032462946E8
:10BB9000FFF792F801F0F1FF204670BDDFF808C012
:10BBA00000DF70BD000200107509060810B510B165
:10BBB0000178622904D00F2000F050F8FF2010BD5A
:10BBC0000021EFF3058119B1FFF7CFFA002010BD76
:10BBD0000449097801290ABFDFF80CC0FF2000DF03
:10BBE00010BD0000000200109709060810B510B142
:10BBF0000278622A04D00F2000F030F8FF2010BD38
:10BC00000022EFF305821AB9044A1278012A01D002
:10BC1000FF2010BDDFF808C000DF10BD00020010DB
:10BC2000AF09060810B510B10278622A04D00F20BF
:10BC300000F014F8FF2010BD0022EFF305821AB9BE
:10BC4000044A1278012A01D0FF2010BDDFF808C095
:10BC500000DF10BD00020010CB0906089AB01228C0
:10BC600080F03780DFE800F0090D111535353535E6
:10BC70003535191D212125292D311BA1D02004F096
:10BC800067FB1DA1E52004F063FB21A1F02004F077
:10BC90005FFB2BA1F12004F05BFB34A1F22004F048
:10BCA00057FB3DA1F32004F053FB45A1E22004F033
:10BCB0004FFB49A1F42004F04BFB55A1F52004F003
:10BCC00047FB61A1F62004F043FB6CA1F72004F0D0
:10BCD0003FFB034676A264216846C5F76FFD6946BF
:10BCE000E02004F035FB00006F73616C3A20756E44
:10BCF0006B6E6F776E0000006F73616C3A20737427
:10BD000061636B206F766572666C6F770000000070
:10BD10006F73616C3A206B6E6F776E206572726F15
:10BD2000722066726F6D2072746F7320286973724F
:10BD30006669666F6F766572666C6F7729000000C2
:10BD40006F73616C3A206B6E6F776E206572726FE5
:10BD5000722066726F6D2072746F7320286D627826
:10BD60006F766572666C6F77290000006F73616C87
:10BD70003A206B6E6F776E206572726F72206672FA
:10BD80006F6D2072746F7320287374646C696273B2
:10BD900070616365290000006F73616C3A206B6EFF
:10BDA0006F776E206572726F722066726F6D20728F
:10BDB000746F7320287379736D757465782900002A
:10BDC0006F73616C3A206D656D6F727920697320B5
:10BDD0006D697373696E67006F73616C3A206B6E87
:10BDE0006F776E206572726F722066726F6D20724F
:10BDF000746F7320287573656420616E20696E7698
:10BE0000616C69642074736B7074722900000000A7
:10BE10006F73616C3A206B6E6F776E206572726F14
:10BE2000722066726F6D2072746F7320287573654F
:10BE30006420616E20696E76616C6964206F626A4D
:10BE400070747229000000006F73616C3A206B6E91
:10BE50006F776E206572726F722066726F6D2072DE
:10BE6000746F7320287573656420616E20696E7627
:10BE7000616C696420706172616D29006F73616C1F
:10BE80003A206B6E6F776E206572726F72206672E9
:10BE90006F6D2072746F7320287573656420616EF6
:10BEA00020696E76616C69642063616C6C290000A6
:10BEB0006F73616C3A206572726F722030782578EA
:10BEC0002066726F6D2072746F73000070B5174E2C
:10BED00005460C463078012826D000BFEFF30580D8
:10BEE00010BB002D18BF002C1ED0286800281CBFD6
:10BEF0006889002818D0E86800281CBF206800283E
:10BF000012D0608900281CBFE06800280CD0C4F75C
:10BF10006BFA0120307001F023FE21462846DFF83D
:10BF200010C000DF002070BDFF2070BD00020010B7
:10BF3000E7090608EFF3058119B9054909780129D0
:10BF400001D0FF207047DFF80CC000DF00207047F1
:10BF500000020010010A0608EFF305821AB9054A2B
:10BF60001278012A01D0FF207047DFF80CC000DFF3
:10BF700070470000000200101D0A060882B0EFF3AF
:10BF8000058171B900281CBF0168002909D0C1686A
:10BF900000291CBF4189002903D00C4A1278012ACC
:10BFA00002D0002002B07047ADF80210017A8DF87F
:10BFB000001001690191D0E900C1C26860466B467A
:10BFC000DFF80CC000DF02B0704700000002001074
:10BFD000370A060810B510B10178602904D00E2088
:10BFE000FFF73CFEFF2010BD0021EFF3058119B9DA
:10BFF00004490978012901D0FF2010BDDFF808C0ED
:10C0000000DF10BD000200105F0A060810B510B175
:10C010000178602904D00E20FFF720FE002010BD1B
:10C020000021EFF3058119B904490978012901D0EC
:10C03000406B10BDDFF808C000DF10BD000200102B
:10C04000770A060810B510B10178602904D00E20D7
:10C05000FFF704FE002010BDC078FF281ABF401C67
:10C06000C0B2012010BD000010B510B101786029E8
:10C0700004D00E20FFF7F2FD002010BD0021EFF3E9
:10C08000058119B905490978012903D0BDE8104097
:10C0900002F092BCDFF808C000DF10BD0002001003
:10C0A000890A0608EFF3058018B9054800780128C9
:10C0B00001D0FF207047DFF80CC000DF70470000A0
:10C0C000000200108D0A0608EFF3058008B102F0A7
:10C0D000C1BC0448007801280ABFDFF80CC000206A
:10C0E00000DF7047000200109F0A060810B510B16B
:10C0F0000278602A04D00E20FFF7B0FDFF2010BDAB
:10C100000022EFF305821AB9044A1278012A01D0FD
:10C11000FF2010BDDFF808C000DF10BD00020010D6
:10C12000B30A060801281CBF0228032804D00428EB
:10C1300005D00020FFF792BDC0B2FFF78FBD1120E0
:10C14000FFF78CBD074801684FF0E02041610021F6
:10C150008161072101610448016841F07F4101606C
:10C1600040177047D003001020ED00E0704700003A
:10C1700070B51B4C012804D0A07802282AD2194897
:10C1800070BD0025A562E56225636563A563E5636F
:10C1900025646564A564E56425656565A565E56553
:10C1A00025666566A566E56625676567A560A57071
:10C1B000E560A58065612570657025620A48656245
:10C1C000F7F7A5F80948F7F7A2F8E5700848F7F778
:10C1D000A3F8D4E7FFF778FFBDE87040FFF744BF4E
:10C1E00028020010C02400102C2100103A21001059
:10C1F0004803001070B50B490546C878082803D3DA
:10C2000009A1F32004F0A4F800EB40020F4B401CFE
:10C2100003EB8204C870204602F090FD01202C60E0
:10C2200070BD00002802001061726D6339397374AB
:10C23000646C69623A206E6F7420656E6F75676812
:10C2400020737973206D75746578000048210010A3
:10C250002DE9F04782B04FF0000688460400ADF8A3
:10C260000060ADF804600AD0607850EA08000AD097
:10C27000207801280BD07CA1E42004F069F880A18B
:10C28000E12004F065F887A1E32004F061F8E0788C
:10C29000012803D093A1E42004F05AF89A4DA8781D
:10C2A000022818BF032809D0A06A00281CBFA07864
:10C2B0000F2807D995A1E02004F04AF89FA1E020BB
:10C2C00004F046F8B4E88F164435A5E88F16B4E8B4
:10C2D0000F1085E80F10A64854F8301C01270160A4
:10C2E00054F82C1C416080210172477214F8331CF1
:10C2F000343C643D002918BF01218172217CC17248
:10C300006169C160217E0174217F4174617F6A4649
:10C31000491C8174A17FC174E17F0175218CC182A8
:10C32000618B816101A99248FFF7A4F9BDF804006F
:10C33000BDF80010014304BF00210A4605D0C01D0E
:10C3400020F00700414600EB08028948FFF708FA91
:10C35000607800283ED0A089FFF74EFAE860A189F6
:10C36000A980EE22C5F79CFE607800283FD0E089C6
:10C37000FFF742FA2861E189E980EE22C5F790FED5
:10C38000BDF80400BDF80010C01D20F00700C91D55
:10C39000404421F007010844A189DFF8D881C91D74
:10C3A00021F007010844E189C91D21F00701084473
:10C3B00098F8011000291CBF6E612E7029D06E7094
:10C3C0004FF000002CD12878002892BF30466869D1
:10C3D0006F702AE0BDF80400BDF80010C01D20F009
:10C3E0000700C91D404421F007010844B6E7BDF825
:10C3F0000400BDF80010C01D20F00700C91D404416
:10C4000021F007010844A189C91D21F00701084452
:10C41000B0E7686198F8180000F102002870CEE7D4
:10C42000012904BF1020FFF7E7F9E86198F801102F
:10C43000002029B1012904BF1020FFF7DDF90AE02F
:10C4400069782878814228BF304604D2686900EBB9
:10C450000110491C6970A861A0682862AF7002B021
:10C460000020BDE8F08700006F73616C3A20756EA4
:10C47000737570706F727465642072746F730000EE
:10C480006F73616C3A204E554C4C2063666720698F
:10C490006E206F73616C5F696E697469616C69733A
:10C4A000652829006F73616C3A204E554C4C206D05
:10C4B000656D6F727920696E206F73616C5F696E54
:10C4C000697469616C697365282920666F722073CD
:10C4D0007461746963206D656D6F7279206D6F642E
:10C4E000656C00006F73616C3A2063666720686159
:10C4F0007320612077726F6E6720637075206661AC
:10C500006D696C7900000000280200106F73616C87
:10C510003A20696620757365642C207072696F20FB
:10C520006D757374206265206265747765656E2031
:10C530003020616E64203135000000006F73616C43
:10C540003A2063616C6C6564206F73616C5F696E27
:10C55000697469616C697365282920616674657204
:10C56000206F73616C5F737461727428290000001E
:10C57000500200106C020010FFF762B830B583B0B3
:10C5800004004FF000000D46ADF80000ADF80400C7
:10C5900031D0264861680160A16841608021017244
:10C5A000012141726178002918BF01218172217C2B
:10C5B000C1726169C160217E0174217F4174617F14
:10C5C0006A46491C8174A17FC174E17F0175218C89
:10C5D000C182618B816101A91448FFF74BF8BDF856
:10C5E0000400BDF80010C01DC008C91D00EBD1003B
:10C5F0006178A9B905E0002D18BF0860002003B0DC
:10C6000030BDA189E289C91DC908D21D01EBD20143
:10C61000227E272303EB021201EBD2010844C00063
:10C62000002D18BF286003B030BD0000500200107C
:10C63000FFF7E2B8FFF702B92DE9F04114000D460B
:10C6400007466FF0020604BF6FF00100BDE8F081FD
:10C6500000202060B3F1FF3F08BF4FF0FF3107D04B
:10C66000002B08BF002103D00A48006AB3FBF0F199
:10C67000002D0CBF012200223846FEF79BFE022847
:10C6800005D1002615B1FEF763FE07462760304648
:10C69000BDE8F0812802001010B5B0F1FF3F08BFDF
:10C6A0004FF0FF3106D000280FBF00210749096A6B
:10C6B000B0FBF1F10022501EFEF77CFE02281CBFE9
:10C6C000002010BDBDE81040FEF742BE2802001059
:10C6D000002904BF6FF00100704710B50968FEF72C
:10C6E00049FE002010BD00000148006A70470000AC
:10C6F0002802001070B5FFF739F9002829D01E4D27
:10C7000004461C4E6878012818BF204625D01B4CD3
:10C710000646A06850B14FF0FF3100F0FDF918480F
:10C72000C188491CC180A06800F0D4F9A660FFF759
:10C73000CBFCA1690860AA6A1AB1A9786FF004005D
:10C740009047606A8047FFF7BFFCBDE87040FFF785
:10C7500041BC0C49E22003F0FBFD0820FFF74CF838
:10C76000002818BFC0E90046D1D10749E22003F0F4
:10C77000EFFD0000664523016C0200102802001046
:10C780003A2100106CCA0508A0CA0508002808BF95
:10C790007047084A08494978012901D0FEF7A6BE2A
:10C7A000016821B14068904208BF0846F6D00020D9
:10C7B00070470000554523016C02001008B50022A7
:10C7C0000092002808BF08BD104B114A5278012A78
:10C7D00012D000BFB1F1FF3F08BF4FF0FF3206D0CB
:10C7E00000290FBF00220B4A126AB1FBF2F2694620
:10C7F000FEF7C2FE009808BD026822B14068984268
:10C8000008BF1046E6D0002008BD000055452301B2
:10C810006C0200102802001070B505001ED0FEF753
:10C8200085FE00281ED004461748164E4078012881
:10C8300018BF20461AD0154E04464FF0FF31B0689D
:10C8400000F06AF912484189491C418181892944D3
:10C850008181B06800F03EF9204670BD0DA1E32053
:10C8600003F076FD17A1E22003F072FD0820FEF729
:10C87000C3FF002818BFC0E90046DCD12049E220F0
:10C8800003F066FD554523016C02001028020010DC
:10C890003A2100106F73616C3A20696E636F727297
:10C8A00020706172616D20696E206F73616C5F6DC5
:10C8B00065737361676571756575655F6E6577280A
:10C8C000290000006F73616C3A206D697373696EA3
:10C8D00067206D656D20666F722072746F73206FB4
:10C8E000626A20696E206F73616C5F6D657373613E
:10C8F000676571756575655F6E657728290000004D
:10C90000A0CA0508002804BF6FF00100704710B5E9
:10C91000104BDFF83CC05B78012B0FD0B2F1FF3F2A
:10C9200018BF002A03D00C4B1B6AB2FBF3F2FEF7D0
:10C9300047FE002818BF6FF0020010BD036823B146
:10C940004068604508BF1846E8D04FF0FF3010BD82
:10C95000554523016C02001028020010002808BF72
:10C960007047084A08494978012901D0FEF748BEB6
:10C97000016821B14068904208BF0846F6D0002007
:10C9800070470000554523016C020010002804BFC9
:10C990006FF00100704770B5164E154A002571788A
:10C9A0000446012907D000BFFFF700F87178204640
:10C9B00001290ED109E0016821B16068904208BFE9
:10C9C0000846F1D04FF0FF3070BD05604560FEF7BE
:10C9D00037FE094C4FF0FF31A06800F09DF8074882
:10C9E000C188491EC180A06800F074F8002070BDA5
:10C9F000664523016C020010280200103A21001045
:10CA000070B5FEF7B3FFC0B104461548134D40782A
:10CA1000012818BF204614D0124D0446A86850B112
:10CA20004FF0FF3100F078F80F48C188491CC180F1
:10CA3000A86800F04FF8204670BD0CA1E22003F07A
:10CA400087FC0820FEF7D8FE002818BFC0E9004583
:10CA5000E2D113A1E22003F07BFC00006645230134
:10CA60006C020010280200103A2100106F73616CF4
:10CA70003A206D697373696E67206D656D20666F0E
:10CA8000722072746F73206F626A20696E206F73F8
:10CA9000616C5F6D757465785F6E6577282900003D
:10CAA0006F73616C3A206D697373696E67206D6591
:10CAB0006D20666F72206F73616C206F626A6563B0
:10CAC0007420696E206F73616C5F7878785F6E6533
:10CAD0007728290010B5002804BF6FF0010010BDB1
:10CAE0000B4A0C494978012909D000BFFEF78AFF9B
:10CAF000FF281CBF002010BD4FF0FF3010BD0168A3
:10CB00000029F9D04068904208BF0846EED0F3E70C
:10CB1000664523016C02001010B5002804BF6FF0B9
:10CB2000010010BD104B114A5278012A12D000BFEB
:10CB3000B1F1FF3F18BF002903D00D4A126AB1FBC3
:10CB4000F2F1FEF77BFF002816BF052800206FF0EA
:10CB5000020010BD026822B14068984208BF10462A
:10CB6000E6D04FF0FF3010BD664523016C02001087
:10CB70002802001010B5002804BF6FF0010010BD9E
:10CB8000104B114A5278012A12D000BFB1F1FF3F79
:10CB900018BF002903D00D4A126AB1FBF2F1FFF76A
:10CBA00041F8002816BF032800206FF0020010BDD6
:10CBB000026822B14068984208BF1046E6D04FF0A4
:10CBC000FF3010BD774523016C02001028020010D1
:10CBD000002804BF6FF00100704710B50C490B4AE4
:10CBE0004978012909D000BFFEF7E0FF002808BFFF
:10CBF00010BD00BF4FF0FF3010BD01680029F9D013
:10CC00004068904208BF0846EED0F3E7774523011D
:10CC10006C02001070B508B1814203D91749E320B6
:10CC200003F096FBFEF79CFFB8B104461548144D7F
:10CC30004078012818BF204613D0134D04464FF00A
:10CC4000FF31A868FFF768FF10480189491C01817E
:10CC5000A868FFF73FFF204670BD0DA1E22003F05A
:10CC600077FB0820FEF7C8FD002818BFC0E9004583
:10CC7000E3D11549E22003F06BFB000068240608AD
:10CC8000774523016C020010280200103A210010A1
:10CC90006F73616C3A206D697373696E67206D659F
:10CCA0006D20666F722072746F73206F626A2069E4
:10CCB0006E206F73616C5F73656D6170686F726514
:10CCC0005F6E657728290000A0CA050810B5002806
:10CCD00004BF6FF0010010BD094B0A4A5278012AC7
:10CCE00004D000BFFEF782FF002010BD026822B111
:10CCF0004068984208BF1046F4D04FF0FF3010BD96
:10CD0000774523016C020010FEF7BCBDFEF7B2BEF2
:10CD100010B5054CA078022818BF10BD0020FFF701
:10CD200009F90320A07010BD2802001030B5244975
:10CD30008BB08A78012A08D01AB122A1E02003F032
:10CD400007FB28A1E02003F003FB02228A7048625F
:10CD500080B3CA6900203323106013715071B1F899
:10CD600006C0A2F806C00C69C2E902402B4DCDE90D
:10CD70000550CDE908428DF81C00ADF81EC08A6947
:10CD8000274C10601371FE235371B1F804C0A2F850
:10CD900006C0C968C2E90210CDE900408DF808302C
:10CDA000ADF80AC0CDE9031205A96846FFF78EF871
:10CDB0000BB030BDFFE71BA1E32003F0C9FA000070
:10CDC000280200106F73616C3A2063616C6C6564BB
:10CDD000206F73616C5F73746172742829206167BE
:10CDE00061696E006F73616C3A2063616C6C65649D
:10CDF000206F73616C5F7374617274282920772FC0
:10CE00006F7574207072696F72206F73616C5F69E7
:10CE10006E697469616C697365282900B10306083D
:10CE2000F5C605086F73616C3A20696E636F7272A4
:10CE300065637420706172616D20696E206F73612B
:10CE40006C5F7374617274282900000010B5C243CE
:10CE500072EA010204BF4FF0FF30014604D0044AD9
:10CE60000023126AC4F71CFCBDE81040FFF774B839
:10CE700028020010002808BF7047016821B101791D
:10CE8000332904BFC068704700207047002804BFE2
:10CE90006FF00100704770B50C4D0E4604464FF020
:10CEA000FF31A868FFF738FE206810B120793328D9
:10CEB00005D0A868FFF70EFE4FF0FF3070BDE660AA
:10CEC000A868FFF707FE002070BD000028020010D0
:10CED00010B5FFF7F9F8BDE81040FFF797B8002844
:10CEE00012BF00296FF00100704710B50C460168B1
:10CEF00011B10079332802D04FF0FF3010BD084641
:10CF0000FFF7A0F82070002010BD00002DE9FF4FB2
:10CF100085B01E009046814617D0B8F1020F14D399
:10CF2000B8F1FB0F11D8B9F1000F0ED02F4D4FF013
:10CF3000FF31A868FFF7F0FD05F144004FF0000A4B
:10CF4000407830B101280ED044E029A1E32003F05D
:10CF5000FFF96978287881423CD2686900EB0110BA
:10CF6000491C697002E01020FEF746FC040031D035
:10CF70003046FEF7E1FB5FEA000B2FD0264F3888E2
:10CF8000304438800698019001208DF80800CDF8D3
:10CF90000090ADF80A60CDE903B46846FEF7EEFFF5
:10CFA0005FEA00091ED07888401C78803320C4F8DE
:10CFB0000090207184F80580E680C4E902BAA86870
:10CFC000FFF788FD41464846FFF790F809B0204634
:10CFD000BDE8F08F11A1E22003F0BAF91DA1E22013
:10CFE00003F0B6F927A1E22003F0B2F928020010FD
:10CFF0006F73616C3A20696E636F72722070617238
:10D00000616D20696E206F73616C5F7461736B5F1B
:10D010006E657728290000003A2100106F73616C5B
:10D020003A206D697373696E67206D656D20666F58
:10D0300072206F73616C5F7461736B5F7420696ED3
:10D04000206F73616C5F7461736B5F6E6577282905
:10D05000000000006F73616C3A206D697373696E34
:10D0600067206D656D20666F7220737461636B203D
:10D07000696E206F73616C5F7461736B5F6E65774F
:10D08000282900006F73616C3A206D697373696EB3
:10D0900067206D656D20666F722072746F732074E7
:10D0A00061736B20696E206F73616C5F7461736B69
:10D0B0005F6E657728290000084910B5096AB0FB42
:10D0C000F1F0002808BF012004D0B0F1004F28BFC4
:10D0D0006FF00040FEF7E6F9002010BD28020010B6
:10D0E00010B5FEF7F1F9002010BD000010B538B101
:10D0F0000549096AB0FBF1F0FEF718F9002010BDF0
:10D10000FEF7D0FFFAE7000028020010002804BF55
:10D110006FF00100704770B5164E154A0025717802
:10D120000446012907D000BFFEF778F87178204641
:10D1300001290ED109E0016821B16068904208BF61
:10D140000846F1D04FF0FF3070BD05604560FEF736
:10D1500077FA094C4FF0FF31A068FFF7DDFC074874
:10D160008188491E8180A068FFF7B4FC002070BD53
:10D17000444523016C020010280200103A210010DF
:10D1800070B5FEF773F8B8B104461448124D4078F4
:10D19000012818BF204613D0114D04464FF0FF312F
:10D1A000A868FFF7B9FC0F488188491C8180A868EE
:10D1B000FFF790FC204670BD0BA1E22003F0C8F8F9
:10D1C0000820FEF719FB002818BFC0E90045E3D18D
:10D1D0001249E22003F0BCF8444523016C02001020
:10D1E000280200103A2100106F73616C3A206D69BB
:10D1F0007373696E67206D656D20666F722072743F
:10D200006F73206F626A20696E206F73616C5F7448
:10D21000696D65725F6E657728290000A0CA0508F0
:10D22000002819BF0029002A6FF001007047F0B5EF
:10D2300016461F4A0D461D49527887B0012A18BF6D
:10D24000044629D01B4AD5E90001176AC24372EA95
:10D25000010204BF4FF0FF30014603D03A460023DD
:10D26000C4F71EFACDE90001A868B0FBF7F0029000
:10D27000287B002818BF02980390306804907068DB
:10D28000059004AA69462046FEF70CF8FF281EBF49
:10D29000002007B0F0BD04E0046814B14068884283
:10D2A000D0D007B04FF0FF30F0BD0000444523015F
:10D2B0006C02001028020010002804BF6FF001006B
:10D2C000704710B50C490B4A4978012909D000BFB5
:10D2D000FEF70CF8FF281CBF002010BD4FF0FF30F8
:10D2E00010BD01680029F9D04068904208BF084687
:10D2F000EED0F3E7444523016C02001070470000B4
:10D3000070B501882A2941D3418A4FF4807399422C
:10D310003CD1818A082939D1817D062936D1C17D48
:10D32000042933D1028B00F11204B2F5806F2DD0A5
:10D330000ADC4FF4007500F12A009A4217D0AA4285
:10D3400024D10422124909E024304FF41065B2F5CB
:10D35000006F0FD0AA4219D106220E49FDF72CFF0B
:10D36000002813D02046BDE87040F6F787BC0422A1
:10D37000074901E006220749FDF71EFF002805D0F6
:10D3800029462046BDE87040F6F7ACBC70BD0000F1
:10D39000402200101947001070472DE9F843044659
:10D3A0004188001D0E18258830462946F4F7CCFD2B
:10D3B00028B9307848B3082801D1707810B100201E
:10D3C000BDE8F88305F12200F6F742FA00F12607DE
:10D3D000002139707970018580462A1F311D381D62
:10D3E000FDF7FAFE29463846F4F7AEFD7880A8F836
:10D3F00000508023009340460023012204F11E01C7
:10D40000FDF7CCFD4046F6F773FD0120D8E700009C
:10D410002DE9F041044600882A2816D304F126009D
:10D42000FDF790F9218D81420FD194F82600112843
:10D430000DD0122809D104F12A00FDF7D9F90028EE
:10D4400003D00221017000214170BDE8F081042267
:10D450000C4904F12200FDF7AFFE0028F5D00025AD
:10D46000094C0127094E08E02078022803D12770D3
:10D47000204603F094F8A41D6D1C30888542F3DB30
:10D48000E3E700002C1D0608882600106A2600101D
:10D490002DE9F84305464188001D0C18A088F5F7D2
:10D4A0001DFB082848D30127284EDFF8A48047E059
:10D4B0003078022842D16088F5F710FB71888842E5
:10D4C0003CD117F0FF0737D0717905F11E098907A4
:10D4D00024D5E08810B30022042105F12200F4F7DE
:10D4E0003FFD024604214846F4F73AFD0146E87E36
:10D4F000F4F74AFD8046A088F5F7F0FA4146F4F7C4
:10D5000043FD8046A088F5F7E9FA014642462046E9
:10D51000F4F726FDC0430004000C0DD12088F5F778
:10D52000DDFA024628884946083883B20093B56878
:10D5300004F108033846A847BDE8F8830C367F1C81
:10D5400098F800008742B3DDF6E70000DC560010D3
:10D5500064260010084A30B4D2E90034591C01F0A6
:10D560001F01A14205D0054C44F82300116030BCD6
:10D57000704730BCF6F7BCBC8C040010B823001018
:10D5800010B50022427091B1022914D0032918BFAE
:10D5900010BD04468178012908BF02F0B9FF124886
:10D5A0000068E0B12146BDE8104000F05FB8BDE87A
:10D5B000104002F0ADBF0D498369C2690B604A603B
:10D5C00082688A60C268CA600949026A0A60426A5F
:10D5D0004A600A46BDE81040044902F0F9BE204600
:10D5E000BDE8104000F0C0BB6803001080220010AE
:10D5F0003803001050E8001F31B10B6840E80032DA
:10D60000002AF7D108467047BFF32F8FFAE70000D2
:10D610002DE9F041134D04004FF0020610D02868A8
:10D62000A17801278278914214D901F07DFC286805
:10D6300047706C606670E078BDE8F04100F09EBA1B
:10D64000094800F075F868604670C078BDE8F041A0
:10D6500000F094BA67702146BDE8F041024801F03D
:10D6600041BC00004803001038240010814224BF50
:10D6700042688A429CBF0120704702680A60BFF37B
:10D680005F8F50E8003F0A689A4204BF40E80012EA
:10D69000002AF2D14FF0000070470000214810B47A
:10D6A000214A0168A9B321485278008802F1010C8F
:10D6B000431C63452AD9801A4FF0010C401E2CEA06
:10D6C000000C501C0CEB0204621C82420CD900BFFF
:10D6D00001EB800C5CF804CCBCF1000F04BF10BC63
:10D6E0007047401C8242F3D8104683420ED900BFD7
:10D6F00001EB800252F8042C002A04BF10BC7047D2
:10D7000051F820205AB1801C9842F1D310BC00205F
:10D710007047FFE75068411C516010BC704710BC57
:10D72000401C70479C03001040030010BC03001015
:10D730000146406842684A600B780022622B18BF9D
:10D74000612B03D0632B1CBF426070474368002BE2
:10D750001CBF996042608260704700000649074B19
:10D7600048681B6882789B789A421CBF00207047EB
:10D7700042684A60704700003824001048030010D7
:10D7800010B581780446012908BF02F0C1FE0648A1
:10D79000006818B12146FFF769FF02E0204600F05B
:10D7A000E3FA002010BD00006803001009490020C2
:10D7B0004860886008490968002918BF88700748D0
:10D7C0000068002808BF7047282205490988F6F735
:10D7D00013B80000902200106403001068030010CA
:10D7E0006C0300100D4810B5006810B1FFF702FF80
:10D7F00002E0282000F08CFB002808BF10BD652146
:10D80000017000214170817041608160C160C0E998
:10D8100004118161C0E90711416210BD6803001065
:10D820000348416800290CBF4FF0FF308068704703
:10D830009022001002F0CCBD02F06ABE2DE9F04348
:10D840007E4F7F4D00243868652687B0002874D04D
:10D8500010F8041B8900C4F755FC3A6879489470A5
:10D860004168C9B1D1E906C36FEA0C0C7CEA030335
:10D8700008BF08460DD04B6843608368D1F808C0E4
:10D8800063448360937802EB830C5B1C9370CCF849
:10D89000041041680029E5D190784FF00008002875
:10D8A0009CBF07B0BDE8F083386800EB8800406893
:10D8B000016A0491416A0591C16859B1D0E9042314
:10D8C000511A63EB0402CDE90012C1680291C168EC
:10D8D000039115E0D0E906122B68D5F804C05B1A55
:10D8E0007CEB02033CBF0091CDE9012407D32A68F9
:10D8F0006968521C41F100010092CDE901140394C2
:10D90000067044708470446084600022C460C0E982
:10D9100004228261C0E9072404AA6946446202F035
:10D9200057FD08F1010000F0FF0838688078404595
:10D93000BAD807B0BDE8F083FFE742484FF00008CF
:10D9400047464168C14689B1D1E90623D24372EA0C
:10D9500003020EBF0846791C8FB241680029F3D13B
:10D9600027B139460420FDF737FD80463548416828
:10D97000B9B100BFD1E90623D24372EA030208BF5E
:10D9800008460BD04A68426082688B681A448260FD
:10D9900048F8291009F101011FFA81F941680029AD
:10D9A000E8D14FF00009002F41D900BF58F82900F5
:10D9B000016A0491416A0591C16859B1D0E9043204
:10D9C000591A62EB0402CDE90012C1680291C168E4
:10D9D000039115E0D0E906122B68D5F804C05B1A54
:10D9E0007CEB02033CBF0091CDE9012407D32A68F8
:10D9F0006968521C41F100010092CDE901140394C1
:10DA0000067044708470446084600021C460C0E982
:10DA100004118161C0E9071404AA6946446202F056
:10DA2000D7FC09F101001FFA80F9B945BED3404681
:10DA3000FDF7D4FC07B0BDE8F083000064030010DC
:10DA400018020010902200102DE9F047424E706835
:10DA5000002808BFBDE8F087B0680024401EDFF84A
:10DA6000FC806527B0606DE0A868B0606868706091
:10DA70006878002866D12A6A12B12846696A9047F8
:10DA8000EA68002A52D0D5E90603C14371EA0301CE
:10DA90002DD02146801843EB0102C5E90602D8F8D3
:10DAA0000030D8F80490B0EB030C2B4862EB090966
:10DAB0002346826805E05046DAF808A01AEB020215
:10DAC0005941B2EB0C0A71EB090A04D2D0F804A058
:10DAD000BAF1000FEFD141686960B2EB0C01A960A7
:10DAE00045608168AA68A1EB020181602AE01A4BB7
:10DAF0002146986805E04B46D9F8089019EB0000DC
:10DB00006141B0EB020971EB040C04D2D3F804902C
:10DB1000B9F1000FEFD15968801AC5E901105D60B5
:10DB20009868A968A0EB010098600BE02F706C70FA
:10DB3000AC706C600020AC60C5E90400A861C5E968
:10DB400007046C62B068002818BFBDE8F0877568EC
:10DB5000002D89D1BDE8F087902200101802001036
:10DB600010B5EDF70BFC034900280CBF0120002085
:10DB7000887010BD4003001070477047FF280CBF2D
:10DB80000120401CC0B206498978002908BF7047AF
:10DB900004494A6809688A4208BF7047EDF746BCE5
:10DBA00040030010480300102DE9F04100282DED3E
:10DBB000048B04BF0020FEF751F80024424844497A
:10DBC000048042480568687A00060860E87A002800
:10DBD00018BF01203F4908703F49E868086068683D
:10DBE00003F0B8FB0F46064647EC180B286803F015
:10DBF000B1FB53EC182B03F039FC9FED399B53EC30
:10DC0000192B03F09BF903F061FB3749421E0A60B0
:10DC10003649086003F09EFB47EC106B41EC180B93
:10DC200053EC192B51EC100B03F020FC53EC182B88
:10DC300003F084F903F04AFB2D49C1E900042D49A2
:10DC4000012008702C49686808602C483849046035
:10DC50002B4804602B4804802B4804602B48048028
:10DC60002B4804602B4804802B4804602B48048018
:10DC70002B4804602B4804602B4804802B48046028
:10DC8000287A0870042101EBC0000121FDF7A4FBF4
:10DC9000284908602848046028480480284804600F
:10DCA0002848048028480460284804602848046004
:10DCB00028480460284804702848047028480470E4
:10DCC000BDEC048BBDE8F081BC0300100402001021
:10DCD000C0030010CC030010C803001000000000B7
:10DCE0000000000080842E41D003001014020010B8
:10DCF00020020010D4030010D8030010DC03001031
:10DD0000640300106C03001068030010740300101B
:10DD1000700300107C0300107803001084030010CF
:10DD20008003001088030010900300108C03001083
:10DD300098030010940300109C030010A40300102B
:10DD4000A0030010AC030010A8030010B4030010DF
:10DD5000B0030010B80300103003001031030010AE
:10DD60003203001080897047FDF738BB104910B5A9
:10DD70000B6883B1DFF83CC0DCF8081001EB8002CF
:10DD8000D01A0D4B10301B8898420BD90D20FDF78F
:10DD900065FF002010BD1021BDE8104001EB8000A0
:10DDA00000F0B6B8084602F11001CCF8081010BD1A
:10DDB0008003001050030010840300100C4810B5BD
:10DDC000016881B10B4A0C4B10681B88411A103155
:10DDD00099429EBF00F11001116010BD0D20FDF7AA
:10DDE0003DFF002010BDBDE81040102000F090B8AD
:10DDF0007003001050030010740300100C4810B59D
:10DE0000016881B10B4A0C4B50681B88411A0831DC
:10DE100099429EBF00F10801516010BD0D20FDF731
:10DE20001DFF002010BDBDE81040082000F070B8B4
:10DE300078030010500300107C03001070B51049E7
:10DE4000C01DC008096879B10E4A0F4BD4681B8801
:10DE500004EBC000411A994298BFD0600DD90D2043
:10DE6000FDF7FCFE002070BDC500284600F050F80C
:10DE7000044611222946C4F713F9204670BD00005C
:10DE8000A803001050030010AC03001010B5164892
:10DE9000164C006820B1164920600988C4F732F991
:10DEA0001448006820B1144960600988C4F72AF951
:10DEB0001248006820B11249A0600988C4F722F90D
:10DEC0001048006828B11049E06011220988C4F7A1
:10DED000E7F80E480068002808BF10BD2061BDE8C3
:10DEE000104000F02BBF0000700300105003001022
:10DEF00074030010780300107C03001080030010EE
:10DF000084030010A8030010AC0300108803001065
:10DF10000121FDF761BAFDF763BA00000349096802
:10DF2000002918BF7047FFF71FBF000070030010E3
:10DF300003490968002918BF7047FFF715BF0000A3
:10DF4000A8030010000000002DE9F04FB84F002496
:10DF50002DED048B8BB0A1463868002804BF00204B
:10DF6000FDF77CFEB34EDFF8D0A2DFF8D0B2306808
:10DF700000281FBFDAF800000028DBF800000028A6
:10DF800003D14FF00000FDF769FE04A93868FDF7E2
:10DF900029FA09A93868FDF771FAD7F80080A8496D
:10DFA00098F81000801C088098F80910090641EACA
:10DFB0000040A449086098F80B00002818BF012011
:10DFC000A1490870A149D8F80C000860D8F80400ED
:10DFD00003F0C0F9054641EC180B0291D8F8000097
:10DFE00003F0B8F953EC182B03F040FA9FED989B1F
:10DFF00053EC192B02F0A2FF03F068F99649421E78
:10E000000A609649086003F0A5F941EC180B0299E3
:10E0100053EC192B41EC105B51EC100B03F026FA7A
:10E0200053EC182B02F08AFF03F050F98C490025BD
:10E03000904BC1E900058B490120DFF83CE20870F4
:10E040008949D8F80400086088480560BDF81010B8
:10E050008748D1B1326898F811C0026082F800C0D8
:10E0600000684FF0040808EB8C0180F80180BDF8CF
:10E070001000C1EB80021A8004EB91013268044663
:10E0800002EB8101CEF8001003E005601D80CEF8A0
:10E090000050BDF81210794A794B4FF6FF700029F5
:10E0A00004BF15801D6009D000EA810CA2F800C0F1
:10E0B0003268214402EB84028CB21A60BDF814105D
:10E0C000704A714B002904BF15801D6009D000EA19
:10E0D000810CA2F800C03268214402EB84028CB2A9
:10E0E0001A60BDF8161051B1684B00EA8102214454
:10E0F0001A803268664B02EB84028CB21A60BDF85B
:10E100001810644A002908BF156005D033682144FF
:10E1100003EB84038CB21360BDF81A105E4A5F4BA8
:10E12000002904BF15801D6009D000EA810CA2F807
:10E1300000C03268214402EB84028CB21A60BDF840
:10E140001C305749574A002B04BF0D7015600BD087
:10E15000D7F800C09CF808C081F800C0316801EB16
:10E160008401116019198CB2BDF81E104E4A0029A5
:10E1700008BF156005D03368214403EB84038CB2DB
:10E180001360BDF820304949494A002B04BF0D8077
:10E19000156006D000EA83030B80316801EB84012F
:10E1A0001160BDF82410434A434B002904BF158079
:10E1B0001D6006D000EAC1001080DAF80000894630
:10E1C0001860BDF826203D483D49002A04BF05607F
:10E1D0000D6006D0D2000260DAF8000000EBC90042
:10E1E000086038680024002808BF2C460CD001A91C
:10E1F000FDF74FF9BDF8040030B1DBF800401CB961
:10E200000421FDF7E9F804462E48002C046004BF01
:10E210000020FDF723FD2C4805702C4805702C4884
:10E2200005700BB0BDEC048BBDE8F08F0000000062
:10E2300004020010080200100C020010100200106E
:10E24000BC030010C0030010CC030010C803001072
:10E250000000000080842E41D00300101402001042
:10E2600020020010D4030010D8030010DC030010BB
:10E27000640300106C0300106803001074030010A6
:10E28000700300107C03001078030010840300105A
:10E290008003001088030010900300108C0300100E
:10E2A00098030010940300109C030010A4030010B6
:10E2B000A0030010AC030010A8030010B40300106A
:10E2C000B0030010B8030010300300103103001039
:10E2D000320300102DE9F041384C206845788078F1
:10E2E000002818BF012664D0206800EBC5014868EB
:10E2F0000278602A06D0612A28D0652A2AD0622AAC
:10E300002CD042E007468968C0690843F8617A78F2
:10E31000396A062A02D0052A04D036E031EA000024
:10E3200033D103E0084230D008403862F8698843AE
:10E33000F861384600F053FE7E700221384600F046
:10E3400045FE39461E4800F0CDFD1EE0896800F00C
:10E3500027FC1AE08968FFF713F916E0416871B1EC
:10E36000FFF7E6F9074600F03AFE38467E700321D3
:10E3700000F02CFE3946124800F0B4FD05E081782B
:10E38000C27891423CBF491C817020686D1CC078E6
:10E39000854208BF00252068801CD0E84F1F491E19
:10E3A000C9B2C0E8421F002AF5D120688078002851
:10E3B0009AD120684570BDE8F081000094030010F8
:10E3C00038240010C37882788B423CBFFF2070470E
:10E3D000914204BF0020704742688170002070475E
:10E3E0002DE9F84F074682480025DFF808820560CE
:10E3F000A8F10800C8F800507F4AC8F804504570DA
:10E400000E46156055607D48056085807C48016832
:10E41000C9B17C4BB3F800C0BCF1000F13D0002091
:10E420001CF001021CBF0D60012062450BD200BF31
:10E4300041F82050401C921C41F82050B3F800C015
:10E44000401C6245F4D3704C206820B16F494822CB
:10E450000988F5F7D1F96E48006840B16D4909881F
:10E4600089B241F000426C490968F5F7C5F96B487B
:10E47000006820B16A4908220988F5F7BDF9DFF87C
:10E48000A4A14FF0FF0900218AF80390F068CAF8B0
:10E4900040007089AAF83A007068CAF82400306910
:10E4A000CAF834005046326800F0DAFA5E48642157
:10E4B000017045605D480170C56005614561DAF82D
:10E4C0003C002030C1F78AFF0220C8F800A08AF87B
:10E4D0000100574857490068057045700978C170B8
:10E4E00055485649056009680161FFF75FF95448CE
:10E4F000016841F47F01016000684FF07F4101EA4B
:10E5000000205049C043B0FA80F00968C0F108000B
:10E51000C1F30221814228BF481C4B490A686FF0B1
:10E52000807303FA00F062F317000860FDF70AFE3B
:10E530004649002808600EDB00F1E02181F80094D4
:10E5400000F01F01012202FA01F14009800000F1F0
:10E55000E020C0F8001100F081FC3E7AB7F80A8094
:10E56000D7F810B038680090D7F804A0D7F80C900E
:10E57000FFF794F8070008BFBDE8F88F002E08BF2A
:10E580000126206840B1FFF735F804000CD1BDE842
:10E59000F84F0D20FDF762BB48200121FCF71CFF5E
:10E5A000040008BFBDE8F88FC4F84090C4E90C5BD4
:10E5B000A4F83A80C4F824A03146009A00F050FA3A
:10E5C0000F48006800281CBF00EB870040F8044C8F
:10E5D000F8B21F49E070897821B1401CC0B2616C6B
:10E5E000ECF70AFF2046BDE8F84FFFF711B800002E
:10E5F0009804001048030010180200109C0400103A
:10E600009C030010BC0300108C030010900300104A
:10E61000B0030010C0030010B4030010A0030010EA
:10E62000A40300109C220010382400105024001075
:10E63000940300109803001068240010C403001015
:10E6400020ED00E00CED00E01CED00E034030010D4
:10E650004003001030B44FF0E02200239361DFF854
:10E660002CC01A184B41DCF80000DCF8041082EAD8
:10E67000000483EA01052C4304BF30BC7047CCF88A
:10E680000020CCF8043030BCFFF7D8B818020010D6
:10E6900038B54FF6FF74012828D14FF0E0252869DE
:10E6A00000901848DFF860C0184902680120184B34
:10E6B000002A09DA05222A618CF80000086802EABB
:10E6C00090601870400610E002F01F0500FA05F592
:10E6D0005211920002F1E022C2F880518CF8000041
:10E6E0000868C0F300701870C00608600948C16867
:10E6F000002918BF4469FFF793F8A04288BF20465D
:10E7000038BD0000340300103003001004ED00E0B9
:10E7100032030010502400102DE9F05F1D46914691
:10E720008A4683461E78B3F80280FEF7B7FF071EBD
:10E7300008BFBDE8F09F002E08BF01261D480068F5
:10E7400038B1FEF757FF040009D10D20FDF786FA16
:10E750002CE048200121FCF73FFE040026D00020D9
:10E7600020636868C4F840906063A4F83A805A4611
:10E7700031462046C4F824A000F072F90E48006823
:10E7800000281CBF00EB870040F8044CF8B20B498E
:10E79000E070897821B1401CC0B2616CECF72CFEAE
:10E7A0002046FEF735FF2046BDE8F09F0020BDE87B
:10E7B000F09F00008C0300109C0300104003001029
:10E7C000002804BFFF2070472DE9F05FDFF8D4B1C7
:10E7D000054690F80390DFF8C8A10027DBF8000099
:10E7E0004FF00108B9F1000F1CBFC17849456DD148
:10E7F0004770C1F7F6FDDBF80010C86300F01EFC9F
:10E80000DBF80000846A0CB36068C0B12046FEF7F4
:10E810008FFF0646052100F0D9FB304600F0DFFBF4
:10E8200086F801803146604800F05CFBE168A4F89E
:10E830000280A660B06AE060B4620C4604E0E06862
:10E840006780A760E7600446002CDDD1DAF800009D
:10E8500030B1DBF80010C97800EB810040F8047C8F
:10E860005248006828B1DBF80010096CFEF7FEFE84
:10E8700004E0DBF80000006CFFF75AFBDBF8000057
:10E880004B490764897831B1C178491CCAB2416CDF
:10E890001046ECF7E1FDDBF8000007704548006822
:10E8A00028B12F63DBF80010FEF7E0FE08E0286BCC
:10E8B00010B1FCF793FD2F63DBF80000FCF78EFD31
:10E8C0000020CBF80070FEF7A3FE66E0284600F0BB
:10E8D0009DFB284600F083FBAC6AFCB16068B8B1D0
:10E8E0002046FEF725FF0646052100F06FFB304667
:10E8F00000F075FB86F8018031462B4800F0F2FAF3
:10E90000E068A4F80280A660B16AE160B46203E046
:10E91000E0686780A760E7600400DFD1DAF80000F4
:10E9200000281CBF00EB890040F8047C1F480068E9
:10E9300018B1296CFEF79AFE02E0286CFFF7F8FA8E
:10E940001B482F64807828B1E878696C401CC0B2FD
:10E95000ECF782FD17482F70006820B129462F631D
:10E96000FEF784FE07E0286B002808BFFCF736FDA1
:10E970002846FCF733FD0C4840688178DBF800003E
:10E980008278914209D980F801800748DBF80010AD
:10E9900000F0A8FA0020FEF73BFE0020BDE8F09F43
:10E9A0009C0300104803001038240010B00300102E
:10E9B000400300108C03001010B5040008BF10BD08
:10E9C000206B00281CBF206B10BD0848006838B1C0
:10E9D000E17801EB410100EB41106038206310BD8C
:10E9E00060200121FCF7F8FCF8E70000B8030010F4
:10E9F00070B5040004BFFF2070BD144D2868A0420C
:10EA000011D18170286880F82C10114840688078F6
:10EA1000884219D90E48296800F064FA2968012053
:10EA2000487000200EE0A17084F82C102868A042E5
:10EA3000EBD0204600F082FA6078012804D1044827
:10EA4000FEF776FEFEF7E4FD002070BD48030010DF
:10EA50003824001001480068704700004803001087
:10EA600070B504466020207001206070A17084F8A9
:10EA70002C1000206060A060E0602061A0626061F6
:10EA8000A061E061206284F83800206C15460028FF
:10EA90001CBF608F002803D14FF01100FDF7DEF896
:10EAA00029462046BDE87040AFF3008030B4428F65
:10EAB000374C930804BF2288C2F38D03026C02EB2B
:10EAC000830212F0040F18BF121F4FF0807C42E93E
:10EAD000021C4FF0000C42F840CDC2F804C0C2F84E
:10EAE00008C0C2F80CC0C2F810C0C2F814C0C2F806
:10EAF00018C0C2F81CC0C2F820C0C2F824C0C2F8B6
:10EB000028C0C2F82CC0C2F830C0C2F834C0D0F857
:10EB100024C0C2F820C0C2634164216811F0805F44
:10EB200018BF112B2FD9103B4FF0FF3101EB5305CC
:10EB30004FF0010C4FF0CC31BCEB530F1ED04FF017
:10EB4000000C15F0010F05D042F8041C42F8081C17
:10EB50004FF0010C6B100FD0CCF1000402EBC40499
:10EB60005B1E44F8041C44F8081C44F80C1C44F8D0
:10EB7000101C0CF1020CEFD1A2EBC502036C121FAA
:10EB80009A4288BF11600349006C016030BC704735
:10EB9000C0030010A52E5AE2C1898089081A704767
:10EBA0002DE9F0410446406800260F4604F10C05AB
:10EBB000002845D060784FF0010801282BD00228AA
:10EBC00018BFBDE8F0812046FEF7B2FD07460021E0
:10EBD00000F0FCF92189786A04EB8101C1F810008A
:10EBE000D5E85F0F401C81B2C5E8501F0028F7D15F
:10EBF0002089401C80B22081E189884208BF26819B
:10EC000087F80180384600F0EAF93946BDE8F0415E
:10EC10001B4800F067B92046FEF78AFD0446406AAB
:10EC200004210760204600F0D1F984F801802046D5
:10EC300000F0D5F92146BDE8F041114800F052B985
:10EC4000A089E189884215D2208904EB8000076100
:10EC5000D5E85F0F401C81B2C5E8501F0028F7D1EE
:10EC60002089401C80B22081E189884208BF26812A
:10EC7000BDE8F0810320BDE8F041FDF753BA000084
:10EC8000382400102DE9F04104464088294E002820
:10EC900026D0A068816AA14206BFE168816200298E
:10ECA00007D0CA68A24202D1E268CA6001E011003E
:10ECB000F7D190F82C10826A4AB15368002B1CBF20
:10ECC0009B788B4288BF1946D268002AF5D182789A
:10ECD0008A4205D081703168814218BF00F02EF958
:10ECE0000127606888B12046FEF722FD0546002115
:10ECF00000F06CF9284600F072F96F7029460E4852
:10ED000000F0F0F860680028EDD10B48406860B171
:10ED1000316880788A78904207D9074800F0E2F895
:10ED2000306847700020FEF773FC00202070BDE8BB
:10ED3000F0810000480300103824001063210170A6
:10ED40000021418041608160C16070472DE9F04140
:10ED50000446408820B1344DA1682A68914202D00F
:10ED6000FF20BDE8F081401E0004000C608057D1F8
:10ED70002968886AA04206BFE0688862002807D038
:10ED8000C268A24202D1E268C26001E01000F7D17D
:10ED900091F82C20886A48B14368002B1CBF9B78EF
:10EDA000934288BF1A46C0680028F5D18A70DFF800
:10EDB0007C806068012728B32046FEF7B9FC064630
:10EDC000052100F003F9304600F009F96780A660DC
:10EDD000B06AE060B4622968D8F804208878927834
:10EDE000904228BF304619D2104800F07BF83146D7
:10EDF0000E4800F077F82868477077700020FEF71B
:10EE000007FC0DE0D8F8040029688078904207D903
:10EE1000064800F067F8286847700020FEF7F8FB06
:10EE20000020BDE8F08100004803001038240010E5
:10EE3000084810B5026801215170006800F074F8AC
:10EE4000FFF748FA0448FEF773FCBDE8104000F0F5
:10EE50000FB900004803001038240010054801785D
:10EE600000291EBF0121417070474FF080500249B8
:10EE7000086070473003001004ED00E0F0B4184D56
:10EE80002B6803F1020CDC78DCE84F2FA24210D192
:10EE9000BFF32F8F2B6893F803C0944581BF03EB1A
:10EEA000C202C2E90101F0BC70470220F0BCFDF7CC
:10EEB00039B9521CD6B2CCE8426F002AE4D100BF67
:10EEC000D3E84F2F02F1010CA44508BF4FF0000C0E
:10EED0000CF0FF06C3E84C6FBCF1000FF0D1D9E78E
:10EEE0009403001010B402784FF0000C622A1ABF8D
:10EEF000612A632A4FF0010C8B78426822B1947822
:10EF00009C4228BF1046F8D24A604160BCF1000F15
:10EF100001BF0020886010BC7047002A18BF9160B4
:10EF2000886010BC7047000003494A6842600022B4
:10EF300082604860704700003824001010B4836875
:10EF400023B11A781946602A07D00AE041780129CE
:10EF50000EBF1D4910BC704703E089680A78602A1B
:10EF6000FBD0002B08BF184A07D042685A6042689D
:10EF7000002A1CBF8368936007E05368834202D174
:10EF80004368536001E01A00F7D10A780023622A2F
:10EF90001ABF612A632A012390F802C04A6822B18D
:10EFA0009478644528BF1146F8D242604860002B2F
:10EFB00001BF0021816010BC7047002A18BF90601B
:10EFC000816010BC704700003824001090F8382091
:10EFD000C06B002A14BF60302030016070470169A7
:10EFE000002908BF7047C268CA60C3680022002BAE
:10EFF00008BF4A6107D04B69D0F814C063444B6125
:10F00000C3681961C260026170470000816800290D
:10F0100008BF094907D042684A60416800291CBFFF
:10F020008068886070474A68824202D140684860C0
:10F0300070471100F7D17047382400100948407A12
:10F04000002808BF704708480068D0E90F108142C7
:10F0500004D300680549884208BF70470120FDF7C6
:10F0600061B800001021001048030010A52E5AE2DC
:10F070000349486002214170C078FEF77FBD00005F
:10F080004803001038B52D4801210268517000680E
:10F09000FFF74AFF2A482B4C007828B32A482B490F
:10F0A00003684A68002193420DD002600269236818
:10F0B000D4F804C0D21841EB0C03B2F1010C43F1B7
:10F0C000FF32C0E902C2D0E9025C226863686A408C
:10F0D0008CEA03031A4307D101601C48FEF728FBA2
:10F0E00001461A48FFF7FEFE19480168491C0160F5
:10F0F000EFF3108000F0010072B6009020686168A4
:10F10000401C41F1000120606160009800B962B6C6
:10F11000FBF71AFCFEF798FC0E4C206810F0805F9D
:10F1200005D0FFF7D7F8206840F00060206007485E
:10F13000FEF7FEFABDE83840FFF79ABF480300101B
:10F14000CC030010180200106824001038240010AE
:10F150009804001004ED00E070B5FEF7FFFA04001B
:10F1600008BF70BD074D08482968FFF7BBFE296836
:10F170000120487002206C606070E078BDE870404B
:10F18000FEF7FCBC480300103824001070B5FEF7F1
:10F19000B5F827480078012801D1F4F7F3FC254998
:10F1A000D1E90020824241D0234A52F82040401C3D
:10F1B00000F01F004860208A082806D0B0F5C16F13
:10F1C0002FD12046FEF79CF82BE000212046FBF7CC
:10F1D00031FE10B304F11E00042200210546FCF7A5
:10F1E00011F828B9012204F10A012846F4F782FB3C
:10F1F000E07E012806D0022808D006280ED011286B
:10F200000FD107E02046FEF7C8F80AE02046C2F713
:10F2100097F806E02046C2F74DF902E02046FEF7D7
:10F22000BBF82046BDE87040F4F762BE70BD000038
:10F23000270300108C040010B82300102DE9F041C2
:10F2400016480078002826D015480178491E11F08C
:10F25000FF0101701FD113490025134F0978017078
:10F260004FF00208114E13E005EB450007EB400498
:10F27000207801280BD1607848B1401E10F0FF00C3
:10F28000607004D1A01CFBF7D1FA84F800806D1CDB
:10F2900030888542E8DBBDE8F081000026030010DD
:10F2A0002203001062260010882600106A26001033
:10F2B00070B5044682B000200D467C4900904FF6A0
:10F2C000FF7C0190012A0CD0022A4AD0CDF804C05C
:10F2D000208840F480702080A08A10F0010F7DD03B
:10F2E00095E0CDF804C0208840F480702080A08A8A
:10F2F00010F0010F07D10198421E01926FD3A08A2E
:10F3000010F0010FF7D043F0010008700878208258
:10F31000CDF804C0A08A10F0020F07D10198411E59
:10F3200001915CD3A08A10F0020FF7D0208820F45E
:10F330008060208072B6208B0090208840F400709E
:10F34000208062B6A08A10F0400FFBD0208A28707F
:10F35000208810F4007FFBD1208840F4806020805A
:10F3600085E0208840F400602080CDF804C020882B
:10F3700040F480702080A08A10F0010F07D101981E
:10F38000421E019252D3A08A10F0010FF7D043F031
:10F390000100CDF804C0087008782082A08A10F01F
:10F3A000020F07D10198411E01913FD3A08A10F0AE
:10F3B000020FF7D072B6208B0090208820F4806076
:10F3C000208062B6A08A10F0040FFBD072B6012133
:10F3D0002046F3F7D4F8208A287001E00FE025E0FA
:10F3E00062B6208A6870208810F4007FFBD12088E4
:10F3F00040F480602080208820F4006036E001988E
:10F40000461E019612D3A08A10F0010FF7D043F0E8
:10F410000100CDF804C0087008782082A08A10F09E
:10F42000020F0BD10198411E019103D202B04FF09F
:10F43000FF3070BDA08A10F0020FF3D0208B009037
:10F440006AB1032A16D0A08A10F0040FFBD0208ADC
:10F45000521E05F8010B032A0CD0002AF1D1208896
:10F4600010F4007FFBD1208840F48060208002B03F
:10F47000002070BDA08A10F0040FFBD0208820F47B
:10F480008060208072B6208A05F8010B208840F445
:10F4900000702080208A05F8010B62B6A08A10F067
:10F4A000400FFBD0208A2870D9E70000A404001088
:10F4B0000846F9F74DB830B49C4614460846214634
:10F4C000029B30BC6246F9F7A5B830B49C4614469E
:10F4D00008462146029B30BC6246F9F7E5B8022097
:10F4E000F8F706BF0846F8F797BF944608461A464D
:10F4F0006146F8F7A9BE944608461A466146F8F7F1
:10F5000009BFC2F748B80121C2F700B8044910B5D5
:10F5100001EBC00001210068F5F7D4FE002010BD0A
:10F520009C1E0608044910B501EBC00000210068CC
:10F53000F5F7C8FE002010BD9C1E060810B50A494C
:10F5400001EBC004103101EBC0012068F5F746FE65
:10F5500001212068F5F7B6FE0020F4F7FDFCF4F772
:10F5600023FD002010BD00009C1E06082DE9F04779
:10F57000984E074606EB870988B0D9F804400D007D
:10F5800008BF954D954839460068F7F720FE0128D9
:10F590001EBF6FF00E0008B0BDE8F0873946306836
:10F5A000F7F715FE012806D02878002804BFA878B0
:10F5B00001280BD049E04FF0200221462846C2F72F
:10F5C0002EFC002841D108B0BDE8F087687A0028F9
:10F5D0003BD06878022838D1E87A002835D000205E
:10F5E000F4F7BAFCF4F7E0FC7D4800F1340191E84F
:10F5F0004E108DE84E10297F002918BF0221ADF86A
:10F600000610697F002918BF0121ADF80810297A7A
:10F6100001290CBF4FF400610021ADF80410002F48
:10F6200004BF3021ADF80C1000680690CDF81CD056
:10F630002878002818BF01208DF81800E8780626E1
:10F64000002818BF064640D104E008B04FF0FF3054
:10F65000BDE8F087686820B33846FAF75DFD6A6850
:10F66000B0FBF2F1B0FBF2F302FB1300022901D36D
:10F6700003D130B94FF0010627E0042901D303D1AB
:10F6800030B94FF0020620E0082901D303D130B988
:10F690004FF0030619E0102901D303D130B94FF020
:10F6A000040612E0202901D303D170B94FF00506FA
:10F6B0000BE0402909D302D1002873D105E080294D
:10F6C00070D30CBF002808266CD08DF81960EA8B27
:10F6D00006A93846FAF7BAFB00281CBF08B0BDE8F7
:10F6E000F0874FF000084646F4B3607A94F8231090
:10F6F00010FB01F895E82F1684E82F16617A84F83C
:10F700002210207A01280CBF0222012284F8232033
:10F7100011FB02F50023E06AF9F71DFEE06284F8B0
:10F72000286094F82320617A0023206BF9F713FEF8
:10F730002063606B28B1454507D004F13400F5F72C
:10F74000C7FE2846F5F7D0FE6063617A94F823007F
:10F7500011FB00F0C2B2E17A0023606AF9F7FBFD09
:10F76000606284F8207000E01EE084F8296084F86C
:10F7700021602324022137B1012F08BF242402D0A5
:10F78000022F08BF33242046F7F79AFC2046F7F7EC
:10F7900095FC39460F48F7F729FD08B00020BDE871
:10F7A000F087FFE7072690E73820F5F79DFEC9F8B8
:10F7B0000400066046608660C66006614661866138
:10F7C000C661066246628662C66206630446466396
:10F7D00090E70000402300107C200608401E060829
:10F7E00074200608F0B505464548464F00EB8500F5
:10F7F00083B057F8256044683046F3F7C1F8ADF898
:10F80000080094F8280094F82210884208D202A92F
:10F81000E06AF9F7F9FD94F82800401C84F8280004
:10F82000C1B294F82220002091424BD184F82800E4
:10F8300094F82900401E10F0FF0084F8290014BF3E
:10F8400000260126606AF9F785FC012804BF606A7A
:10F85000F9F7D3FDE06AF9F752FC626A01461046F7
:10F86000F9F7D2FDE06AF9F72BFC002E18BF57F824
:10F87000256021D080213046F3F76EF80128F9D0B9
:10F8800000213046F2F7FDFF57F8250000226021E5
:10F89000F3F769F8206BF9F713FC607A94F82310FA
:10F8A00010FB01F1606BC2F70BFCD4E905100029D5
:10F8B00018BF884703B0F0BDD4E90C01F9F718FD73
:10F8C00003B0F0BDADF8000094F8231001290BD06F
:10F8D00000226946206BF9F746FCBDF8001030465F
:10F8E000F3F750F803B0F0BD8DF80400002201A931
:10F8F000206BF9F738FC9DF80400ADF80000ECE748
:10F90000402300109C2006083049C0B210B501EB1E
:10F91000800084B04468607CF6F796FBE07D0022AE
:10F9200004F12201F6F738FF207B80B104281ED0B5
:10F93000052818BF002023D0A0616168002904BFFA
:10F9400004B010BDA06804B0BDE81040084794F8AA
:10F95000220094F823104006400A40EA012094F85F
:10F96000241001F0E00108434009A061E5E794F8A4
:10F97000231094F8220001F07F0140EA0120DBE728
:10F98000608C40BAADF8000094F8241094F825205B
:10F99000C90241EAC20194F8262041EA52110191BC
:10F9A00094F8261001F003018DF8081094F8271040
:10F9B0008DF8091020870198A0619DF8080084F84F
:10F9C0003A009DF8090084F83B00B6E7E8210010F2
:10F9D0000B49C0B210B501EB80004468607CF6F7BB
:10F9E00033FBE07D002204F12801F6F7D5FE6168C3
:10F9F000002908BF10BDA068BDE8104008470000FE
:10FA0000E8210010F8B5C5B21248012100EB8506C7
:10FA10007468D4F81200F5F755FCE07D00226946C1
:10FA2000F6F7BAFE74680021D4F81200F5F74AFC24
:10FA3000E07D2A460849F6F7DBFEE07D0321F6F774
:10FA400051FFE07D0549F6F723FFE07D0121F6F740
:10FA500061FFF8BDE8210010D1F905083B1B06083D
:10FA600070B5C5B21348012100EB85067468D4F85F
:10FA70001200F5F727FCE07D002204F11C01F6F7E7
:10FA80008BFE74680021D4F81200F5F71BFCE07DB2
:10FA90002A460949F6F7ACFEE07D0421F6F722FF7D
:10FAA000E07D0649F6F7F4FEE07DBDE870400121F7
:10FAB000F6F730BFE8210010C1FA05083E1B060822
:10FAC000F8B5C5B22648012100EB85067468D4F864
:10FAD0001200F5F7F7FBE07D002204F12201F6F7B2
:10FAE0005BFE94F8230094F82410000440EA0120FF
:10FAF00094F8251008430009A061746894F8360052
:10FB0000401C84F8360094F8360000F001002044D0
:10FB1000807B84F8350094F83500002804BF7620F7
:10FB200084F835000FA00068009094F835008DF837
:10FB30000100D4F812000021F5F7C4FBE07D2A464D
:10FB40000949F6F755FEE07D0221F6F7CBFEE07D90
:10FB50006946F6F79DFEE07D0121F6F7DBFEF8BD74
:10FB6000E82100109700000005FA050870B51A4951
:10FB7000002801EB80014C680CBF184D184DE1695D
:10FB800000291CBF206A8847002084F82D0084F8D3
:10FB90002E004FF400412846F1F780FF4FF400613A
:10FBA0002846F1F77BFF4FF480612846F1F776FF96
:10FBB0004FF400712846F1F771FF4FF48071284629
:10FBC000F1F76CFF08212846F1F768FF686840F0FC
:10FBD0000400686070BD00005C23001000640040F9
:10FBE000006800402DE9F0418AB04FF000010500A7
:10FBF00000910191029103911F48204E00EB850076
:10FC0000DFF87C804468A76A0CBF30464046C06875
:10FC100010F0100F1CBF2846FFF7A8FF3846F9F771
:10FC200099FA012808D13846F9F7E7FB012084F852
:10FC30002E002846FFF79AFF002D0CBF30464046A5
:10FC400004AA0021F2F78DF8049800909DF81A009C
:10FC50008DF80600DDF81B000290DDF81F00039010
:10FC600069463846F9F701FC616800291CBFA068A5
:10FC700088470AB0BDE8F0815C23001000640040B2
:10FC8000006800402DE9F04786B04FF000080500FD
:10FC90002E48CDF8008000EB8500CDF80480CDF82B
:10FCA0000880CDF80C80CDF8108044686F460DF1C7
:10FCB0000A06D4F824A00CBF13203F20FAF7C0FA9C
:10FCC00084F82F805046F9F7FAFB00281CBFDFF8B4
:10FCD0008080DFF8809024D05046F9F728FA018818
:10FCE000002DC1F30A013960817931708168CDF846
:10FCF0000B10C068CDF80F000CBF4046484669465F
:10FD0000F2F7B0F804280CD05046F9F776FB2169D9
:10FD100000291CBF606988475046F9F7D0FB0028CE
:10FD2000DAD15046F9F7CBFB002804BF06B0BDE896
:10FD3000F087002D0CBF13203F20FAF78EFA012028
:10FD400084F82F0006B0BDE8F08700005C230010A7
:10FD50000064004000680040F0B506461E4883B0CD
:10FD60000127406800252C4690F800C0FF208DF840
:10FD700008001A48BE21D0E90823062060F3174284
:10FD800002A8CDE900076046F9F738FE9DF80800A3
:10FD900010F0400F08BF012510F0100F08BF01241C
:10FDA00055EA040002BF377003B0F0BD65B1002D05
:10FDB00004BF03B0F0BD002C08BF032009D01CBF56
:10FDC0000420307003B0F0BD002C12BF022003B03D
:10FDD000F0BD307003B0F0BDAC040010A0220608E6
:10FDE0002DE9F04302462C482C4985B04068D1E902
:10FDF000046807780020052A0BD2DFE802F0030A26
:10FE0000050709009F2004E0402002E0202000E0D8
:10FE1000602001248DF8080064F307061C2003AD60
:10FE200060F31746CDE9005443463246BE213846BA
:10FE3000F9F7E4FD0DF10809CDE900944346324697
:10FE4000BE213846F9F7F6FECDE900544346324666
:10FE5000BE213846F9F7D2FD64F307062C2060F383
:10FE60001746CDE9005443463246BE213846F9F7DD
:10FE7000C5FDCDE9009443463246BE213846F9F728
:10FE8000D9FECDE9005443463246BE213846F9F743
:10FE9000B5FD05B0BDE8F083AC040010A022060853
:10FEA000F0B5174985B00678D1E90E270124002066
:10FEB0008DF8080003A8CDE9000464F317428DF81B
:10FEC0000C4015463B46BE213046F9F7B3FE02A86A
:10FED000CDE900042A4664F317423B46BE21304672
:10FEE000F9F78CFD9DF8080010F0010F1CBF05B05C
:10FEF000F0BD04A1E520FAF709FA05B0F0BD000055
:10FF0000A0220608735F686C5F636869705F6D6943
:10FF10006372656C5F6B73383839335F7374617209
:10FF20007428293A20535749544348206E6F74204F
:10FF3000636F6E6669677572656400002DE9F04154
:10FF4000344986B049680F783349D1E90668002101
:10FF50008DF808108DF80C10002804BF06B0BDE81D
:10FF6000F0810421012808BF8DF808104FD0062227
:10FF7000022808BF8DF8082049D0032807BF8DF854
:10FF800008108DF80C2006B0BDE8F081012464F360
:10FF900007061D2004AD60F31746CDE90054434623
:10FFA0003246BE213846F9F729FD02A8CDE9000402
:10FFB00043463246BE213846F9F73CFECDE90054AF
:10FFC00043463246BE213846F9F718FD64F307066A
:10FFD0002D2060F31746CDE9005443463246BE213A
:10FFE0003846F9F70BFD03A8CDE900044346324635
:10FFF000BE213846F9F71EFECDE90054434632468D
:020000040806EC
:10000000BE213846F9F7FAFC06B0BDE8F0818DF85C
:100010000C10BBE7AC040010A022060810B5134872
:1000200090B044684FF4967000902178607AF9F7A8
:10003000CFFB002817D00098411E00910DD20CA3D1
:1000400017A240216846C1F7B9FB6946E520FAF7D7
:100050005DF910B04FF0FF3010BD2178607AF9F7EC
:10006000B7FB0028E7D110B0002010BDCC04001071
:10007000735F686C5F636869705F78785F656570EF
:10008000726F6D5F77616974656570726F6D73749F
:10009000616E6462797374617465282900000000E0
:1000A000656570726F6D2074696D656F7574206918
:1000B0006E2066756E6374696F6E20257300000094
:1000C00030B51446DFF82CC0022565F3070261F352
:1000D0001F4283B0DCF804C02188CDE900019CF800
:1000E00000109CF80900F9F7A5FD0021218003B05C
:1000F00030BD0000CC040010084470470844D15CB7
:100100000170704700EB4100704700EB410032F88E
:1001100013100180704700EB8100704700EB8100F5
:1001200052F823100160704700EBC100704700EBEC
:10013000C10002EBC301D1E90021C0E900217047F1
:1001400000EB0110704700EB011002EB0311D1E945
:100150000023C0E90023D1E90221C0E90221704750
:100160002DE9F04182B007460020884601901546EF
:1001700001213846F2F7FAF91A4E4FF4803431462D
:1001800038460094F2F7D9F948B9009B581E009000
:1001900019D331463846F2F7D0F90028F5D02A466F
:1001A00041463846F2F772FA0094002D0CBF0E4813
:1001B0000E48014601903846F2F7BFF970B9009930
:1001C000481E009004D202B04FF0FF30BDE8F0812D
:1001D00038460199F2F7B1F90028F0D002B00020BA
:1001E000BDE8F08101000300820007000200030067
:1001F00038B500250446012904BF002038BD01217F
:10020000F2F7BDF94FF480300090208810F4007FA1
:100210000AD00099481E009002D24FF0FF3503E04B
:10022000208810F4007FF4D12046F2F7C6F9009040
:10023000284638BD2DE9FF4F83B00020109E0546AB
:10024000804601900090C8B21F46012802D00228C3
:1002500005D00BE00125080C8DF8000006E0022512
:10026000080C010A8DF800108DF80100002F08BF5E
:10027000002670190404240CE9461CBF4FF4803B8F
:10028000DFF864A02CD03DB1681EC5B2C846601E20
:1002900009F1010984B206E02EB1B846701E7F1C38
:1002A00086B2601E84B298F800100398F2F7F6F94F
:1002B0005146CDF804B00398F2F73FF970B90198B0
:1002C000411E019104D207B04FF0FF30BDE8F08F1E
:1002D00051460398F2F731F90028F0D0002CD2D122
:1002E00007B00020BDE8F08F840007002DE9F04141
:1002F000154901EB80056C682179D9B91349264667
:1003000051F820104F6891F902803846F2F726FD27
:1003100000213846F2F70EFD7079FF2807D0002241
:1003200001213846F2F7A2FE4046F9F789FF6968D5
:1003300003200875A168002908BFBDE8F081E068C6
:10034000BDE8F041084700006823001018040010C1
:10035000104E0D460446B1780020022902D0032930
:1003600005D008E00020FBF7E5FD0320B070FBF7A7
:10037000ABFEFBF74BFE084B214625B1DB6A2A4654
:100380003BB19847FEE7DB6A04A20BB19847FEE752
:10039000FEE7FEE7280200106C020010756E737015
:1003A00065636966696564206D657373616765007F
:1003B000FBF78AFE0449C96908600448006B08B16C
:1003C0008047FEE7FEE70000280200106C020010E4
:1003D0002DE9F05F5FEA00080E4692461BD0D6E991
:1003E0000045DFF824910027E04370EA05000ED0B5
:1003F000B268A118D9F8002045EB0700D9F80430FD
:10040000511A73EB000009D3F06838B903E0D6E95C
:100410000201C84202D1FF20BDE8F09FE14371EA2A
:1004200005004AD0B068002808BFF0682418D9F841
:1004300000007D41D9F80410001B71EB050017D3B3
:10044000D6F80CB0D9F80000D9F80410001B61EB05
:1004500005013C465A460023C1F722F9D9F80000AD
:10046000D9F804101BEB00006141841A61EB03050D
:10047000D9F80000D9F80410B4EB000965EB010BC2
:1004800098F80200012804BF404600F041F801201E
:1004900088F80200F068C8E90304C8E90554C8F800
:1004A0001C50DAF80000C8F82000DAF80400C8F898
:1004B000240016483A4681680CE0D6F80890B9F155
:1004C000000F08BFD6F80C90BB46D9E718469B68CA
:1004D00059185741B1EB090377EB0B0302D243687C
:1004E000002BF3D14268B1EB0901C8E90121C0F842
:1004F00004808168D8F80820A1EB020181604FF0E8
:100500000000BDE8F09F00001802001090220010CB
:100510008178002904BF0020704710494A68824250
:1005200004D0110018D04A688242FAD142684A6069
:100530008A6883681A448A606521017000214170CD
:100540008170416081604161C0E903118161C0E94E
:100550000711416208467047FF2070479022001043
:10056000002070470846F7F725BC0846F7F74EBC51
:100570000846D1B21A46F7F757BC08461146F7F7B6
:100580000BBD10B50C4600210220F4F7C9FF204630
:10059000BDE81040F7F796BB0846F7F707BE002105
:1005A0000A464318491C9B7804291A44F9DB02F0D7
:1005B0003F01322900D33239491C4170704710B5D0
:1005C0000446FDF7D9FA2046FDF7DAF8FDF7D5FA2B
:1005D000002010BD10B5FDF7CFFAFDF703F9044672
:1005E000FDF7CBFA204610BD70B514460D46064601
:1005F000FDF7C2FA224629463046FDF71BF90446AC
:10060000FDF7BBFAE0B270BD10B50446FDF7B4FAD1
:100610002046FDF711F90446FDF7AFFAE0B210BD30
:1006200010B50446FDF7A8FA2046FAF7D1F9FDF710
:10063000A4FA002010BD10B5FDF79EFAFAF7CCF928
:100640000446FDF79AFA204610BD70B50C460546E3
:10065000FDF792FA21462846FAF7C4F9FDF78DFA1C
:10066000002070BD70B514460D460646FDF784FAAD
:10067000012C0CBF0122002229463046FAF7DCF992
:100680000446FDF77AFAE0B270BD10B50446FDF7F6
:1006900073FA2046FAF7F2F9FDF76FFA002010BD61
:1006A00010B5FDF769FAFAF7F7F9FDF766FA0020D9
:1006B00010BD10B50446FDF75FFA2046FEF76CFA50
:1006C00084B2FDF75AFA204610BD70B50546FDF715
:1006D00053FA2846FDF74AFB04001CBF2946FAF7E7
:1006E000F1F9FDF74AFA204670BD70B514460D4683
:1006F0000646FDF741FA224629463046FAF742FA05
:100700000446FDF73AFAE0B270BD70B514460D46E6
:100710000646FDF731FA224629463046FAF7DEF959
:100720000446FDF72AFAE0B270BD10B50446FDF7A5
:1007300023FA2046FDF716FB84B2FDF71EFA204689
:1007400010BD10B5FAF74AFE002010BD10B50446E2
:10075000FDF712FA2046FDF771FB0446FDF70DFA8E
:10076000204610BD0121FAF737BEFAF739BE000066
:10077000F0B587B00E460746FDF7FEF90020CDE93B
:1007800002000546EFF3108000F0010072B6274C1E
:100790000490A069E169CDE902014FF0E020816990
:1007A0000091234909680191C1F3806159B18069C1
:1007B00000990190884206D2DDE90210491C40F1FF
:1007C0000000CDE90210049800B962B60020CDE91E
:1007D0000400CDE9040060690099401AD4E90812C8
:1007E000A0FB013C05FB01C100FB0210CDE9043078
:1007F000DDE904010F4A0023C0F752FFCDE90401EF
:100800006068DDE902324068A0FB031C05FB03C3FE
:1008100000FB0233DDE904208A1843413A6033606B
:10082000FDF7ABF907B00020F0BD0000000200109A
:1008300004ED00E040420F0010B5FDF79DF9FDF713
:10084000BDFA040018BFFEF779FAFDF796F92046C5
:1008500010BD70B50546FDF78FF92846FEF712FA70
:1008600004462846FDF75AFBFDF787F9E0B270BD54
:1008700010B50446FDF780F92046FEF767FA0446F6
:10088000FDF77BF9E0B210BD70B50C460546FDF7EB
:1008900073F921462846FAF7D9F90446FDF76DF9B0
:1008A000E0B270BD2DE9F04186B00E460746FDF777
:1008B00063F90020CDE902000546EFF3108000F057
:1008C000010072B6294C0490A069E169CDE90201EA
:1008D0004FF0E02081690091254909680191C1F339
:1008E000806159B1806900990190884206D2DDE9A2
:1008F0000210491C40F10000CDE90210049800B933
:1009000062B60020CDE90400CDE9040060690099D9
:10091000D4E90823411AA1FB020C05FB02C201FB2A
:1009200003214FF47A720023C0F7BAFE6268DDE952
:10093000024C5268A2FB043805FB048402FB0C4500
:100940004FF47A74A3FB042805FB04844FF0000CD9
:1009500003FB0C43121843EB01003A603060FDF7D3
:100960000CF906B00020BDE8F08100000002001084
:1009700004ED00E070B50D460646FDF7FDF8FDF705
:100980003DFA040003D02A463146FAF795F9FDF7FF
:10099000F4F8204670BD10B50446FDF7EDF820468A
:1009A000FAF794F90446FDF7E8F8E0B210BD70B527
:1009B0000C460546FDF7E0F821462846FDF702FD06
:1009C0000446FDF7DAF8E0B270BD70B50C46054696
:1009D000FDF7D2F821462846FAF792F90446FDF7CA
:1009E000CCF8E0B270BD70B50C460546FDF7C4F812
:1009F00021462846FDF7F4FCFDF7BFF8606870BD9E
:100A000010B50446FDF7B8F80120FDF741FE002CB3
:100A100018BF2060FDF7B1F8002010BD70B50C467E
:100A20000546FDF7A9F821462846FDF713FEFDF718
:100A3000A4F8002070BD2DE9F0411C4615460E4675
:100A40000746FDF799F823462A4631463846FDF712
:100A500063FE0446FDF791F82046BDE8F08110B52D
:100A60000446FDF789F82046FDF7AAFE0446FDF787
:100A700084F8E0B210BD10B50446FDF77DF8646B54
:100A8000FDF77BF8204610BDFDF796BF10B5FDF7CA
:100A900073F8FEF761FBFDF770F8002010BD10B58C
:100AA000FDF76AF8FDF7D6FF0446FDF766F8204625
:100AB00010BD70B50C460546FDF75EF82146284688
:100AC000FDF796FF0446FDF758F8E0B270BD000050
:100AD00001490120887070472603001018B10849A9
:100AE0000978884201D900207047064900EB400090
:100AF00001EB8000012100F80C1C08467047000043
:100B000064260010DC56001010B52A30F2F7A0FE63
:100B10002A2141802E3010BD70B51AB101240E4B30
:100B20000E4D05E0002070BD1E7846B10C33641CEC
:100B30002E78B442F8DD0320C0F72CFCF2E7012543
:100B40001D705D7001F0030159711871002058800B
:100B5000E0B29A6070BD0000DC5600106426001000
:100B6000F0B518B11A4A1378984201D90020F0BDA7
:100B7000184B00EB400003EB80040C3C19BB1648FB
:100B800000254FF4806C4FF47C4E0188491C89B2DB
:100B90000180614501D2A0F800C000210D4B0688FC
:100BA00007E05F88B74202D11F78012F04D80C33C9
:100BB000491C1778B942F4DB1378994202D06D1CB6
:100BC0007545E2DBB1B26180022020700120F0BDEA
:100BD00064260010DC5600102403001010B518B174
:100BE00008490978884201D9002010BD064900EB68
:100BF000400001EB80000C380C220021FAF7FAFAD1
:100C0000012010BD64260010DC5600102DE9F843C9
:100C1000A3F12E0405466088089F894690462A283D
:100C200002D00020BDE8F883002D52D0384800786B
:100C300085424ED8042200214846FAF7E3FAF0BB79
:100C4000B8F1000F45D04FF4B860874200D907468D
:100C5000304905EB450001EB800616F80C0D022823
:100C600037D1708858B304F12605F1F737FF288093
:100C70004046F1F733FF688007F108081FFA88F053
:100C80000746F1F72BFFA8800020E8807079C007A5
:100C900028D04846FAF736F900220421F1F760F926
:100CA000024604214846F1F75BF901461120F1F7AD
:100CB0006BF901463846F1F767F9024600E008E0B3
:100CC00041462846F1F74CF9C0430004000C04D01B
:100CD00005E02046F3F70CF9A3E74FF6FF70F1F7B4
:100CE000FDFEE880278099F8000080230E21B1EBFB
:100CF000101F00D1737800933379112249462046A2
:100D0000FAF74CF905462046F3F7F2F8284689E74A
:100D100064260010DC56001010B500290AD00878AF
:100D2000002807D005487844C1F716FA002801D0FA
:100D3000002010BD0248784410BD00003AB8000001
:100D400032B8000010B500290AD00878002807D072
:100D500005487844C1F700FA002801D0002010BDF2
:100D60000248784410BD00002AB8000022B80000F4
:100D700021F0004201F00043A2F16052B2F5801F61
:100D800028BFD2F17F6C0BD95FEA001C43EAC20294
:100D900042EB507018BF704728BF20F00100704729
:100DA000B2F5801FBCBF184670474FEA410C1CF5D6
:100DB000001F02D2084600F05FBE70B500F000FCD4
:100DC00000000089FFF7F6BF4FF00040A0F580005B
:100DD0007047000010B591EA030F48BF83F000434D
:100DE00000F18C84841A71EB030C05D2121943EBC9
:100DF0000C03001B61EB0C014FEA1154A4EB135CD4
:100E0000DFF81CE11EEA430F18BF9EEA445F00F0C2
:100E1000748021EA045123EA0E0343F48013DCF1C9
:100E2000200E32D322FA0CFE10EB0E0023FA0CFE39
:100E300041EB0E01CCF1200E03FA0EFE10EB0E007A
:100E4000CCF1200E51F10001B1F5801F32D201EB3F
:100E5000045112FA0EF2BDE8104058BF7047401C12
:100E600038BF5FEA420218BF7047002814BF20F065
:100E7000010041F100014FEA410313F5001F38BFA3
:100E80007047A1F1C04100F0E9BB012A43EB030226
:100E9000ACF1200CDCF11F0E32BF4FF0000E23FA34
:100EA0000CF310EB030041EB0451B4EB115FD0D015
:100EB000A1EB045101F58011490801EB04515FEAEF
:100EC00030000ED350F1000038BF12FA0EFE08D1E8
:100ED000BDE81040C9E7401C38BF5FEA4202CAD1F2
:100EE000C3E7BDE810404FEA410313F5001F38BFC8
:100EF0007047A1F1C04100F0B1BB9EEA445F08D049
:100F000011EA5E0FBDE8104004BF01F0004100206F
:100F10007047BDE8104070B500F052FB64FBBE3E68
:100F20000000E0FF491058BFC1F140415B1058BFBD
:100F3000C3F140438B42EFF3008070472DE9C0417D
:100F400030B4DFF8A8C23CEA111418BF3CEA13140D
:100F500000F0F0801CEA111481EA030544EAD5741C
:100F600018BF1CEA131500F0CB80A4EB050404F1B4
:100F70007F7404F500344FF0004545EAC12145EA8D
:100F8000C32341EA505143EA52534FEAC0204FEA8B
:100F9000C222994208BF904200F0A0804FEA136538
:100FA0000FF24816765D4FEA134506FB05F7C7F1C9
:100FB000807706FB07F74FEAD737A7FB036876422F
:100FC000A7FB06CEC8F5803838BFA8F1010807FB9B
:100FD00008E6A6FB028C4FF0000EE6FB03CED8F12C
:100FE00000086FEA0C0C5CF1000C6FEA0E0E4EF17B
:100FF000004EA6FB0C584FF00007E6FB0E87A1FB46
:1010000008C6A0FB07CE16EB0E064FF0000545F113
:101010000005E1FB076515F1E04E7EBFA4F58034C5
:101020005FEA46066D4116F1800745F100054FEA7B
:10103000172747EA05674FEA15254FEA0666A6F126
:10104000DE46B6F1805F20D9384605EBC47124F046
:10105000010C01EB0C11BCF1FE6F02D8F0BCBDE835
:10106000008124425CBF01F5801E9EEAC47F02D449
:10107000F0BCBDE80081244200F13980A1F1C041FB
:10108000F0BCBDE8004100F0E9BA4FEAD02040EAE8
:1010900041504FEAD1214FEAD22242EA43524FEA6D
:1010A000D323A7FB028607FB036605FB02661EEA45
:1010B0000E0F58BFA6EB0056B6EB00564FEA520E85
:1010C0004EEAC37E18EB0E0E56EB530EBCD518EB52
:1010D00002085E417F1C55F10005B5E74FF480150D
:1010E0004FF000074FF000064FF00008ACE701F1A9
:1010F000C04101F000414FF00000F0BCBDE80081AC
:101100000CEA131511EA0C1F00D00CE013EA0C1FB7
:1011100000F025804FF0000081EA030101F000415A
:10112000F0BCBDE80081F0BCBDE8004181EA0301EC
:1011300000F094BAF0BCBDE8004170B500F040FA90
:10114000097EFC3E00F007B84FF0000081EA030181
:1011500001F00041704781EA030100F07FBAF0BC62
:10116000BDE8004122494FF000007047FFFDFBF948
:10117000F7F5F4F2F0EEEDEBE9E8E6E4E3E1E0DECA
:10118000DDDBDAD8D7D5D4D3D1D0CFCDCCCBCAC83C
:10119000C7C6C5C4C2C1C0BFBEBDBCBBBAB9B8B763
:1011A000B6B5B4B3B2B1B0AFAEADACABAAA9A8A856
:1011B000A7A6A5A4A3A3A2A1A09F9F9E9D9C9C9B24
:1011C0009A999998979796959594939392919190CF
:1011D0008F8F8E8E8D8C8C8B8B8A89898888878760
:1011E0008685858484838382828181800000FF07D5
:1011F0000000F87F51EA030C17D41CF5801F58BF7C
:10120000BCF5801F00F10680994218BF704708BFE7
:101210009042704707D711F5801F58BF13F5801F04
:1012200019D499427047894270471CF5801F08D530
:10123000BCF5801FF7D58B4218BF704708BF8242AC
:1012400070474FF4001C1CEB410F38BF1CEB430FE1
:1012500001D28B42704770B500F0B2F99224490078
:101260004FF000514FF08053FFF75CBE4FEA41034F
:101270004FEA5353A3F58063D3F11E03C8BFD3F1E4
:10128000210C0CDD4FF0004242EAC12242EA5052EA
:1012900032FA03FC8CEAE17CACEBE1707047102B76
:1012A000C4BF0020704703F5787CBCF1FF3F04D039
:1012B0006FF0004282EA2100704770B500F080F9BB
:1012C0004992248000207047F2E700004FEA115352
:1012D000A3F58063D3F11E03A8BFD3F1200C08DB74
:1012E0004FF0004242EAC12252EA505232FA03F071
:1012F000704709420BD4102BC4BF0020704703F580
:10130000787CBCF1FF3F05D04FF0FF3070474FF0C5
:101310000000704770B500F053F900BF4992248077
:1013200000207047F0E710F0004248BF4042B0FA9A
:1013300080F310FA03F10AD0C3F11D0303F58063B3
:1013400002EB03524FEA415002EBD12170474FF0BC
:1013500000007047B0FA80F310FA03F10AD0C3F12D
:101360001D0303F580634FEA03524FEA415002EB3D
:10137000D12170474FF000007047000051EA030C84
:1013800017D41CF5801F58BFBCF5801F00F10680E4
:10139000994218BF704708BF9042704707D711F5B0
:1013A000801F58BF13F5801F19D499427047894296
:1013B00070471CF5801F08D5BCF5801FF7D58B4200
:1013C00018BF704708BF824270474FF4001C1CEBE7
:1013D000410F38BF1CEB430F01D28B42704770B5F1
:1013E00000F0EEF8922449004FF080514FF0005386
:1013F000FFF798BD51EA030C17D41CF5801F58BFA6
:10140000BCF5801F00F10680994218BF704708BFE5
:101410009042704707D711F5801F58BF13F5801F02
:1014200019D499427047894270471CF5801F08D52E
:10143000BCF5801FF7D58B4218BF704708BF8242AA
:1014400070474FF4001C1CEB410F38BF1CEB430FDF
:1014500001D28B42704770B500F0B2F89224490077
:101460004FF000514FF08053FFF75CBD70B5DFF8CF
:1014700048C11CEA111E1EBF1CEA13159EEA0C0F80
:1014800095EA0C0F00F06F8081EA03044EEAD47EE7
:10149000AE4421EA4C1123EA4C1341F4801143F489
:1014A0008013AEF17F7EA1FB024CA0FB03653619D1
:1014B00055EB0C05A1FB034C4CF10003A0FB021CF7
:1014C00016EB0C06654153F10003094218BF46F0C4
:1014D000010613F4007F0BD14FEA03314FEA0530C8
:1014E00041EA155140EA165034036FF003020AE056
:1014F0004FEAC3214FEAC52041EA555140EA565010
:10150000F4026FF0020202EB2E4201EB025585EA73
:10151000CE710AD05FEA440C18BF24F0004450F1A9
:10152000000041F1000120EAD47040F2FE7C6245E7
:1015300000D270BDA84214BF4FF080444FF0404429
:10154000002E08BF0024BEF1806FA8BFA1F1C041EA
:10155000BDE8704080F2828001F1C04101F000419D
:101560004FF0000070470CEA13159EEA0C0F18BFED
:1015700095EA0C0F06D081EA030E4FF000000EF042
:10158000004170BD00F01CF88900013E00F007B872
:1015900000F009B84FEA430C5FEA5C5C08D081EACE
:1015A000030100F05BB84FEA410C5FEA5C5CF6D1E6
:1015B00002494FF0000070470000FF070000F87F6D
:1015C0000EF1020E2EF0030E5EF8046B364205D4C7
:1015D000012A43EB030515F5001F12D8012841EB42
:1015E000010C1CF5001F0CD80ED14FEAD17C0CEB7E
:1015F0004C0C0CF1020C15F5001F08BF4CEBD37C12
:1016000004E04FF0080C01E04FEAD37C0CEB4C05F2
:1016100026FA05F606F00706B6F1040C06D20EEB24
:10162000860CBDE870404CF0010C6047DFE80CF020
:10163000090B02024FF00041A1F500214FF000001C
:1016400070BD19461046012851EB010418BFD4F5AE
:10165000001484BF002001F0004170BD0808A0F50F
:1016600000114FEA3101704753EA010C17D41CF501
:10167000801F58BFBCF5801F00F106808B4218BF49
:10168000704708BF8242704707D713F5801F58BFC5
:1016900011F5801F19D48B4270479B4270471CF58F
:1016A000801F08D5BCF5801FF7D5994218BF704739
:1016B00008BF904270474FF4001C1CEB430F38BF2B
:1016C0001CEB410F01D2994270470FB40CBC03BC14
:1016D000FFF7C1BE10B591EA030F81F000413FF55D
:1016E00081AB83F0004300F009B8000010B591EA27
:1016F000030F48BF83F000433FF574AB841A71EBCE
:10170000030C07D28CF0004C121943EB0C03001BA6
:1017100061EB0C014FEA1154A4EB135CDFF8A4E178
:101720001EEA430F18BF9EEA445F00F0B48021EA2E
:10173000045123EA6E035242C3EB6E0338BF5B1EB3
:10174000DCF1200E25D322FA0CFE10EB0E0043FA3A
:101750000CFE41EB0E01CCF1200E03FA0EFE10EB55
:101760000E00CCF1200E51F1000129D401EB0451FF
:1017700012FA0EF2BDE8104058BF7047401C1CBF63
:10178000B2F1004F704700280CBF491C20F0010047
:10179000704712EB020E43EB030218BF4FF0010E2D
:1017A0004EEA4202ACF1200CDCF11E0E56D943FA8F
:1017B0000CFE10EB0E00CCF11E0E51F1FF31D5D511
:1017C0000EF1010E12FA0EFE404141EB010101EB58
:1017D000445C5FEA5C5C10D901EB045110EBDE70F5
:1017E00038BFBEF1004FBDE8104018BF7047002859
:1017F0000CBF491C20F00100704734D24FEAD42CB2
:1018000024F4006411F500111BD0B1FA81F20B3AF7
:10181000A41AA41ED2F12003914030FA03F3194315
:10182000904001EBCC7101EB0451002CBDE810405D
:10183000A8BF704701F1C04101F000414FF0000026
:101840007047B0FA80F310FA03F102D1BDE81040FE
:101850007047E41A173C4805C90AE2E701EB045156
:10186000BDE81040704749104FEA300001EB0451C9
:10187000BDE8104002E04FF0000170474A0008BF89
:101880000042F8D0B2F5001F28BF704701F00041B8
:101890004FF0000070479EEA445F07D011EA5E0FE8
:1018A000BDE8104004BF002100207047BDE8104093
:1018B00070B5FFF785FE00BF40DFF63E104683F0AF
:1018C000004170470000E0FF43004FEAD30C4FEAAD
:1018D0003C0C43401FBF40070CF1605113F0FE4F1A
:1018E00070471CF0006F03D10CF0004100207047DE
:1018F0000CF0004343EA507040EACC0010B500F011
:1019000068F800BF000000924FEA0001FFF7A6BE92
:101910004FF00041A1F500214FF00000704710B5D5
:10192000FFF768FC0CBF0120002010BD10B5FFF7C9
:1019300061FC14BF0120002010BD10B5FFF71EFD93
:101940008CBF0120002010BD10B5FFF717FD2CBF84
:101950000120002010BD10B5FFF74CFD94BF012001
:10196000002010BD10B5FFF745FD34BF0120002059
:1019700010BD4FF07E5209E011F0004204D5404204
:10198000C1F1000138BF491E42F07E5202F170627F
:101990000B0012BF20235FEA00017047B1FA81FCFF
:1019A00001FA0CF1A3EB0C0320FA03FC41EA0C0151
:1019B00002EBC352C3F1200310FA03FC5CEA416C52
:1019C00042EB112018BF5FF0806C28BF20F00100AF
:1019D00070470EF1020E2EF0030E5EF8044B244207
:1019E00004D44FEA4102B2F17F4F11D84FEA4003CD
:1019F000B3F17F4F0CD80ED14FEAD07C0CEB4C0CDE
:101A00000CF1020CB2F17F4F08BF4CEBD17C04E02B
:101A10004FF0080C01E04FEAD17C0CEB4C0324FAA8
:101A200003F404F00704B4F1040C06D20EEB840CAA
:101A3000BDE810404CF0010C6047DFE80CF00708EF
:101A400002024FF00040A0F5800010BD08464200A1
:101A500018BFD2F1807288BF00F0004010BDF1EED7
:101A6000100A4FF6FF71C0F2C03120EA010040F0C9
:101A70004070E1EE100A7047FF2141EAD050C005E6
:101A800070470000C2154FEA002318BF43F000431F
:101A900000F11080D2F1BE0240F2288023FA02F158
:101AA000B2F1200C2EBF23FA0CF0C2F1200C03FA85
:101AB0000CF07047B0F15F4F00F2188012F0FF0297
:101AC00008BF23F00043C2F1BE0223FA02F1B2F1D3
:101AD000200C2EBF23FA0CF0C2F1200C03FA0CF0FC
:101AE0004042C1F1000138BF491E704710B5FFF7F1
:101AF00070FF00BF922449804FF000010020704722
:101B00006FEAE07080F000417047C0F70CBEC1F78B
:101B100099BC000000000000FFFFFFFF0000000074
:101B2000000000000102030406070809000000008D
:101B3000000000000000F500000000AD0000A6005D
:101B400000000000000000000F0000000000000086
:101B500000000000FF0000000002010040420F00F2
:101B60000003000100000000000000000000000071
:101B700000000000010000000097B92EE5725CCB68
:101B80005DCAE473B82F0196BA2D03945FC8E6715D
:101B9000E7705EC90295BB2CE3745ACD0691BF284D
:101BA000BE2907905BCCE27559CEE077BC2B05923D
:101BB0000493BD2AE17658CF51C6E87FB4230D9A2D
:101BC0000C9BB522E97E50C7EB7C52C50E99B7201D
:101BD000B6210F9853C4EA7DB2250B9C57C0EE790D
:101BE000EF7856C10A9DB324089FB126ED7A54C3FD
:101BF00055C2EC7BB027099EA2351B8C47D0FE69ED
:101C0000FF6846D11A8DA334188FA136FD6A44D3DC
:101C100045D2FC6BA037198E41D6F86FA4331D8ACC
:101C20001C8BA532F96E40D7FB6C42D51E89A730BC
:101C3000A6311F8843D4FA6DF3644ADD1681AF38AC
:101C4000AE3917804BDCF26549DEF067AC3B15829C
:101C50001483AD3AF16648DF1087A93EF5624CDB8C
:101C60004DDAF463A83F1186AA3D13844FD8F6617C
:101C7000F7604ED91285AB3C00020100FF00000066
:101C8000FF000000A402001000030100FF0000009C
:101C9000FF000000AC02001000000000FF00000088
:101CA000FF000000FF000000010100000000000034
:101CB000000100000100060604040000000000000E
:101CC0000000000000000000000000000000000014
:101CD00000000000FF000000FF0000000000010203
:101CE00003000000010100000000000000000000EF
:101CF000010000000000000003000000FF000000E1
:101D00000000000002030000FF00000000000000CF
:101D100002030000FF0000000000000002030000BA
:101D2000FF0000000000000002030000E0000001CE
:101D30000200010004000000610506080003000025
:101D40000200000001010200007A030A007A030A7F
:101D500000BD010580DE80020100000004000200D9
:101D6000FFFFFFFF01010000000000000000000075
:101D70004C2001404C2101404C2201400000000059
:101D8000030000000300010009000000030002003E
:101D900009000000010020000900000001004000CF
:101DA0000900000001040200000000000000020021
:101DB0000B000000010000080B00000001000010F3
:101DC0000B000000010000200B000000000080005C
:101DD0000B000000020010000B00000002002000B9
:101DE0000B000000020002000B00000000000400D5
:101DF0000B000000FFFFFFFFFFFFFFFFFFFFFFFFE4
:101E0000FFFFFFFFFFFF00000000000005000000D3
:101E100001000001040000000100000204000000B5
:101E2000FF000000FFFFFFFFFF000000FFFFFFFFBC
:101E30000000000104000000020000020400000095
:101E400006000000FF000000FFFFFFFFFF00000092
:101E5000FFFFFFFFFF000000FFFFFFFF0100000486
:101E60000500000002000400050000000200080058
:101E70000500000002000004060000000200000847
:101E8000060000000200001006000000603F000095
:101E900001000000010004000700020001000040F2
:101EA000FFFFFFFF01000080FFFFFFFF01010000B7
:101EB000000000000101000000000000030000001D
:101EC000000000003DF5050825F505080DF505089D
:101ED000000000003DF5050825F505080DF505088D
:101EE00003000001030000040200000000000008DD
:101EF00000000000000000000000000000000000E2
:101F000000000000000000000000000000200000B1
:101F100000000000E01E0608B1F40508B7F405084B
:101F2000CBF40508000000000000000000000000E5
:101F300000000000000000000000000000000000A1
:101F40003F00000040420F000101000101010101BA
:101F50000202020002020102020206030300000064
:101F60000101010001020001020000000100000067
:101F700002000000301D06088305060899050608C2
:101F80006B050608650506087B0506087105060849
:101F900001000000401D0608E5F40508DFF405080F
:101FA000EBF40508F7F405083F000000000100000D
:101FB00004000001FFFFFFFF04000004FFFFFFFF1C
:101FC00004000010FFFFFFFF04000080FFFFFFFF81
:101FD00003000008FFFFFFFF01008000FFFFFFFF7D
:101FE000FF000000FFFFFFFFFF000000FFFFFFFFFB
:101FF0000000000006000000FF000000FFFFFFFFE0
:10200000FF000000FFFFFFFFFF000000FFFFFFFFDA
:1020100003000400FFFFFFFF03000800FFFFFFFFB6
:1020200003001000FFFFFFFF03002000FFFFFFFF82
:1020300003004000FFFFFFFF03008000FFFFFFFFE2
:10204000FF000000FFFFFFFFFF000000FFFFFFFF9A
:10205000FF000000FFFFFFFF000000000000000085
:102060000000010000000100010400000000000069
:10207000000400000006000000000000000201064D
:10208000000000000004000100000000000000004B
:1020900000000000000000000100000000300140CE
:1020A00000380040003C0040000004010000020035
:1020B00000000002280000000700000004020203E4
:1020C0000202030102000000000000000000000006
:1020D000040000020402000000000001FF000000F4
:1020E0000000000002020001FF00000000000000EC
:1020F00002020001000000000000000000000000DB
:1021000000000000000002400004024000080240FD
:10211000000C02400010024000140240001802406F
:10212000001C0240002002400000000000000000EF
:102130000000000001000000020000000400000098
:102140000800000010000000200000004000000017
:1021500080000000000100000000000000000000FE
:1021600000000000FF00000000000000010200016C
:10217000010136000010004010000000010137008E
:10218000001400402000000000021900004401403B
:102190000000020000021A00004801400000040094
:1021A00001012C00001C00408000000001012D00F6
:1021B00000200040000100000000040100080000B1
:1021C000010000022800000007000000FF000000DE
:1021D0000000000001020000FF00000000000000FD
:1021E00000020000FFFFFFFFFFFFFFFFFFFF0000F7
:1021F000E02E0000400D030000000400000000007D
:10220000801A06000000FFBF00000004004000002C
:102210000054004000580040005C004000002000D6
:102220000000400000008000FF00000000000000EF
:10223000020201000008000000000000000004018C
:10224000000000000000000228000000070000005D
:102250000030014000380040003C00400000000019
:10226000080010001800200028003000380000008E
:10227000FF0000000000000002020001FF0000005B
:102280000000000002020002FF0000000000000049
:1022900002020000FF000000000000000202000235
:1022A000010000000000000001000000000000002C
:1022B000010000000000000001000000000000001C
:1022C000010000000000000001000000000000000C
:1022D00001000000000000000100000000000000FC
:1022E00000000000010000000000000001000000EC
:1022F0000000000001000000000000000003FF00DB
:1023000000003031323334353637383941424344B6
:10231000454640305800303132333435363738395D
:102320006162636465664030780004000008000064
:10233000000000000002000100001000000000008A
:10234000000000000000E03F000000000000E0BFCF
:102350000000E0FE422EE63F0000E0FE422EE6BF17
:10236000763C7935EF39EA3D763C7935EF39EABD8F
:102370003E5555555555C53F93BDBE166CC166BFFC
:102380002CDE25AF6A56113FF16BD2C541BDBBBEF5
:10239000D0A4BE726937663E000000000000000055
:1023A00002400000000000A0000000000540000006
:1023B000000000C8000000000C4000000000409C2D
:1023C00000000000194000000020BCBE000000001A
:1023D00034400000BFC91B8E00000004B54000005F
:1023E000504BCFD06607E2CF010000006C410000E7
:1023F0003E8251AADFEEA73401000000D94200005E
:10240000DCB5A0E23A301F97FFFFFFFFB4450000A4
:10241000FD25A0C8E9A3C14FFFFFFFFFFF3F00005C
:102420000000008000000000FF3F0000000000806E
:10243000000000003A7474003A7474003A74740036
:10244000303132333435363738396162636465662A
:1024500078700030313233343536373839414243C1
:1024600044454658500000006F73616C3A20766115
:102470006C7565206F66206D6178746F6B656E7327
:10248000206F7220746F6B656E73206172652069B6
:102490006E636F727265637420696E206F73616C16
:1024A0005F73656D6170686F72655F6E657728290F
:1024B0000000000068616C5F636F72655F696E6940
:1024C000742829206E6F742063616C6C65642079B8
:1024D0006574206F722068616C5F636F72655F73F3
:1024E00074617274282920616C726561647920635B
:1024F000616C6C6564000000686C5F6574685F699E
:102500006E697428292063616C6C656420686C5F57
:102510006574687472616E735F636F6E6669672855
:102520002920776869636820646F6573206E6F7413
:1025300020737570706F7274206120706879206DDF
:102540006F64650000010002000400006852001082
:10255000785200107C5200108052001088520010F7
:10256000A8520010E8520010454F4D746865454D63
:102570005372756E6E657200454F7468655365726F
:10258000766963657300454F7468654D6F74696F54
:102590006E436F6E74726F6C6C657200454F746839
:1025A00065456E636F6465725265616465720000B3
:1025B000000000000000000000000000000000001B
:1025C000000000000000000000000000000000000B
:1025D00000000000000000000000000000000000FB
:1025E00000000000000000000000000000000000EB
:1025F00000000000000000000000000000000000DB
:1026000000000000000000000000000000000000CA
:1026100000000000000000000000000000000000BA
:1026200000000000000000000000000000000000AA
:10263000000000000000000000000000000000009A
:10264000000000000000000000000000000000008A
:10265000000000000000000000000000000000007A
:10266000000000000000000000000000000000006A
:10267000000000000000000000000000000000005A
:10268000000000000000000000000000000000004A
:10269000000000000000000000000000000000003A
:1026A000000000000000000000000000000000002A
:1026B000000000000000000000000000000000001A
:1026C000000000000000000000000000000000000A
:1026D00000000000000000000000000000000000FA
:1026E00000000000000000000000000000000000EA
:1026F00000000000000000000000000000000000DA
:1027000000000000000000000000000000000000C9
:1027100000000000000000000000000000000000B9
:1027200000000000000000000000000000000000A9
:102730000000000000000000000000000000000099
:102740000000000000000000000000000000000089
:102750000000000000000000000000000000000079
:102760000000000000000000000000000000000069
:102770000000000000000000000000000000000059
:102780000000000000000000000000000000000049
:102790000000000000000000000000000000000039
:1027A0000000000000000000000000000000000029
:1027B0000000000000000000000000000000000019
:1027C0000000000000000000000000000000000009
:1027D00000000000000000000000000000000000F9
:1027E00000000000000000000000000000000000E9
:1027F0000300030009000000843B060800000000FD
:102800000000000000000000D606000000000000EC
:10281000FA00000000000000454F4D746865454D0A
:1028200053646961676E6F73746963000000000030
:10283000000000000000000000000000000055F54E
:102840000000000000000000000000000000000088
:102850000000000000000000010001000100010074
:102860000100010001000000746865465473657240
:10287000766963650000000000000000A08601008A
:1028800003000000809698006828060808000000F1
:10289000746865424154736572766963650000002F
:1028A0000000000040420F000300000080969800E6
:1028B0009028060809000000000000000000000049
:1028C000000000000000000000000000FF00000009
:1028D00000000000000000000000000000000000F8
:1028E00000000000000000000000000000000000E8
:1028F00000000000000000000000000000000000D8
:1029000000000000000000000000000000000000C7
:1029100000000000000000000000000000000000B7
:1029200000000000000000000000000000000000A7
:102930000000000000000000000000000000000097
:102940000000000000000000000000000000000087
:102950000000000000000000000000000000000077
:102960000000000000000000000000000000000067
:102970000000000000000000000000000000000057
:102980000000000000000000000000000000000047
:102990000000000000000000000000000000000037
:1029A0000000000000000000000000000000000027
:1029B0000000000000000000000000000000000017
:1029C0000000000000000000000000000000000007
:1029D00000000000000000000000000000000000F7
:1029E00000000000000000000000000000000000E7
:1029F00000000000000000000000000000000000D7
:102A000000000000000000000000000000000000C6
:102A100000000000000000000000000000000000B6
:102A200000000000000000000000000000000000A6
:102A30000000000000000000FF0000000000000097
:102A40000000000000000000000000000000000086
:102A50000000000000000000000000000000000076
:102A60000000000000000000000000000000000066
:102A70000000000000000000000000000000000056
:102A80000000000000000000000000000000000046
:102A90000000000000000000000000000000000036
:102AA0000000000000000000000000000000000026
:102AB0000000000000000000000000000000000016
:102AC0000000000000000000000000000000000006
:102AD00000000000000000000000000000000000F6
:102AE00000000000000000000000000000000000E6
:102AF00000000000000000000000000000000000D6
:102B000000000000000000000000000000000000C5
:102B100000000000000000000000000000000000B5
:102B200000000000000000000000000000000000A5
:102B30000000000000000000000000000000000095
:102B40000000000000000000000000000000000085
:102B50000000000000000000000000000000000075
:102B60000000000000000000000000000000000065
:102B70000000000000000000000000000000000055
:102B80000000000000000000000000000000000045
:102B9000000000000A00000064000000E8030000DC
:102BA00010270000A086010040420F008096980088
:102BB00000E1F50500CA9A3B303030313032303315
:102BC00030343035303630373038303931303131DB
:102BD00031323133313431353136313731383139C1
:102BE00032303231323232333234323532363237B9
:102BF000323832393330333133323333333433359F
:102C00003336333733383339343034313432343384
:102C1000343434353436343734383439353035316A
:102C20003532353335343535353635373538353950
:102C30003630363136323633363436353636363748
:102C4000363836393730373137323733373437352E
:102C50003736373737383739383038313832383314
:102C600038343835383638373838383939303931FA
:102C700039323933393439353936393739383939E0
:102C800000000000000000002B280308652803084E
:102C9000FD2603080F27030891270308B52703081B
:102CA000EF270308A3270308512803080D2803086A
:102CB000AD2803087D280308112803088D27030881
:102CC000FCFFFFFF000000003548030831480308FF
:102CD000554803084F4803080000000000000000AA
:102CE000672E0308752E0308E32E0308BD2E030884
:102CF0000F000000000000000000000000000000C5
:102D0000FE000000000000000000000000000000C5
:102D100000000000000000000000000000000000B3
:102D200000000000000000000000000000000000A3
:102D30000000000000000000010000000000000092
:102D40000000000000000000000000000000000083
:102D50000000000000000000010000000000000072
:102D60000F0F0F0F0F0F0F0F00010F0F0F0F0F0F90
:102D700002030405060708090A0F0F0F0F0F0F0FB4
:102D80000004080C00020103000010000000000015
:102D9000DFC20408DDC204080000000000000000DB
:102DA0000000000000000000000000000000000023
:102DB0000000000000000000000000000000000013
:102DC00000000000A0860100C0C62D000000000029
:102DD00000000000B0520608804F060808500608A0
:102DE000004E060800500608004F0608804E0608F0
:102DF00001000000C0CF6A004040404000000000D9
:102E000000000000000000000000000000000000C2
:102E100009000000000000000000000000000000A9
:102E2000080000000000000000000000000000009A
:102E30000A00000000000000000000000000000088
:102E4000060000000000000000000000000000007C
:102E5000070000000000000000000000000000006B
:102E60000A000004A086010000A3E1110800000090
:102E70000000000001000000F5CA040801CB0408AE
:102E8000FBCA040807CB04080B000004000008007C
:102E9000102700000000000000000000000180007A
:102EA00080000000000000000000000000000000A2
:102EB000FFFFFFFFFFFFFFFF00000000000000001A
:102EC0000002800000018000800010007F000001EF
:102ED00011270000000000000000000000000000BA
:102EE00000000000000000000000000000000000E2
:102EF0000002800000010001000110007F000001BD
:102F00001127000000000000000000000C0C01016F
:102F100001010101040102656F6572726F725F4900
:102F20004E5445524E414C4552524F525F5F636F73
:102F30006465756E7265636F676E6973656400655D
:102F40006F6572726F725F494E5445524E414C45E7
:102F500052524F525F5F737472696E676174777219
:102F60006F6E67706C61636500656F6572726F721A
:102F70005F494E5445524E414C4552524F525F5F4D
:102F800076616C75656973656D7074790000000019
:102F9000FFFFFFFFFC36060834350608B835060883
:102FA000C036060868340608D02F0608EC34060838
:102FB000A0350608B82F060800000000FEB9060874
:102FC0001D9C060801000000B3AA06085D62060801
:102FD00000000000F9A9060896A4060801000000F8
:102FE000F0BE0608097B060802000000E369060837
:102FF0005C7A060803000000036A06085CA606085F
:103000000400000036A0060848B9060805000000C4
:10301000E99E060841B6060806000000129E060852
:10302000606E060807000000A0AC06084E9806086F
:1030300008000000BC9E0608C098060809000000B1
:1030400066AC0608C09806080A000000149F06082F
:1030500006B606080B000000D8AC060806B606083F
:103060000C000000158206085D6206080D000000D5
:103070000FBC06085D6206080E00000060B406087A
:103080005D6206080F000000F6B106085D620608E2
:103090001000000052BB06085D6206081100000027
:1030A000E1B306085D6206081200000084B006085D
:1030B0005D62060813000000F1BD06085D620608A7
:1030C0001400000010B006085D620608150000003C
:1030D000699F06086897060816000000B1AB06084D
:1030E0006997060817000000248506085D62060837
:1030F000180000002BBD06085D62060819000000DC
:103100008DAE06085D6206081A000000F5B00608DC
:103110005D6206081B000000A97406085D620608CF
:103120001C000000499506085D6206081D000000AD
:10313000F09306085D6206081E00000078940608F9
:103140005D6206081F000000359406085D620608EF
:1031500020000000659306085D620608210000005B
:10316000FD9406085D620608220000005A8E0608DB
:103170005D62060823000000F58C06085D62060803
:1031800024000000A98D06085D62060825000000E5
:103190003E8C06085D62060826000000508D060879
:1031A0005D6206082700000051A006080F86060889
:1031B0002800000099A506086D6F06082900000088
:1031C000629E06085D6206082A000000E99D060866
:1031D000606E06082B000000F2AB06086798060830
:1031E0002C00000022AA060819A206082D000000E3
:1031F000989506085D6206082E0000009D9F06084F
:103200005D6206082F000000369E0608606E060804
:103210003000000047AD060867980608310000003E
:103220005AAA060819A206083200000026A60608B7
:103230006D6F060833000000BF8E06085D62060849
:1032400034000000929E0608CBB506083500000049
:103250002FAC0608CBB5060836000000BA81060878
:103260005D62060837000000AE9306085D6206083E
:10327000380000009D8C06085D62060839000000D9
:10328000CCA506086D6F06083A000000C9BC060808
:103290005D6206083B0000000AAE06085D62060893
:1032A0003C00000090AF06085D6206083D0000008B
:1032B0000A7506085D6206083E0000009D77060854
:1032C0005D6206083F0000004D7606085D62060854
:1032D00040000000AD7506085D6206084100000070
:1032E000FE7506085D620608420000005F7506086C
:1032F0005D62060843000000427706085D6206082A
:1033000044000000EA7606085D62060845000000F9
:103310003F9F060806B606084600000010AD0608E6
:10332000CBB5060847000000718206085D620608FA
:1033300048000000BB9406085D62060849000000D2
:10334000028E06085D6206084A000000F9A506081C
:103350006D6F06084B0000009C7606085D6206084B
:103360004C0000008EBD06085D6206084D0000009E
:103370006BB206085D6206084E00000076B10608D2
:103380005D6206084F000000ADBB06085D620608DE
:103390005000000087AD06085D620608510000007D
:1033A00011AF06085D62060852000000909A0608F8
:1033B0005D62060853000000C9BE06085D6206088B
:1033C0005400000022B906085D620608550000009E
:1033D00045A806085D62060856000000BEA0060863
:1033E0005D62060857000000D9AA06085D6206085B
:1033F00058000000779A06085D6206085900000030
:10340000A1BE06085D6206085A000000FBB8060867
:103410005D6206085B0000001AA806085D620608E7
:103420005C0000009AA006085D6206085D000000CE
:103430006BBC06085D6206085E0000005FB306080C
:103440005D6206085F000000F6B106085D620608CE
:1034500060000000EFB206085D620608610000002F
:10346000C86906083484060800000000279806088A
:103470005D62060801000000349806085D620608D7
:1034800002000000419806085D6206080300000083
:103490002D9906085D620608040000003A990608A6
:1034A0005D62060805000000829906085D62060854
:1034B000060000008F9906085D62060807000000FC
:1034C0006A9A06085D62060808000000869C0608E5
:1034D0005D62060809000000E19C06085D620608BE
:1034E0000A0000003C9D06085D620608000000001E
:1034F000448506082F7C060801000000296B060899
:10350000F07C060802000000466B060805A70608C6
:103510000300000045A30608E09906080400000027
:10352000D17306085D6206080500000036B706087C
:103530005D620608000000002BBB06085D620608FD
:103540000100000003BB06085D62060802000000DF
:10355000CC820608A3B60608030000000CA10608EA
:103560005D62060804000000208F06085D62060800
:103570000500000039A106085D620608060000008B
:103580001AA0060800000000070000005D7F060882
:10359000516C060808000000C17F0608226A060870
:1035A0000000000052BA06081D9C06080100000039
:1035B000C6AA06085D62060800000000EB72060855
:1035C0005D62060801000000159106084D9306088B
:1035D00002000000879106084D93060803000000D2
:1035E000348B06084D930608040000008E79060807
:1035F0004D930608050000000D7406084D9306085B
:1036000006000000C48A06084D9306080700000063
:103610001C8A06084D9306080800000099890608D0
:10362000A26F060809000000056F0608A26F0608D1
:103630000A0000002B920608A26F06080B0000008B
:10364000F4710608089306080C0000000E880608AE
:10365000089306080D0000008287060808930608F4
:103660000E0000001A870608DFA906080F000000F8
:103670007B700608A3920608100000003387060836
:103680004D93060811000000D59006085D620608FB
:1036900012000000AF7D0608057F06081300000039
:1036A000128006080F920608140000005E960608B5
:1036B0003796060815000000AB8B0608EA8206085C
:1036C000000000006C7806085D620608010000003A
:1036D000ACBA06081D9C060802000000BD9D060845
:1036E000B66B0608030000002FAB0608EE6B060859
:1036F00004000000807106085D62060800000000FA
:103700008FA806085D6206080100000078A9060877
:103710005D6206080200000001AB06085D62060853
:1037200003000000D09F06085D6206080400000048
:1037300002BF06085D6206080500000079BE0608A3
:103740005D62060806000000B9A906085D62060869
:103750000700000050BE06085D6206080800000071
:1037600095AA06085D62060809000000F79606089B
:10377000D87B06080A0000001DA906085D6206083D
:103780000B0000004F730608B59B06080C000000F4
:103790000E7306084E9B06080D0000009073060885
:1037A000C89A06080E000000E1A006085D6206083F
:1037B0000F00000049700608CAB706081000000094
:1037C000B586060867A2060811000000F8860608FC
:1037D000B8A2060812000000D68606088FA20608C6
:1037E00013000000F1790608A0B5060814000000D7
:1037F000086E06085D62060815000000B66D060832
:103800005D620608160000005D9006085D6206080D
:10381000170000008B830608F477060818000000E4
:10382000BE830608E5700608190000002890060807
:103830002F7806081A000000A39006084F710608AA
:103840001B000000827806081C9C06081C00000073
:10385000F9830608E57006081D0000008286060848
:103860004CA206081E000000ABA30608ECA7060841
:103870001F00000086A30608ECA706082000000031
:10388000979D0608ECA706082100000054A406082E
:10389000ECA706082200000033A40608ECA70608DF
:1038A0002300000075A40608ECA706082400000009
:1038B000F1A30608ECA7060825000000D0A306081F
:1038C000ECA706082600000012A40608ECA70608CC
:1038D00027000000E39506085D6206082800000046
:1038E0000C9606086A6B0608290000001A9706085D
:1038F000000000002A000000A26906080000000085
:103900002B0000000C9606087E9606082C0000008E
:1039100091720608A89A06082D000000EC730608AC
:10392000E1A206082E000000C97E0608E1A20608F2
:103930002F0000006C740608E1A2060830000000A9
:10394000CC8506085AB7060831000000268606080E
:1039500034890608320000007D8F0608B388060807
:1039600033000000D48F0608F588060834000000F4
:10397000DB6F0608A585060835000000EAA10608E9
:103980001E8106083600000092800608C7800608DF
:10399000370000005579060878A5060838000000B1
:1039A0004D8306080000000039000000B7780608C3
:1039B000BB6C06083A00000005790608336C06085F
:1039C0003B0000006FA80608000000003C0000005B
:1039D0005F850608346D06083D0000006E8106080C
:1039E0003BB806083E0000007C7E0608DFB40608EF
:1039F0003F000000347E060811B8060840000000B1
:103A0000A8A10608229A0608410000005FA1060846
:103A10004799060842000000FFA806089C9906087E
:103A2000FFFFFFFFFFFFFFFF7F000001A0860100F7
:103A300010270000E803000040420F00FFFFFFFFD7
:103A4000000000000000000000000000FFFFFFFF7A
:103A50000000000000000000000000000000000066
:103A6000FFFFFFFFFFFFFFFFCA0000021000000082
:103A7000000000000A0001C8012A00020200020042
:103A8000400040005C115C117F000001010000005B
:103A9000050D400000003200000400002900000273
:103AA0000200010040004000050D050D7F000001EF
:103AB000010000007F000001050D40000000000033
:103AC0000000000028000002FAFBFC0000080004CF
:103AD0000008010203040506E803000000000000DE
:103AE0002C01000090010000FA000000BC02000060
:103AF000FA000000030001000101000003000200C1
:103B00000003000439300100000000000A0001C871
:103B10003930000400010003800080002000000014
:103B20000100080010270000000000000000000055
:103B3000DC000004204E000001DB800002080000D1
:103B40000000000000000000000000000000000075
:103B50000000000000000000000000000000000065
:103B6000000000000000000031C6050835C6050849
:103B700079C50508F000000208000000630000009D
:103B8000805A0608010C0C0100000000000201012F
:103B90000101010104010302000000000000000017
:103BA0000000000000000000000000000000000015
:103BB0000000000000000000000000000000000005
:103BC000000000000000000001000300A43B060804
:103BD00015880408D18B040804000300A03B0608E4
:103BE00017880408E58B040820000100A83B06089C
:103BF00023880408F98B040820000100A83B06086C
:103C000031880408FB8B0408010003007C3E060891
:103C100033880408FD8B040804000300783E06087E
:103C200035880408118C040838000100803E06081D
:103C300047880408258C04080C000100A83E0608EB
:103C400087880408278C040828000100803E0608A5
:103C500089880408298C040801000300043F060831
:103C60008B8804082B8C040808000300B83E060863
:103C70008D880408518C040844000100C03E0608E9
:103C80009D880408638C040850000100B83E0608B3
:103C9000B7880408658C040804000300083F060880
:103CA000B9880408678C040801000300093F06086E
:103CB000CB880408798C040801000300083F06083B
:103CC000CD8804088B8C0408010003000A3F060815
:103CD000CF8804089D8C040828000100103F0608C6
:103CE000D1880408AF8C040828000100103F0608A2
:103CF000EB880408B18C040830000100083F060876
:103D0000ED880408B38C0408010003005C3F06083A
:103D1000EF880408B58C040804000300383F060847
:103D2000F1880408DB8C0408200001003C3F0608F1
:103D3000FD880408ED8C040828000100383F0608BF
:103D400017890408EF8C040801000300743F06087B
:103D500019890408F18C040804000300603F060878
:103D60001B890408178D040810000100643F060831
:103D700027890408298D040818000100603F0608FF
:103D8000418904082B8D040804000300783F0608CD
:103D9000438904082D8D040830000100803F060887
:103DA000558904083F8D040810000100903F060863
:103DB00095890408418D040810000100803F060821
:103DC00097890408438D040810000100A03F0608ED
:103DD00099890408458D040838000100783F0608D9
:103DE0009B890408478D040801000300D03F0608A2
:103DF0009D890408498D040804000300B83F0608A3
:103E00009F8904086F8D040814000100BC3F060858
:103E1000AB890408818D04081C000100B83F060826
:103E2000C5890408838D0408005B0608C45A060887
:103E3000185B0608B45A0608F05A0608E05A060845
:103E4000A05A0608905A0608783F0608083F060858
:103E5000B83F0608B83E0608603F0608383F060827
:103E6000783E0608A03B0608380030001C005000D1
:103E7000180028004000280000000000000000009A
:103E80000000000000000000000000000000000032
:103E90000000000000000000000000000000000022
:103EA0000000000000000000000000000000000012
:103EB0000000000000000000000000000000000002
:103EC00000000000000000000000000000000000F2
:103ED00000000000000000000000000000000000E2
:103EE00000000000000000000000000000000000D2
:103EF00000000000000000000000000000000000C2
:103F000000000000000000000000000000000000B1
:103F100000000000000000000000000000000000A1
:103F20000000000000000000000000000000000091
:103F30000000000000000000000000000000000081
:103F40000000000000000000000000000000000071
:103F50000000000000000000000000000000000061
:103F60000000000000000000000000000000000051
:103F70000000000000000000000000000000000041
:103F80000000000000000000000000000000000031
:103F90000000000000000000000000000000000021
:103FA0000000000000000000000000000000000011
:103FB00006070404040405040000000000000000DB
:103FC00000000000000000000000000000000000F1
:103FD00000000000010B00003849060807450608EC
:103FE000D43F0608AF4A060830470608A442060830
:103FF000283E06088C49060840470608B0420608D5
:10400000483E060890490608040308015047060880
:10401000BC420608683E060894490608344906086A
:1040200004450608B03F0608AE4A06080000000036
:104030000000000000000000000000000000000080
:1040400000000000080003002C400608C78904088F
:10405000858D04081000010034400608D589040845
:10406000998D0408180001002C400608D78904081F
:104070009B8D04081C00030020440608D98904080D
:104080009D8D04080100030049440608DB890408EB
:1040900061900408010003004A440608DD89040811
:1040A000E59004080C0003003C440608DF8904087E
:1040B000459104080100030048440608E18904080A
:1040C0003B930408F8000300C4420608E38904088F
:1040D000899304080C0003004C430608F189040886
:1040E000459504082000030060430608F38904088E
:1040F0005996040828000300C4420608F5890408FC
:104100008F9604082800030014430608F789040862
:10411000D596040828000300EC420608F989040833
:104120001B970408010003008A430608FB89040862
:104130002F970408080003003C430608FD89040883
:1041400031970408040003001C440608FF89040892
:104150003F980408040003001C440608018A040870
:104160004198040860000100BC430608038A040863
:10417000C39804080C00010000440608258A0408BE
:10418000C598040828000100BC430608278A0408D3
:10419000C798040801000100E0430608298A0408C2
:1041A000C998040801000100E14306082B8A0408AD
:1041B000CB98040801000100E24306082D8A040898
:1041C000CD980408100001000C4406082F8A04084A
:1041D0004B9904081C000100E4430608318A0408D6
:1041E0004D99040888010100C4420608338A040876
:1041F0004F990408A00003004C440608358A0408BF
:104200005199040806000300A8440608438A0408DC
:10421000219A0408040003009C440608458A040807
:10422000919A0408280003004C440608478A0408B1
:10423000CB9A04082800030074440608498A04083D
:10424000259B040802000300BC4406084B8A0408AE
:10425000499B040804000300A04406084D8A040892
:10426000099C040802000300BE4406084F8A0408A3
:10427000419C040818000100EC440608518A040817
:10428000699C040814000100EC4406087F8A0408B5
:104290006B9C0408B80001004C440608818A04089D
:1042A0006D9C0408345B0608945B0608285B0608CE
:1042B000C44206084C4406082C4006088801B80091
:1042C00018000000000000000000000000000000D6
:1042D00000000000000000000000000000000000DE
:1042E00000000000000000000000000000000000CE
:1042F00000000000000000000000000000000000BE
:1043000000000000000000000000000000000000AD
:10431000000000000000000000000000000000009D
:10432000000000000000000000000000000000008D
:10433000000000000000000000000000000000007D
:10434000000000000000000000000000000000006D
:10435000000000000000000000000000000000005D
:10436000000000000000000000000000000000004D
:10437000000000000000000000000000000000003D
:10438000000000000000000000000000000000002D
:10439000000000000000000000000000000000001D
:1043A000000000000000000000000000000000000D
:1043B00000000000000000000000000000000000FD
:1043C00000000000000000000000000000000000ED
:1043D00000000000000000000000000000000000DD
:1043E00000000000000000000000000000000000CD
:1043F00000000000000000000000000000000000BD
:1044000000000000000000000000000000000000AC
:10441000000000000000000000000000000000009C
:10442000000000000000000000000000000000008C
:10443000000000000000000000000000000000007C
:10444000000000000000000000000000000000006C
:10445000000000000000000000000000000000005C
:10446000000000000000000000000000000000004C
:10447000000000000000000000000000000000003C
:10448000000000000000000000000000000000002C
:10449000000000000000000000000000000000001C
:1044A000000000000000000000000000000000000C
:1044B00000000000000000000000000000000000FC
:1044C00000000000000000000000000000000000EC
:1044D00000000000000000000000000000000000DC
:1044E00000000000000000000000000000000000CC
:1044F00000000000000000000000000000000000BC
:1045000000000000180B03011B0001010101000065
:10451000000000000000000000000000000000009B
:10452000000000000000000000000000000000008B
:10453000000000000000000000000000000000007B
:10454000000000000000000000000000000000006B
:10455000000000000000000000000000000000005B
:10456000000000000000000000000000000000004B
:10457000000000000000000000000000000000003B
:10458000000000000000000000000000000000002B
:10459000000000000000000000000000000000001B
:1045A000000000000000000000000000000000000B
:1045B00000000000000000000000000000000000FB
:1045C00000000000000000000000000000000000EB
:1045D0000100030048450608838A0408719C04080A
:1045E0000800030050450608858A0408D19C040889
:1045F0001000030018450608878A0408A19E0408D5
:104600000100030022450608C38A04086F9F0408BE
:104610002000010028450608C58A04089F9F040859
:104620004000010018450608298B0408A19F0408D2
:104630004C000300804506082B8B0408A59F040846
:1046400004000300804506082D8B04082DA20408F1
:1046500004000300804506082F8B04085FA40408AB
:104660004800030080450608318B040827A504088C
:104670000400030080450608338B040829A50408BC
:104680002000010060450608358B04082BA50408AE
:1046900002000100604506087D8B04082DA5040872
:1046A00078000100584506087F8B04082FA50408F0
:1046B0000800030058470608818B040831A5040848
:1046C0000100030058470608838B040833A504083B
:1046D0004800010060470608858B040835A50408DA
:1046E0001800010060470608878B040837A50408F6
:1046F0005000010058470608898B040839A50408B2
:104700005C010300D84706088B8B04083BA504080E
:1047100020000100B84706088D8B04084DA5040849
:104720008C010100A84706088F8B04084FA50408D8
:10473000D85B0608C05B0608F85B06080C5C060838
:10474000584506081845060858470608A8470608A9
:104750007800400050008C010000000000000000C4
:104760000000000000000000000000000000000049
:104770000000000000000000000000000000000039
:104780000000000000000000000000000000000029
:104790000000000000000000000000000000000019
:1047A0000000000000000000000000000000000009
:1047B00000000000000000000000000000000000F9
:1047C00000000000000000000000000000000000E9
:1047D00000000000000000000000000000000000D9
:1047E00000000000000000000000000000000000C9
:1047F00000000000000000000000000000000000B9
:1048000000000000000000000000000000000000A8
:104810000000000000000000000000000000000098
:104820000000000000000000000000000000000088
:104830000000000000000000000000000000000078
:104840000000000000000000000000000000000068
:104850000000000000000000000000000000000058
:104860000000000000000000000000000000000048
:104870000000000000000000000000000000000038
:104880000000000000000000000000000000000028
:104890000000000000000000000000000000000018
:1048A0000000000000000000000000000000000008
:1048B00000000000000000000000000000000000F8
:1048C00000000000000000000000000000000000E8
:1048D00000000000000000000000000000000000D8
:1048E00000000000000000000000000000000000C8
:1048F00000000000000000000000000000000000B8
:1049000000000000000000000000000000000000A7
:104910000000000000000000000000000000000097
:104920000000000000000000000000000000000087
:10493000000000000806050302190000080003003B
:10494000964A0608A38B040851A50408100003002A
:104950009E4A0608A58B04086DA504080100030003
:1049600096490608A78B040889A50408F4000100ED
:104970009E490608B38B0408A5A504081801010088
:1049800096490608CF8B0408A7A50408185C0608FA
:104990009649060818010000000000000000000011
:1049A0000000000000000000000000000000000007
:1049B00000000000000000000000000000000000F7
:1049C00000000000000000000000000000000000E7
:1049D00000000000000000000000000000000000D7
:1049E00000000000000000000000000000000000C7
:1049F00000000000000000000000000000000000B7
:104A000000000000000000000000000000000000A6
:104A10000000000000000000000000000000000096
:104A20000000000000000000000000000000000086
:104A30000000000000000000000000000000000076
:104A40000000000000000000000000000000000066
:104A50000000000000000000000000000000000056
:104A60000000000000000000000000000000000046
:104A70000000000000000000000000000000000036
:104A80000000000000000000000000000000000026
:104A90000000000000000000000000000000000016
:104AA00000000000000000000000000000000502FF
:104AB00000000000000000001AC23F0010001200B9
:104AC00016C636000000000000000000FAFB7F6000
:104AD0003000032054CE766000000000000000008B
:104AE000FAFB7F603000036054CE76600000000067
:104AF000DFFD0408000000000000000023B50408EA
:104B00001FB50408000000000030000000FC010098
:104B1000FFFFFFFFFFFF000000000000000000009B
:104B200000000000400D030000180100000000001C
:104B30001E306CA2455300000AFF4813FFFFFF0020
:104B400020050000C0FD320F00000000010400013C
:104B50000500030580841E0000D2496B0004450057
:104B6000C0E1E400000015000161646D696E0000A1
:104B70000061646D696E0000000017000161646DE2
:104B8000696E00000061646D696E00000000000045
:104B900007FE040800000000000000000000000004
:104BA000000000000000000000000000D14D0508DA
:104BB000CD4D0508C94D0508614F050827B5040806
:104BC00000000000000000000000000000000000E5
:104BD00000000000000000000000000000000000D5
:104BE00000000000000000000000000000000000C5
:104BF00000000000000000000000000000000000B5
:104C000000000000000000000000000000000000A4
:104C10000000000000000000000000000000000094
:104C20000000803F000000000000000000000000C5
:104C30000000803F000000000000000000000000B5
:104C40000000803F000000000000803F00000000E6
:104C5000000000006F12833A0000803F0000000057
:104C6000BD3706356F12833A0000803F0000803F59
:104C700000000000000000000000803F0000000075
:104C800000000000000000000000803F0000000065
:104C900000000000000000000000803F585E060891
:104CA0006C5E06085C5E0608785E06087C5E060898
:104CB000885E0608705E0608685E0608645E060880
:104CC000745E0608805E0608845E0608605E06085C
:104CD000585E0608585E0608585E060801010F0176
:104CE000007A030AE8030000000800020000000048
:104CF0000A000000080000200808040880000000E6
:104D0000000000000000000065FF040891FF040897
:104D100000000200F04A0608DC4C06080000000013
:104D200000000000483B0608C95C0408F0000004CD
:104D30000C00CA0000080C00000202080A0001680A
:104D4000DC000004204E000001DB8000204B060840
:104D500000000000030800000101FF00290000041A
:104D60000200010010008000050D050D7F0000010C
:104D70000100000000000002000000000000000030
:104D80005C115C110A0001680100000003000200D0
:104D90000003C005393001007C3B06080A000168A9
:104DA0003930C0058001C0039C009C012000000038
:104DB0000100180040420F00000000000000000049
:104DC0002800000832000020F9F8F7000010001059
:104DD000001005060AFFFFFFE803000000000000C6
:104DE0002C01000090010000C8000000BC0200007F
:104DF000FA000000030001000001000028C50608B9
:104E000000000000FD3C040800000000073C04080E
:104E10000000000000000000000000000000000092
:104E20000000000000000000000000000000000082
:104E30000000000000000000000000000000000072
:104E400000000000993C040800000000CB3C04086E
:104E5000553B0408A53B04087D3B0408673C040857
:104E600000000000D73B040800000000EF3B0408EE
:104E700000000000293C04080000000000000000C1
:104E800000000000B940040800000000B54004081C
:104E900000000000B540040800000000B540040810
:104EA00000000000B540040800000000B540040800
:104EB00000000000B540040800000000B5400408F0
:104EC00000000000F940040800000000D940040878
:104ED00000000000000000000000000000000000D2
:104EE00000000000000000000000000000000000C2
:104EF00000000000000000000000000000000000B2
:104F000000000000314104080000000019410408BD
:104F100000000000000000000000000089410408BB
:104F20000000000049410408000000006941040835
:104F30000000000000000000000000000000000071
:104F40000000000000000000000000000000000061
:104F50000000000000000000000000000000000051
:104F60000000000000000000000000000000000041
:104F70000000000000000000000000000000000031
:104F8000000000001F420408000000001D45040846
:104F900000000000C144040800000000D9450408D6
:104FA000000000002543040800000000000000008D
:104FB000000000008945040800000000254704089F
:104FC000000000005544040800000000814304086C
:104FD00000000000F9430408000000000000000089
:104FE0000000000071420408000000000000000002
:104FF0000000000000000000F14104080000000073
:1050000000000000715304080000000000000000D0
:105010000000000000000000000000000000000090
:105020000000000000000000000000000000000080
:105030000000000000000000000000000000000070
:10504000EF3E040800000000933E0408000000004A
:105050000000000000000000000000000000000050
:105060000000000000000000000000000000000040
:105070000000000000000000000000000000000030
:105080000000000000000000B53E04080000000021
:105090000000000000000000000000000000000010
:1050A0000000000000000000000000000000000000
:1050B00000000000000000000000000000000000F0
:1050C0000000000000000000653D04087B4004086B
:1050D00000000000000000000000000000000000D0
:1050E00000000000000000003F3D040831400408BB
:1050F00000000000000000000000000000000000B0
:10510000000000000000000000000000000000009F
:10511000000000000000000000000000000000008F
:10512000000000000000000000000000000000007F
:10513000000000000000000000000000000000006F
:10514000000000000000000000000000000000005F
:10515000000000000000000000000000000000004F
:10516000000000000000000000000000000000003F
:10517000000000000000000000000000000000002F
:10518000000000000000000000000000000000001F
:10519000000000000000000000000000000000000F
:1051A000873D0408AD4004088B3D04080000000062
:1051B000C53D0408000000000000000000000000E1
:1051C00000000000000000000000000000000000DF
:1051D000113F040800000000333F040800000000F5
:1051E00000000000000000000000000000000000BF
:1051F00000000000000000000000000000000000AF
:10520000000000000000000000000000000000009E
:10521000000000000000000000000000000000008E
:10522000000000000000000000000000000000007E
:10523000000000000000000000000000000000006E
:10524000000000000000000000000000000000005E
:10525000000000000000000000000000000000004E
:105260000000000000000000DB3F04080000000018
:105270007B3F040800000000074004080000000015
:10528000553F040800000000A53F0408000000008E
:10529000E73D0408B1400408EB3D040800000000AD
:1052A000713E040800000000000000000000000043
:1052B0000000000000000000034E04080000000091
:1052C00000000000000000000000000000000000DE
:1052D000AD470408000000000000000000000000CE
:1052E000000000000000000001480408DF5004082E
:1052F000614A040889520408194B040800000000A0
:10530000000000000000000000000000000000009D
:10531000000000000000000000000000000000008D
:105320002B4F040800000000E94C040800000000B6
:10533000734D0408000000000000000000000000A1
:10534000000000000000000000000000000000005D
:10535000000000000000000000000000000000004D
:10536000000000000000000000000000000000003D
:10537000000000000000000000000000000000002D
:105380000000000000000000894A0408000000003E
:10539000AB50040800000000000000000000000006
:1053A00000000000000000000000000000000000FD
:1053B00000000000000000000000000000000000ED
:1053C00000000000000000000000000000000000DD
:1053D00000000000000000000000000000000000CD
:1053E00000000000000000000000000000000000BD
:1053F00000000000000000000000000000000000AD
:10540000000000000000000000000000000000009C
:10541000EF4B0408000000002948040800000000C9
:105420008350040800000000FD4E04080000000046
:10543000C149040871510408000000000000000088
:10544000000000000000000000000000000000005C
:10545000000000000000000000000000000000004C
:10546000000000000000000000000000000000003C
:10547000000000000000000000000000000000002C
:10548000000000000000000000000000000000001C
:10549000000000000000000000000000000000000C
:1054A000EB4A0408000000000000000000000000BB
:1054B000A14D040800000000F94804084151040807
:1054C000174D040800000000D14804083B510408AF
:1054D000454D04080000000000000000000000002E
:1054E00000000000000000000000000000000000BC
:1054F000454B040800000000BD4A040800000000FD
:10550000255004080000000000000000000000001A
:10551000000000000000000000000000000000008B
:10552000914F040800000000E9490408775204087C
:105530009D4F040800000000114A04087D52040831
:105540009D4E040800000000494904085F5104080A
:10555000A94E0408000000007149040865510408C0
:105560005550040800000000894C040800000000A9
:10557000A9480408355104085B4C040800000000E9
:10558000814804082F51040851480408E5500408D4
:105590000000000000000000B54E040800000000FC
:1055A000994904086B510408A94F04080000000041
:1055B000394A04088352040800000000000000007B
:1055C00000000000000000000000000000000000DB
:1055D0000000000000000000794B040800000000FB
:1055E0000000000000000000AD4B040800000000B7
:1055F0000000000000000000F14F0408000000005F
:105600000000000000000000F14F0408000000004E
:105610000000000000000000B94B0408000000007A
:10562000000000000000000000000000000000007A
:10563000274C0408000000000000000000000000EB
:10564000394E0408000000002149040847510408AD
:10565000BD4C040800000000000000000000000035
:105660000000000000000000CF4D04080000000012
:105670000000000000000000634F0408000000006C
:10568000000000000000000000000000000000001A
:105690000000000000000000674E04080000000049
:1056A0000000000000000000085511004E00454FAA
:1056B000646571756500454F6669666F00454F6C9E
:1056C00069737400454F736D00454F7468654D658F
:1056D0006D6F7279506F6F6C00454F74696D6572B4
:1056E00000454F766563746F7200454F566D757453
:1056F000657800454F5674686543616C6C62616300
:105700006B4D616E6167657200454F5674686553F5
:10571000797374656D00454F5674686554696D659D
:10572000724D616E6167657200454F4D6D757465B0
:105730007800454F4D7461736B00454F4D7468653B
:1057400043616C6C6261636B4D616E616765720091
:10575000454F4D74686553797374656D00454F4DC1
:1057600074686554696D65724D616E61676572003C
:10577000454F4D74686549506E657400454F736FB1
:10578000636B6574446174616772616D00454F5667
:1057900074686549506E657400454F746865415280
:1057A0004D656E7669726F6E6D656E7400454F560D
:1057B000746865456E7669726F6E6D656E740045CE
:1057C0004F4D746865454D536261636B646F6F72D2
:1057D00000454F4D746865454D53636F6E6669674C
:1057E000757261746F7200454F4D746865454D5315
:1057F000646973636F766572796C697374656E65DD
:105800007200454F4D746865454D536572726F72F5
:1058100000454F4D746865454D53736F636B6574F8
:1058200000454F4D746865454D536170706C00457F
:105830004F7468654D41495300454F746865535432
:105840005241494E00454F746865534B494E0045DF
:105850004F74686543414E646973636F766572790E
:105860003200454F7468654554486D6F6E69746FBA
:105870007200454F43757272656E7473576174633D
:1058800068646F6700454F7468654D454D5300452A
:105890004F746865496E65727469616C7333004555
:1058A0004F74686554656D70657261747572657367
:1058B00000454F74686550534300454F7468655008
:1058C0004F5300454F746865466174616C45727250
:1058D0006F7200454F6167656E7400454F726F705F
:1058E0006672616D6500454F746865424F41524470
:1058F0007472616E7363656976657200454F747288
:10590000616E736D697474657200454F74686549A2
:105910006E666F446973706174636865720000013C
:105920000102010202030102020302030304010255
:105930000203020303040203030403040405010237
:105940000203020303040203030403040405020325
:105950000304030404050304040504050506010209
:105960000203020303040203030403040405020305
:1059700003040304040503040405040505060203E7
:1059800003040304040503040405040505060304D5
:1059900004050405050604050506050606070102BB
:1059A00002030203030402030304030404050203C5
:1059B00003040304040503040405040505060203A7
:1059C0000304030404050304040504050506030495
:1059D0000405040505060405050605060607020379
:1059E0000304030404050304040504050506030475
:1059F0000405040505060405050605060607030457
:105A00000405040505060405050605060607040544
:105A1000050605060607050606070607070800002F
:105A2000430000000900000016000000050000000F
:105A30000B000000620000000600000007000000EC
:105A4000080000000000000009CD0508817105086C
:105A500000000000000000000080000001000000C5
:105A6000004000000200000000C0FFFF0300000033
:105A7000FFFFFFFF0E000000FEFFFFFF0F00000012
:105A800001000100090000000945060800000000AF
:105A9000D83B0608C83B0608E83B0608F83B060862
:105AA000183C0608083C0608283C0608483C06083E
:105AB000383C0608883C0608683C0608783C06081E
:105AC000583C0608F83C0608983C0608B83C06080E
:105AD000A83C0608C83C0608D83C0608E83C06086E
:105AE000383D0608183D0608283D0608083D06080A
:105AF000783D0608583D0608683D0608483D0608FA
:105B0000D83D0608883D0608983D0608B83D0608B9
:105B1000A83D0608C83D0608183E0608F83D0608D8
:105B2000083E0608E83D06086440060844400608AA
:105B300054400608E4410608C4400608F44006083C
:105B4000144106080441060834410608D4400608FA
:105B5000E44006082441060864410608844106081A
:105B6000D441060894410608A4410608B441060839
:105B700074410608C4410608444106085441060819
:105B800074400608A4400608B4400608844006088D
:105B90009440060894420608F441060804420608A8
:105BA00014420608544206084442060864420608A5
:105BB0002442060834420608744206088442060855
:105BC00020460608F0450608004606081046060866
:105BD000D0450608E0450608A046060880460608A7
:105BE00090460608504606084046060870460608D5
:105BF0006046060830460608F0460608B046060825
:105C0000C0460608D0460608E046060820470608B3
:105C100010470608004706087C4906085C49060844
:105C20006C4906083C4906084C4906088E6506087A
:105C3000CA650608326506083B650608366506082B
:105C40002B65060820660608816506083B6606087F
:105C50002D660608BE650608476606085B650608E9
:105C6000A1650608EC650608DE650608D26506082B
:105C7000936506088E650608786506082E65060891
:105C800023660608846506083E6606083066060830
:105C90007865060878650608786506087865060858
:105CA000B76506087865060878650608546506082D
:105CB000AF6506085138050855D50508F1140208E6
:105CC00001110000D01701000000000800001000C2
:105CD000000000200000020003800000000000001F
:105CE0000064756D6D790000000000000000000088
:105CF00000000000000000000000000000000000A4
:105D000004300300DDB716020000000000000000B0
:105D10000000000000000000030C0000001C000058
:105D2000007368616C494E464F000000000000009F
:105D30000000000000000000000000000000000063
:105D400043010000001C000043040000501C000040
:105D500004200300DDB73602000000000000000050
:105D60000000000000000000031000000018000008
:105D7000007368616C504152540000000000000044
:105D80000000000000000000000000000000000013
:105D900004000300DDB71602000010080000000038
:105DA000C0FF012040000000032000000018000098
:105DB00000736861725345525600000000000000F5
:105DC00000000000000000000000000000000000D3
:105DD00003010000001F00007374434647000000E9
:105DE000FF6C03083D6E0308737452554E000000AB
:105DF000DB6D0308556E03087374455252000000B2
:105E00006D6D0308496E030800010000716E030800
:105E1000000201006F6E030801000200736E0308A8
:105E200001020100756E0308030403000400000072
:105E3000D85D0608085E0608FD6C0308776E030847
:105E400065FE040800000000656F6D5F7379735F85
:105E500053746172742829004552520046656200ED
:105E600044656300417567004A756C004A616E00C5
:105E70004A756E00536570004D617200417072008A
:105E80004F6374004E6F76004D617900656F5F6CF3
:105E90006973745F4E657728293A20656F5F766570
:105EA00063746F7263617061636974795F64796E42
:105EB000616D6963206F6E6C7920696620656F5F24
:105EC0006D656D706F6F6C5F616C6C6F635F647933
:105ED0006E616D696300656F765F7379735F686982
:105EE000645F496E697469616C69736528293A2039
:105EF0004E554C4C20676574637572727461736B98
:105F000000656F765F7379735F6869645F496E6976
:105F10007469616C69736528293A204E554C4C2090
:105F2000737461727400656F765F74696D65726D0C
:105F3000616E5F6869645F496E697469616C6973F9
:105F40006528293A204E554C4C206F6E64656C7460
:105F5000696D65725F666E00656F765F74696D6509
:105F6000726D616E5F6869645F496E697469616CC6
:105F700069736528293A204E554C4C206F6E6E652A
:105F80007774696D65725F666E00756E6E616D65C2
:105F90006400656F6D5F7461736B5F4E6577282970
:105FA0003A20756E737570706F72746564207479C1
:105FB000706500656F6D5F7461736B5F4E65772808
:105FC000293A206F73616C206769766573204E559E
:105FD0004C4C2063622D6D657373616765717565E7
:105FE000756500656F6D5F7461736B5F4E657728D3
:105FF000293A206F73616C206769766573204E556E
:106000004C4C206D2D6D6573736167657175657599
:106010006500656F6D5F7461736B5F4E65772829EE
:106020003A206F73616C206769766573204E554C1A
:106030004C2063622D617267756D656E7471756554
:10604000756500656F6D5F7461736B5F4E65772872
:10605000293A206F73616C206769766573204E550D
:106060004C4C206F73616C7461736B006970616C70
:106070005F7379735F73746172742829206A757312
:10608000742063616C6C656400656F6D5F69706E30
:1060900065745F496E697469616C69736528293A32
:1060A000206F73616C2063616E7420676976652070
:1060B000626C6F636B696E6773656D6170686F7238
:1060C0006500656F6D5F69706E65745F496E6974B8
:1060D00069616C69736528293A204E554C4C2069DA
:1060E0007063666700735F656F6D5F69706E65747E
:1060F0005F6174746163685F727173745F64746705
:10610000736F636B657428293A20626C6B676574E2
:1061100068616E646C65206973206E6F74206372B1
:106120006561746564206279206F73616C00656FCE
:106130006D5F69706E65745F496E697469616C69E1
:10614000736528293A206F73616C2063616E742037
:1061500067697665206D747863616C6C6572005F49
:10616000496E697469616C6973652829206A757361
:106170007420657865637574656420666F72204964
:10618000503A202573005F496E697469616C6973C8
:1061900065282920657865637574696E6720666F68
:1061A000722049503A20257300656F6D5F69706EEB
:1061B00065745F496E697469616C69736528293A11
:1061C000206F73616C2063616E742067697665204F
:1061D0006120646772616D736F636B657472656172
:1061E000647932747800656F6D5F69706E65745F95
:1061F000496E697469616C69736528293A20302099
:106200006D6178646174616772616D656E717565E9
:10621000756564696E747800735F656F6D5F697032
:106220006E65745F70726F636573735F7472616EB5
:10623000736D697373696F6E5F64617461677261B6
:106240006D28293A20646772616D6669666F6F75A3
:106250007470757420697320656D70747900656F52
:106260005F736F636B65746474675F4F70656E28EE
:10627000293A20736F636B65742063616E6E6F746F
:1062800020626520696E20626C6F636B696E6720A7
:106290006D6F6465206966207478206F6E6C79007C
:1062A000656F765F69706E65745F6869645F496E7B
:1062B000697469616C69736528293A204E554C4CA4
:1062C000206174746163685F666E00735F656F5F01
:1062D00061726D656E765F73686172656473657215
:1062E00076696365735F73796E6368726F6E6973E5
:1062F0006528293A2063616E6E6F742073796E632E
:10630000206D6F64696E666F00735F656F5F6172A9
:106310006D656E765F7368617265647365727669C8
:106320006365735F73796E6368726F6E69736528F6
:10633000293A2063616E6E6F742073796E632062F8
:106340007264696E666F00735F656F5F61726D6521
:106350006E765F7368617265647365727669636592
:10636000735F73796E6368726F6E69736528293A1B
:106370002063616E6E6F742072656164206465765F
:10638000696E666F00656F765F656E765F686964DB
:106390005F496E697469616C69736528293A204E9A
:1063A000554C4C20736861726564646174615F73FD
:1063B000796E6300656F765F656E765F6869645FAE
:1063C000496E697469616C69736528293A204E5574
:1063D0004C4C2070726F635F6F66667365745F67A5
:1063E000657400656F6D5F656D73646973636F7667
:1063F0006572796C697374656E65725F496E6974F4
:1064000069616C69736528293A20454F4D74686548
:1064100049506E6574206E6F742073746172746578
:10642000642079657400656F6D5F656D7372756E5C
:106430006E65725F496E697469616C69736528295C
:106440003A2074696D696E6773206F66207461739A
:106450006B73206E6F7420636F6D70617469626C12
:1064600065004F4646004F4E00656F6D5F69706E68
:1064700065745F5265736F6C766549502829206991
:1064800073206F7665722E204C696E6B20772F20FB
:10649000686F737420257320697320257300656FFE
:1064A0006D5F656D73736F636B65745F436F6E6E65
:1064B000656374206973206F7665722E204C696E57
:1064C0006B20772F20686F737420257320697320E9
:1064D00025730061626F757420746F2063616C6C4A
:1064E00020656F6D5F656D73736F636B65745F437C
:1064F0006F6E6E656374282920746F20686F7374E3
:1065000020257320772F2074696D656F7574203591
:1065100030306D7300454F4D746865454D5372754D
:106520006E6E6572007449444C450068775F4E4D4D
:10653000490048414C004950414C004F53414C00E8
:106540007365652054424C0074554E4B4E0074499F
:106550004E49540050656E645356006F73616C5F12
:1065600067656E6572696300697073722025642CBB
:1065700020746964202564005265736572766564D1
:106580000068775F4D656D4D616E616765006E6F88
:106590006E65006F73616C5F737461636B6F7666B9
:1065A000006F73616C5F77726F6E6763666700532D
:1065B00079735469636B00535643616C6C00687760
:1065C0005F44656275674D6F6E00756E6B6E6F77B9
:1065D0006E006F73616C5F756E73757070006F73B2
:1065E000616C5F77726F6E67706172006F73616C60
:1065F0005F6865617069736F7665720049525148D2
:10660000616E2025732054687265616420257300D3
:10661000747970652025730040202564206D730017
:1066200068775F486172644661756C740068775F73
:1066300055736167654661756C740068775F427574
:10664000734661756C740068775F44656661756C4C
:10665000740068616E646C65722025732C20636F12
:1066600064652030782578007230203D2030782510
:10667000303878207231203D20307825303878004D
:106680007232203D20307825303878207233203D1A
:10669000203078253038780044465352203D203051
:1066A0007825303878204D4D464152203D203078B5
:1066B000253038780049435352203D20307825302A
:1066C0003878205348435352203D203078253038C5
:1066D000780042464152203D2030782530387820DD
:1066E00041465352203D20307825303878004346CB
:1066F0005352203D20307825303878204846535278
:10670000203D203078253038780049525178006C8F
:10671000656E6774685F6572726F7220776173204F
:106720007468726F776E20696E202D666E6F2D65AE
:106730007863657074696F6E73206D6F6465207720
:10674000697468206D657373616765202225732203
:10675000004877206C696D20726561636865643AF2
:10676000206D63703A256420637A3A256420636F54
:106770003A2564206570733A2564004D7472206C6C
:10678000696D6974733A206D5F6D696E3D25642093
:106790006D5F6D61783D25640063616C69622036D0
:1067A0003A6F75744C696D3A2063703A2564206DB8
:1067B000783A252E3166206D6E3A252E31660043DB
:1067C000414C4942203132206A2025643A206F66CC
:1067D000667365743D2564207A65726F3D2564207B
:1067E000006572726F722074797065362E637572EF
:1067F00072656E743D25640063616C6962373A545A
:1068000020726573252E3466206F66662564207AB3
:106810002564206D2564004572726F7220696E20B8
:10682000636F6E76657274696E6720726F746174DF
:10683000696F6E20746F20656E756D207265743A95
:1068400020257500656F5F726F706672616D655FA0
:10685000524F505F506172736528293A20656F5F0F
:106860007061727365725F476574524F50282920BA
:1068700063616C6C656420772F204E554C4C207002
:106880006172616D7300656F5F7472616E736D69C3
:10689000747465725F726567756C61725F726F7038
:1068A000735F4C6F616428293A2063616E74206CB9
:1068B0006F6164206120726567756C617220524F50
:1068C00050206F662072656D6F7465207661726905
:1068D00061626C6520772F207061796C6F61640054
:1068E000656F5F7472616E736D69747465725F4E0B
:1068F000657728293A20726F706672616D657265DE
:10690000616479327478206973206E6F74207661C7
:106910006C696400735F656F5F7472616E736D693B
:10692000747465725F726F70735F4C6F6164282955
:106930003A2063616E742068617665204E554C4C38
:1069400020726F706465732D3E6461746120776995
:1069500074682072656D206F776E657273686970F8
:1069600000735F656F5F7472616E736D69747465D7
:10697000725F726F70735F4C6F616428293A206692
:1069800061696C7320696E2070726F6365737369DF
:106990006E67206120636F6E662D72657175657319
:1069A00074005359533A207468652070726F787977
:1069B0002068617320726563656976656420612073
:1069C0007265706C792E20004346473A2049434354
:1069D000646973636F7665727920726573756C7420
:1069E0003A20004346473A2043414E646973636F3F
:1069F0007665727920686173206465746563746577
:106A00006420004346473A2043414E646973636FF4
:106A1000766572792063616E6E6F742066696E644C
:106A20002000496E20706172363420636F756E7479
:106A30007320666F7220746865206E756D62657272
:106A4000206F66206572726F727320696E2031301C
:106A5000207365636F6E6473206D61736B65642072
:106A600061733A20637263206572726F72203078AE
:106A7000666666663030303030303030303030303E
:106A80002C2069326320636F6D6D206572726F72A6
:106A900020307830303030666666663030303030E6
:106AA0003030302C206E6F6E6975732074726163A4
:106AB0006B20706572696F6420636F6E73697374A5
:106AC000656E6379206572726F7220307830303075
:106AD000303030303066666666303030302C2065BD
:106AE000636365737369766520696E70757420736E
:106AF00069676E616C206672657175656E63792079
:106B0000666F7220636F6E7665727465727320654E
:106B100072726F7220307830303030303030303038
:106B2000303030666666662000455448206D6F6ED2
:106B300069746F723A206C696E6B20676F657320A1
:106B4000646F776E2000455448206D6F6E69746FD6
:106B5000723A2064657465637465642052582043FA
:106B60005243206572726F722000696E20706172EC
:106B700036342074686572652061726520746865BA
:106B8000205B7369676E7C696433325D2C20696EAB
:106B9000207061723136205B636170616369747962
:106BA0007C73697A655D206F662070726F787920DA
:106BB0006C6973742000496E2070617231362074E4
:106BC0006865726527732074686520636F727265EB
:106BD00073706F6E64696E6720636F646520283020
:106BE0003A204F46462C20313A204F4E2900496E1C
:106BF0002070617231362074686572652773207465
:106C000068652063757272656E7420737461746553
:106C1000206F662074686520454D5320626F617255
:106C2000642028303A204346472C20313A205255E0
:106C30004E2900496E2070617231362074686520DB
:106C400074797065206F6620736572766963652953
:106C500000496E20706172363420636F756E7473F4
:106C600020666F7220746865206E756D6265722093
:106C70006F66206572726F727320696E20313020EA
:106C80007365636F6E6473202875707065723A2047
:106C90004D5320333262697473206E6F6E69757361
:106CA0002C206C6F7765723A204C53203332626926
:106CB0007473206D61737465722900496E20706170
:106CC000723136207468652074797065206F662093
:106CD000736572766963652C20696E207061723607
:106CE00034204C53203332206269747320746865F9
:106CF00020626974206D61736B206F66206C6F7306
:106D00007420626F617264202843414E3120696EA5
:106D1000204D53203136206269747320616E6420E7
:106D200043414E3220696E204C5320313620626937
:106D300074732900496E20736F75726365616464B2
:106D4000726573732074686520654F6D6E5F73653F
:106D500072765F63617465676F72795F742C206906
:106D60006E207061723634204C53203332206269B9
:106D700074732074686520626974206D61736B2080
:106D80006F6620626F61726473202843414E312028
:106D9000696E204D53203136206269747320616E14
:106DA000642043414E3220696E204C5320313620FE
:106DB0006269747329005359533A207468652045F9
:106DC0004F4D746865454D5372756E6E65722063E4
:106DD0006F756C64206E6F74207478206120554448
:106DE00050207061636B6574207769746820656FEB
:106DF0006D5F656D73736F636B65745F5472616E05
:106E0000736D697428292E005359533A20746865AC
:106E100020454F4D746865454D53636F6E666967D5
:106E2000757261746F7220636F756C64206E6F741D
:106E3000207478206120554450207061636B657424
:106E4000207769746820656F6D5F656D73736F631C
:106E50006B65745F5472616E736D697428292E00BE
:106E6000496E2070617231363A206E756D626572BE
:106E7000206F662072657175657374656420626F3A
:106E80006172647320696E203078666630302C2021
:106E90006D6178206E756D62657220696E20307844
:106EA000303066662E20496E2070617236343A208A
:106EB0006D61736B206F66207265717565737465A3
:106EC0006420626F6172647320696E2030783030A4
:106ED00030303030303066666666303030302028F2
:106EE00063616E322920616E64203078303030303A
:106EF000303030303030303066666666202863616E
:106F00006E31292E004D433A204162736F6C7574C7
:106F10006520656E636F6465722074696D656F7559
:106F2000742E204E6F20616E737765722066726FCB
:106F30006D20746865206D61676E6574696320708B
:106F40006F736974696F6E2073656E736F72206FF3
:106F50006620746865206A6F696E742028636162B8
:106F60006C652062726F6B656E3F292E00496E2042
:106F70007061723136207468652072657175657351
:106F800074656420284D53422920616E6420746822
:106F9000652061737369676E656420284C534229CC
:106FA0002E00496E207061723136203D206162737F
:106FB00020656E636F64657220706F727420286D37
:106FC00073622920616E64204944206F66206A6FD5
:106FD000696E7420286C7362292E005359533A202D
:106FE00074686520626F61726420686173206465F3
:106FF0007465637465642061207265737461727472
:10700000206F66207468652072656D6F74652074EA
:1070100072616E736365697665722062656361751E
:1070200073652074686520727820726F7066726173
:107030006D652073657175656E6365206E756D6233
:10704000657220697320312E005359533A207468B9
:107050006572652077617320612070617273696E5B
:1070600067206572726F72206F662061207265639F
:10707000656976656420524F502E004D433A2032A8
:10708000464F432077726F6E672073746174652E6C
:10709000205468652032464F43206D6F746F722014
:1070A000636F6E74726F6C6C657220697320696EA9
:1070B000206120636F6E74726F6C207374617465ED
:1070C00020646966666572656E742066726F6D20F5
:1070D00072657175697265642062792074686520D3
:1070E000454D532E00496E20706172313620746810
:1070F000657265206973206672616D652E69642012
:10710000616E64206672616D652E73697A652028F0
:10711000696E206D6F7374207369676E6966696349
:10712000616E74206E6962626C65292E20496E2042
:1071300070617236342074686572652069732074DA
:107140006865206672616D652E646174612E004908
:107150006E207061723136207468657265206973C3
:1071600020636C61737320696E206D736220616EA1
:107170006420636D64696420696E206C73622E0004
:10718000534B3A2074686520626F617264206861B5
:107190007320726563656976656420616E206F6235
:1071A000736F6C65746520636F6D6D616E64206FC5
:1071B00066207479706520656F736B5F7369676DA6
:1071C0006F64655F7369676E616C5F6F6C64776134
:1071D000792E2075736520656F736B5F7369676DBA
:1071E0006F64655F7369676E616C20696E73746547
:1071F00061642E004D433A2032464F432071756141
:107200006472617475726520656E636F6465722067
:1072100064697274792E20546865206E756D62659C
:1072200072206F6620746869636B7320696E2061D9
:1072300020636F6D706C657465207265766F6C7518
:1072400074696F6E206F6620746865206D6F746F4F
:107250007220776173206C6F776572207468616E3D
:107260002065787065637465642C20746865206F90
:1072700070746963616C206469736B73206E6565FB
:107280006420746F20626520636C65616E65642E96
:10729000005359533A207468652070726F787920D2
:1072A0006661696C7320746F2066696E6420616E1C
:1072B00020696E7465726E616C6C792073746F7284
:1072C000656420726F702E206D6179626520666F33
:1072D000727761726420726571756573742077616D
:1072E0007320657870697265642E004D433A20659D
:1072F000787465726E616C206661756C742062755D
:1073000074746F6E20707265737365642E005359C8
:10731000533A2074686520444F207068617365207B
:107320006F662074686520636F6E74726F6C206C7A
:107330006F6F7020686173206C617374206D6F7261
:1073400065207468616E2077616E7465642E0053E9
:1073500059533A20746865205258207068617365EB
:10736000206F662074686520636F6E74726F6C2086
:107370006C6F6F7020686173206C617374206D6F27
:107380007265207468616E2077616E7465642E008A
:107390005359533A207468652054582070686173BB
:1073A00065206F662074686520636F6E74726F6C01
:1073B000206C6F6F7020686173206C617374206D36
:1073C0006F7265207468616E2077616E7465642EDB
:1073D00000455448206D6F6E69746F723A206A756B
:1073E000737420737461727465642E005359533A38
:1073F0002043414E207072696E74206D6573736115
:1074000067652072656365697665642E004D433A51
:107410002032464F432043414E2067656E657269B6
:1074200063206572726F722E204572726F727320C4
:1074300068617070656E656420696E20746865208F
:1074400043414E20627573206265747765656E20D6
:1074500074686520454D5320616E64207468652012
:1074600032464F4320626F6172642E005359533A83
:1074700020454F74686543414E7365727669636554
:1074800020726563656976656420612063616E665C
:1074900072616D652066726F6D20612077726F6E0C
:1074A0006720626F6172642E004346473A20454F61
:1074B00074686553657276696365732068617320CB
:1074C0006E6F74207965742066696E69736865648F
:1074D00020766572696679696E67207468652072C6
:1074E0006571756972656420736572766963657329
:1074F0002E207265737461727420726F626F7449AA
:107500006E746572666163652E004346473A204596
:107510004F746865496E65727469616C733320637A
:10752000616E6E6F7420626520636F6E6669677549
:107530007265642E205468697320626F61726420E2
:10754000646F6573206E6F7420737570706F7274E2
:10755000207468697320736572766963652E0043D1
:1075600046473A20454F7468655053432063616E27
:107570006E6F7420626520636F6E666967757265F1
:10758000642E205468697320626F61726420646F96
:107590006573206E6F7420737570706F72742074D1
:1075A00068697320736572766963652E0043464788
:1075B0003A20454F74686553545241494E206361E7
:1075C0006E6E6F7420626520636F6E666967757298
:1075D00065642E205468697320626F617264206450
:1075E0006F6573206E6F7420737570706F72742086
:1075F0007468697320736572766963652E0043460B
:10760000473A20454F746865534B494E2063616E7D
:107610006E6F7420626520636F6E66696775726550
:10762000642E205468697320626F61726420646FF5
:107630006573206E6F7420737570706F7274207430
:1076400068697320736572766963652E00434647E7
:107650003A20454F7468654D4149532063616E6E11
:107660006F7420626520636F6E666967757265640A
:107670002E205468697320626F61726420646F65A4
:1076800073206E6F7420737570706F7274207468DD
:10769000697320736572766963652E004346473AC5
:1076A00020454F746865504F532063616E6E6F7450
:1076B00020626520636F6E666967757265642E204F
:1076C0005468697320626F61726420646F6573200F
:1076D0006E6F7420737570706F7274207468697344
:1076E00020736572766963652E004346473A2045EC
:1076F0004F746865456E636F646572526561646559
:10770000722063616E6E6F7420626520636F6E66B7
:107710006967757265642E205468697320626F61B1
:10772000726420646F6573206E6F7420737570705F
:107730006F7274207468697320736572766963650B
:107740002E004346473A20454F7468654D6F746973
:107750006F6E436F6E74726F6C6C65722063616ED6
:107760006E6F7420626520636F6E666967757265FF
:10777000642E205468697320626F61726420646FA4
:107780006573206E6F7420737570706F72742074DF
:1077900068697320736572766963652E0043464796
:1077A0003A20454F74686554656D706572617475F3
:1077B0007265732063616E6E6F7420626520636F03
:1077C0006E666967757265642E20546869732062FD
:1077D0006F61726420646F6573206E6F74207375BF
:1077E00070706F7274207468697320736572766943
:1077F00063652E00496E20706172313620746865B1
:1078000072652069733A206F6E206D736220746810
:1078100065207278206669666F2073697A652C200E
:10782000696E206C7362206120636F64652E00496D
:107830006E207061723136207468657265206973DC
:107840003A206F6E206D7362207468652073697AC8
:1078500065206F662074786669666F2C206F6E20D5
:107860006C7362206120636F64652E00534B3A2075
:10787000756E73706563696669656420636F6465BE
:107880002E005359533A20454F74686543414E7357
:1078900065727669636520636F756C64206E6F74C2
:1078A00020706172736520612072782063616E20A0
:1078B0006672616D652E005359533A2061207365DD
:1078C00072766963652068617320646574656374AA
:1078D0006564207468617420736F6D652043414E48
:1078E00020626F6172647320617265206E6F742014
:1078F00062726F6163617374696E6720616E796D26
:107900006F72652E005359533A2061207365727669
:1079100069636520686173207265636F766572655F
:107920006420736F6D652043414E20626F61726405
:107930007320746861742077657265206E6F74209F
:1079400062726F6163617374696E6720616E796DD5
:107950006F72652E005359533A2074686520626F28
:1079600061726420776173206E6F7420666F756E2C
:107970006420647572696E67207468652064697339
:10798000636F766572792070686173652E004D4370
:107990003A2032464F432043414E20696E76616C57
:1079A00069642070726F746F636F6C2E2054686509
:1079B00020454D5320616E642032464F4320666956
:1079C000726D776172652076657273696F6E732070
:1079D00061726520696E636F6D70617469626C6558
:1079E0002C20706C65617365207570646174652E00
:1079F000005359533A2074686520454F74686549AF
:107A00006E666F4469737061746368657220636F3A
:107A1000756C64206E6F742061636365707420619F
:107A200020654F6D6E5F696E666F5F70726F706517
:107A300072746965735F74206974656D20696E7313
:107A400069646520697473207472616E736D697402
:107A500074696E672071756575652E00496E2070BA
:107A6000617231363A20626F6172642061646472BF
:107A700065737320696E203078303030662E20496F
:107A80006E2070617236343A2073656172636820CB
:107A900074696D65205B6D735D20696E203078665A
:107AA0006666663030303030303030303030302C38
:107AB00020626F617264207479706520696E203075
:107AC0007830303030666630303030303030303002
:107AD000302C2070726F7420696E20307830303016
:107AE000303030666666663030303030302C20669C
:107AF0007720696E203078303030303030303030A0
:107B0000306666666666662E00496E207061723168
:107B1000363A2066616B652073656172636820691F
:107B20006E203078663030302C206E756D62657254
:107B3000206F6620626F6172647320696E203078F6
:107B4000303066662E20496E2070617236343A20DD
:107B50007365617263682074696D65205B6D735D28
:107B600020696E203078666666663030303030309E
:107B70003030303030302C20626F61726420747984
:107B8000706520696E203078303030306666303075
:107B900030303030303030302C20726571207072CF
:107BA0006F7420696E203078303030303030666647
:107BB00066663030303030302C2072657120667748
:107BC00020696E2030783030303030303030303016
:107BD0006666666666662E006170706C69636174C5
:107BE000696F6E20737461746520697320696E20FB
:107BF000706172313626307830303066203A20306D
:107C0000202D3E206A757374202872652973746173
:107C1000727465642C2031202D3E2069646C652CC3
:107C20002032202D3E2072756E6E696E672E0049DF
:107C30006E20706F72742073706563696669656425
:107C4000206279207061723136202830203D204535
:107C5000544820696E707574202850322F5031338B
:107C60002F4A3429202C2031203D20455448206FB4
:107C70007574707574202850332F5031322F4A3567
:107C800029202C2032203D20696E7465726E616C53
:107C9000292E204170706C69636174696F6E207366
:107CA0007461746520697320696E206D6F73742030
:107CB0007369676E69666963616E74206E6962627A
:107CC0006C65206F662070617236343A2030202D4A
:107CD0003E204E2F412C2031202D3E2069646C65C2
:107CE0002C2033202D3E2072756E6E696E672E003B
:107CF000496E20706F727420737065636966696580
:107D000064206279207061723136202830203D2055
:107D100045544820696E707574202850322F5031B8
:107D2000332F4A3429202C2031203D20455448202F
:107D30006F7574707574202850332F5031322F4A6C
:107D40003529202C2032203D20696E7465726E61C9
:107D50006C292E20204170706C69636174696F6EAC
:107D6000207374617465206973206D6F7374207360
:107D700069676E69666963616E74206E6962626CC0
:107D800065206F662070617236343A2030202D3EB7
:107D9000204E2F412C2031202D3E2069646C652C13
:107DA0002033202D3E2072756E6E696E672E004D59
:107DB000433A206F76657268656174696E672E203C
:107DC00054656D7065726174757265206861726466
:107DD00077617265206C696D69742065786365658B
:107DE0006465642E20546865206D6F746F7220681E
:107DF0006173206265656E207475726E6564206FB4
:107E0000666620746F2070726576656E7420697482
:107E10002066726F6D206265696E672064616D61B6
:107E2000676564206279206F766572686561746940
:107E30006E672E005359533A20612073657276693C
:107E4000636520686173207265636F76657265642F
:107E500020616C6C2043414E20626F61726473201C
:107E6000746861742077657265206E6F7420747217
:107E7000616E736D697474696E672E005359533A5D
:107E80002061207365727669636520686173206480
:107E900065746563746564207468617420736F6DC4
:107EA000652043414E20626F617264732061726588
:107EB000207374696C6C206E6F74207472616E73C1
:107EC0006D697474696E672E005359533A20454F9B
:107ED00074686543414E73657276696365207265A7
:107EE00063656976656420612063616E6672616DA9
:107EF0006520636175736564206279204D41495343
:107F00006275672E00496E207061723136203D2007
:107F10004944206F6620746865206A6F696E742E0C
:107F200020496E20706172363420307846464646CD
:107F300020697320746865206D61736B206F662003
:107F40007468652072617720746D706572617475F4
:107F5000726520666565646261636B2E0048572018
:107F60002D20616D6F20656E636F64657220737480
:107F70006174757330206572726F723A20706F6F22
:107F8000722D6C6576656C206F7220636C69707001
:107F9000696E6720696E20746865207369676E6119
:107FA0006C206F66206D617374657220616E642F42
:107FB0006F72206E6F6E69757320747261636B2EC1
:107FC000004857202D20616D6F20656E636F6465DA
:107FD000722073746174757331206572726F723AB6
:107FE000206572726F7273206F6E207265616469B2
:107FF0006E67206F6E206D617374657220616E64B0
:108000002F6F72206E6F6E69757320747261636B6F
:108010002E004D433A205444422063616E6E6F74CB
:10802000207265636569766520616E79206461748C
:1080300061206F6E20493243206368616E6E656C0B
:108040002E204D6F746F722074656D70657261744F
:1080500075726520646574656374696F6E20626F04
:10806000617264206973206E6F7420726563656944
:1080700076696E6720616E792064617461206F6E2D
:108080002074686520693243206368616E6E656C98
:108090002E005359533A2074686520626F617264F0
:1080A0002068617320696E636F6D70617469626CC2
:1080B000652066772070726F746F636F6C207665D1
:1080C0007273696F6E2E00496E20706172313620B6
:1080D000746865726520697320726571756972656F
:1080E000642070726F742C20696E20706172363457
:1080F00020746865726520697320646574656374B3
:10810000656420747970652C20667720616E642028
:1081100070726F742076657273696F6E2E006F6E69
:1081200020746865207370656369666965642043BF
:10813000414E2062757320616464722E20496E2066
:1081400070617236342074686572652069732074BA
:10815000686520747970652C20667720616E6420D4
:1081600070726F742076657273696F6E2E0053594A
:10817000533A206120736572766963652068617384
:108180002064657465637465642074686174207329
:108190006F6D652043414E20626F61726473206889
:1081A0006176652073746F70706564207472616E9F
:1081B000736D697373696F6E2E004346473A2045AD
:1081C0004F7468655053432063616E6E6F74206214
:1081D0006520636F6E666967757265642E206974C9
:1081E0002077617320616C726561647920616374CA
:1081F000697661746564207769746820646966666D
:108200006572656E7420636F6E66696775726174FE
:10821000696F6E2E004346473A20454F7468654D9E
:108220004149532063616E6E6F7420626520636FF5
:108230006E666967757265642E2069742077617354
:1082400020616C7265616479206163746976617420
:108250006564207769746820646966666572656E16
:108260007420636F6E66696775726174696F6E2ED4
:10827000004346473A20454F746865504F5320638A
:10828000616E6E6F7420626520636F6E66696775DC
:108290007265642E2069742077617320616C726549
:1082A00061647920616374697661746564207769BB
:1082B000746820646966666572656E7420636F6EAB
:1082C00066696775726174696F6E2E0048573A204F
:1082D00073747261696E2076616C75657320736169
:1082E0007475726174696F6E2E00496E20706172D0
:1082F0003136203D204944206F66206A6F696E74D4
:108300002E20496E207061723634206C73622038E2
:108310002062697473203D20636F6E74726F6C20ED
:108320006D6F64652C206D73622033322062697436
:1083300073203D20666565646261636B206A6F69C6
:108340006E7420706F736974696F6E2E0053595389
:108350003A2074686520626F6172642068617320DE
:10836000646574656374656420616E20696E76610E
:108370006C696420726F706672616D6520696E2031
:10838000726563657074696F6E2E005359533A209D
:108390007468652048414C20636F756C64206E6F73
:1083A000742070757420612043414E206672616DA7
:1083B0006520696E207278206669666F2E005359B9
:1083C000533A20454F74686543414E736572766930
:1083D000636520636F756C64206E6F7420616464E4
:1083E00020612043414E206672616D6520696E20D8
:1083F0007478206669666F2E005359533A20454FB2
:1084000074686543414E736572766963652068617F
:108410007665206A757374207075742061206361BD
:108420006E206672616D6520696E207478206669C1
:10843000666F2E00496E2070617231363A20746882
:1084400065206E6962626C6520636F6E7461696E2F
:108450007320307830206966206F6B2C206D61733B
:108460006B203078312069662077726F6E672074D8
:108470007970652C206D61736B20307832206966CD
:108480002077726F6E672066772C206D61736B208A
:108490003078342069662077726F6E672070726F53
:1084A000742C206D61736B203078382069662077DA
:1084B000726F6E6720706F72742C206D61736B2009
:1084C00030783130206966206E6F74207265737069
:1084D0006F6E6420746F2070696E672E204F6E205F
:1084E0007061722036342069742068617320696E6F
:1084F000666F206F6E20465720616E642070726F29
:10850000746F636F6C2076657273696F6E2C207068
:108510006F727420616E6420626F61726420696E94
:10852000666F2E004346473A2063616E6E6F74207B
:108530006C6F6164206120726567756C6172207276
:108540006F702E00455448206D6F6E69746F723ADB
:10855000206C696E6B20676F65732075702E0053F9
:1085600059533A20612073657276696365206861AA
:108570007320766572696669656420746861742029
:10858000746865205458206F6620697473204341D5
:108590004E20626F61726473206973207265677523
:1085A0006C61722E00496E207061723634207468DE
:1085B00065726520697320746865206578706563ED
:1085C000746564206E756D6265722E005359533A5E
:1085D0002074686520626F61726420686173206432
:1085E00065746563746564206120686F6C652069DB
:1085F0006E20727820726F706672616D652073658F
:108600007175656E6365206E756D6265722E0049C9
:108610006E207061723136207468656972206E75E3
:108620006D6265722E005359533A20746865206359
:10863000616E20646973636F766572792073657209
:108640007669636520646574656374656420746825
:10865000617420736F6D6520626F61726473206155
:108660007265206D697373696E672E204368656358
:108670006B20776974682063616E4C6F616465720A
:108680002E005359533A20454F74686543414E7349
:1086900065727669636520686173206465746563DB
:1086A00074656420612067656E6572696320657218
:1086B000726F722E005359533A20746865204841F6
:1086C0004C2074726967676572656420616E20650D
:1086D00072726F722E005359533A207468652049A4
:1086E00050414C2074726967676572656420616EE1
:1086F000206572726F722E005359533A2074686568
:10870000204F53414C20747269676765726564201D
:10871000616E206572726F722E004D433A2067655C
:108720006E65726963206D6F746F72206572726F0F
:10873000722E004D433A2068617264206C696D6945
:108740007420726561636865642E20546865206AD0
:108750006F696E7420706F736974696F6E206973CE
:10876000206F757473696465206974732068617221
:10877000647761726520626F756E6461726965739A
:108780002E004D433A2032464F432071756164728A
:10879000617475726520656E636F646572207068C0
:1087A0006173652062726F6B656E2E205468652060
:1087B0006D6F746F7220656E636F6465722069738C
:1087C000206E6F7420636F756E74696E67206576B6
:1087D000656E20696620746865206D6F746F722005
:1087E0006973206D6F76696E672C20706C6561739C
:1087F0006520636865636B206D6F746F7220656EB2
:10880000636F646572206361626C65732E004D4313
:108810003A2032464F4320717561647261747572FB
:108820006520656E636F64657220696E646578208B
:1088300062726F6B656E2E20546865207265666586
:1088400072656E6365207370656369616C2074681E
:1088500069636B20776173206E6F74206465746543
:108860006374656420647572696E67206120636F4C
:108870006D706C657465207265766F6C7574696F68
:108880006E206F6620746865206D6F746F722C2087
:10889000706C6561736520636865636B206D6F74D0
:1088A0006F7220656E636F646572206361626C65D0
:1088B000732E00496E2070617236342074686572C0
:1088C00065206172652074686520736561726368F4
:1088D000656420616464726573736573207265708A
:1088E000726573656E746564206173206E6962627F
:1088F0006C65732E00496E20706172363420746886
:10890000657265206172652074686520666F756E9A
:10891000642061646472657373657320726570723C
:108920006573656E746564206173206E6962626C44
:1089300065732E00496E207061723634204D5320CD
:1089400033322062697473207468657265206973BC
:108950002074686520626974206D61736B206F6696
:10896000207468652073656172636865642C206992
:108970006E204C5320333220626974732074686512
:10898000206D61736B206F662074686520666F755B
:108990006E64206F6E65732E004D433A2041627302
:1089A0006F6C75746520656E636F64657220696EA7
:1089B00076616C696420646174612E204861726420
:1089C000776172652070726F626C656D20696E20D0
:1089D000746865206D61676E6574696320706F737C
:1089E0006974696F6E2073656E736F72206F662095
:1089F000746865206A6F696E74206361757365645D
:108A000020696E76616C696420706F736974696F38
:108A10006E2072656164696E67732E004D433A2063
:108A2000746F727175652073656E736F72207469EF
:108A30006D656F75742E20546865206A6F696E7459
:108A400020697320696E206120636F6D706C6961AD
:108A50006E7420696E746572616374696F6E206DE7
:108A60006F6465206F7220746F7271756520636F1B
:108A70006E74726F6C206D6F64652C20616E642063
:108A8000646174612066726F6D20746F72717565B8
:108A90002073656E736F722068617665206265650C
:108AA0006E20756E617661696C61626C6520666FBF
:108AB00072206D6F7265207468616E2031303020D5
:108AC0006D732E004D433A2032464F432043414EB2
:108AD000206E6F20616E737765722E20546865205A
:108AE000636F6D6D756E69636174696F6E20626529
:108AF000747765656E2074686520454D5320616EFE
:108B000064207468652032464F4320626F6172644E
:108B100020686173206265656E206C6F73742066D7
:108B20006F72206D6F7265207468616E2035302021
:108B30006D732E004D433A2032464F432068616CDE
:108B40006C2073656E736F7273206661756C742E22
:108B500020496E76616C69642073657175656E631A
:108B60006520696E206D6F746F722048616C6C2097
:108B70006566666563742073656E736F72732C200F
:108B8000706C6561736520636865636B206D6F74DD
:108B90006F722068616C6C206361626C6520636F2A
:108BA0006E6E656374696F6E732E004D433A207369
:108BB0006F667477617265206C696D697420726587
:108BC00061636865642E20546865206A6F696E74FD
:108BD00020706F736974696F6E206973206F75748C
:108BE000736964652069747320736F66747761724A
:108BF0006520626F756E6461726965732E204F75B2
:108C000074707574206C696D697465642061776136
:108C10006974696E6720746F206265206D6F766578
:108C200064206261636B20696E736964652073619F
:108C3000666520706F736974696F6E732E004346AA
:108C4000473A20454F746865496E65727469616C76
:108C50007333207365727669636520697320757359
:108C6000696E6720746865206C6F63616C20646551
:108C70006661756C7420636F6E6669677572617486
:108C8000696F6E206261736564206F6E2069747312
:108C900020495020616464726573732E0043464717
:108CA0003A20454F74686550534320736572766966
:108CB0006365206973207573696E67207468652029
:108CC0006C6F63616C2064656661756C7420636FA2
:108CD0006E66696775726174696F6E206261736533
:108CE00064206F6E2069747320495020616464723F
:108CF0006573732E004346473A20454F74686553A9
:108D0000545241494E2073657276696365206973D8
:108D1000207573696E6720746865206C6F63616C81
:108D20002064656661756C7420636F6E6669677533
:108D3000726174696F6E206261736564206F6E206A
:108D400069747320495020616464726573732E00E6
:108D50004346473A20454F746865534B494E20734C
:108D6000657276696365206973207573696E672023
:108D7000746865206C6F63616C2064656661756CF6
:108D80007420636F6E66696775726174696F6E20B7
:108D90006261736564206F6E20697473204950208E
:108DA000616464726573732E004346473A20454FF1
:108DB0007468654D41495320736572766963652017
:108DC0006973207573696E6720746865206C6F63C2
:108DD000616C2064656661756C7420636F6E666992
:108DE0006775726174696F6E206261736564206F6C
:108DF0006E206974732049502061646472657373D6
:108E00002E004346473A20454F746865504F532023
:108E100073657276696365206973207573696E671F
:108E200020746865206C6F63616C20646566617591
:108E30006C7420636F6E66696775726174696F6EBA
:108E4000206261736564206F6E20697473204950DD
:108E500020616464726573732E004346473A20456F
:108E60004F7468654D6F74696F6E436F6E74726F87
:108E70006C6C657220736572766963652069732016
:108E80007573696E6720746865206C6F63616C2010
:108E900064656661756C7420636F6E666967757270
:108EA0006174696F6E206261736564206F6E206902
:108EB000747320495020616464726573732E00439B
:108EC00046473A20454F74686554656D7065726118
:108ED0007475726573207365727669636520697352
:108EE000207573696E6720746865206C6F63616CB0
:108EF0002064656661756C7420636F6E6669677562
:108F0000726174696F6E206261736564206F6E2098
:108F100069747320495020616464726573732E0014
:108F20004857202D20656E636F6465723A2074681F
:108F30006520706F736974696F6E2064617461205D
:108F400069732076616C69642C2062757420736F7C
:108F50006D65206F7065726174696E6720636F6EF6
:108F6000646974696F6E732061726520636C6F73DE
:108F70006520746F206C696D6974732E00535953AA
:108F80003A207468652063616E20646973636F764C
:108F900065727920736572766963652073656172A5
:108FA000636865642074686520666F6C6C6F7769B0
:108FB0006E6720626F61726473206F6E20746865E3
:108FC000207370656369666965642043414E206261
:108FD00075732E005359533A207468652063616E8F
:108FE00020646973636F7665727920736572766940
:108FF000636520666F756E642074686520666F6CAB
:109000006C6F77696E6720626F61726473206F6E38
:1090100020746865207370656369666965642043C0
:10902000414E206275732E005359533A20454F74B8
:10903000686543414E7365727669636520636F7539
:109040006C64206E6F74207478206672616D657335
:10905000206F6E2043414E206275732E005359538A
:109060003A2074686520454F4D746865454D5372CC
:10907000756E6E657220636F756C64206E6F742000
:10908000656974686572207061727365206F722003
:10909000666F726D206120554450207061636B656E
:1090A000742E005359533A20454F74686543414E1E
:1090B0007365727669636520636F756C64206E6F8B
:1090C0007420666F726D20612063616E2070616331
:1090D0006B65742E004D433A2071656E6320657296
:1090E000726F72206861732064697361707065616A
:1090F0007265642C207761726E696E6720636F758C
:109100006E74657220686173206265656E20726599
:109110007365742E004D433A206F766572637572E5
:1091200072656E742E20546865206D6F746F7220A6
:10913000686173206265656E207475726E65642067
:109140006F666620746F2070726576656E74206934
:10915000742066726F6D206265696E672064616D50
:109160006167656420627920616E20696D70756C3D
:1091700073697665207370696B65206F662063750F
:109180007272656E742E004D433A20693274206C01
:10919000696D69742065786365656465642E205423
:1091A0006865206D6F746F722068617320626565F9
:1091B0006E207475726E6564206F666620746F2011
:1091C00070726576656E742069742066726F6D20AA
:1091D0006265696E672064616D61676564206279AC
:1091E000206F76657268656174696E672064756565
:1091F00020746F206120636F6E74696E756F757374
:1092000020686967682063757272656E742E004904
:109210006E207061723136203D204944206F6620F7
:10922000746865206A6F696E742E004D433A204160
:1092300062736F6C75746520656E636F6465722010
:10924000686173207370696B65732E205468657252
:109250006520697320696D70756C73697665206E21
:109260006F69736520696E20746865206D65617330
:1092700075726573206F6620746865206D61676E16
:109280006574696320706F736974696F6E207365AC
:109290006E736F72206F6620746865206A6F696EE6
:1092A000742E00496E20706172363420307846305A
:1092B00020697320746865206D61736B206F662070
:1092C0007265717565737465642073746174652C5F
:1092D000203078304620697320746865206D617392
:1092E0006B206F662061637475616C2073746174A8
:1092F000652E207061723136203D204944206F6612
:10930000206A6F696E742E00496E20706172363467
:10931000203078464620697320746865206D61733B
:109320006B206F662072617720656E636F64657273
:109330002076616C75652E207061723136203D207B
:109340004944206F66206A6F696E742E00496E2052
:109350007061723136203D204944206F66206A6F6B
:10936000696E742E004346473A20454F746865493C
:109370006E65727469616C733320736572766963AC
:109380006520776173206E6F7420766572696669F7
:109390006564207965742C20746875732069742065
:1093A00063616E6E6F742073746172742E00434635
:1093B000473A20454F746865505343207365727671
:1093C00069636520776173206E6F742076657269BA
:1093D00066696564207965742C20746875732069EA
:1093E000742063616E6E6F742073746172742E00EA
:1093F0004346473A20454F74686553545241494E9D
:10940000207365727669636520776173206E6F746F
:10941000207665726966696564207965742C2074AC
:109420006875732069742063616E6E6F7420737445
:109430006172742E004346473A20454F7468655365
:109440004B494E207365727669636520776173209E
:109450006E6F7420766572696669656420796574DB
:109460002C20746875732069742063616E6E6F744C
:109470002073746172742E004346473A20454F743E
:1094800068654D414953207365727669636520773D
:109490006173206E6F7420766572696669656420F9
:1094A0007965742C20746875732069742063616E0B
:1094B0006E6F742073746172742E004346473A20B5
:1094C000454F746865504F532073657276696365C4
:1094D00020776173206E6F742076657269666965A6
:1094E00064207965742C2074687573206974206316
:1094F000616E6E6F742073746172742E0043464700
:109500003A20454F746865456E636F6465725265B5
:109510006164657220736572766963652077617333
:10952000206E6F742076657269666965642079655E
:10953000742C20746875732069742063616E6E6F7B
:10954000742073746172742E004346473A20454F6D
:109550007468654D6F74696F6E436F6E74726F6C73
:109560006C6572207365727669636520776173201C
:109570006E6F7420766572696669656420796574BA
:109580002C20746875732069742063616E6E6F742B
:109590002073746172742E004346473A20454F741D
:1095A000686554656D70657261747572657320735A
:1095B00065727669636520776173206E6F742076BB
:1095C00065726966696564207965742C20746875B4
:1095D000732069742063616E6E6F7420737461729E
:1095E000742E005359533A207468652070726F7856
:1095F000792068617320666F727761726564656453
:10960000206120726571756573742E005359533A49
:10961000207468652070726F7879206661696C7358
:1096200020746F20666F72776172642061207265AA
:1096300071756573742E00506172616D3136203D15
:109640002074797065206F66207468652065787075
:10965000697265642074696D656F75742E004D4381
:109660003A207265666572656E6365207365747015
:109670006F696E742074696D656F75742E00696E04
:10968000207061723634207468657265206172657D
:1096900020746865205B7369676E7C696433325D32
:1096A0002C20696E207061723136205B63617061BD
:1096B000636974797C73697A655D206F6620707266
:1096C0006F7879206C6973742E20696620706172DE
:1096D000313620697320302C207468656E207468E0
:1096E0006520726F7020636F756C64206E6F7420DC
:1096F00062652074782E005359533A2074686520AF
:10970000626F6172642069732072756E6E696E6734
:109710002068617070696C792E005359533A207437
:109720006865207570646174652063616C6C62614A
:10973000636B2063616C6C656420627920612070CA
:10974000726F787920666F727761726420666169E2
:109750006C7320746F206F70657261746520707215
:109760006F7065726C792E00207061723136263010
:1097700078663030303A206E756D626572206F66A3
:10978000206A6F696E743B207072696D6172792016
:10979000656E63733A206661696C757265206D61F0
:1097A000736B20696E2070617231362630783030EC
:1097B000306620616E64206572726F72636F6465DB
:1097C0007320696E20706172363426307830303004
:1097D00030666666663B207365636F6E646172799E
:1097E00020656E63733A206661696C757265206DE1
:1097F00061736B20696E207061723136263078306B
:1098000030663020616E64206572726F72636F64BF
:10981000657320696E207061723634263078666612
:109820006666303030300044454255473A20746116
:109830006730300044454255473A20746167303103
:109840000044454255473A20746167303200496E02
:10985000207061723136206E756D206F66207061E8
:1098600074636865732E20496E20706172363420EF
:1098700066726F6D206C736220746F206D7362204E
:109880006D61736B73206F663A206D697373696ED7
:10989000672063616E312C2063616E322C20666F0D
:1098A000756E642062757420696E636F6D7061748B
:1098B00069626C652063616E312C2063616E3200D9
:1098C00063616E206164647265737320696E2070D9
:1098D000617231362C2070726F7420616E64207654
:1098E00065727320696E207061723634206C6F77F8
:1098F000657220333220626974732E204279746558
:109900002035206F662070617236343A203078300E
:10991000312069732073747261696E2C2030783045
:10992000322069732073747261696E32004445425B
:1099300055473A2074616730330044454255473AF1
:1099400020746167303400757320627564676574D4
:1099500020697320696E2070617231362C20287561
:10996000732061637475616C2C2052582C20444F15
:109970002C2054582920697320696E20706172363A
:10998000340044454255473A2074616730350044FD
:10999000454255473A207461673036002070617245
:1099A0003634206B6565707320696E20656163686D
:1099B000205538207468652070657263656E746127
:1099C0006765206F66206974732062696E20696E16
:1099D000207374657073206F662070617231360079
:1099E00045787065637465642073657175656E6331
:1099F00065206E756D62657220696E2070617236C9
:109A00003420616E64206E756D626572206F662011
:109A1000646574656374656420696E207061723179
:109A20003600287573206D696E2C20757320617661
:109A300065726167652C207573206D61782C206DCF
:109A40007320706572696F642920697320696E20C4
:109A500070617236342C20746872656164206964A8
:109A600020696E2070617231360044454255473A94
:109A7000207461673037004346473A207468654276
:109A8000415473657276696365206973204F4B009A
:109A90004346473A20746865465473657276696335
:109AA00065206973204F4B00696E207061723634F7
:109AB0002074686572652061726520746865205B3A
:109AC000307C696433325D00496E207061723136DA
:109AD0003A20545820657865637574696F6E2074F8
:109AE000696D65205B757365635D2E20496E20701E
:109AF000617236343A206E756D206F66207478205E
:109B000063616E3220616E642063616E3120667223
:109B1000616D657320616E64206C6174657374207F
:109B200070726576696F75732065786563757469A1
:109B30006F6E2074696D6573206F662054582C20F9
:109B400052582C20444F205B757365635D00496E4D
:109B50002070617231363A20444F20657865637514
:109B600074696F6E2074696D65205B757365635DE4
:109B70002E20496E2070617236343A206C61746513
:109B800073742070726576696F757320657865638C
:109B90007574696F6E2074696D6573206F662052ED
:109BA000582C20444F2C2054582C205258205B75A0
:109BB0007365635D00496E2070617231363A2052E0
:109BC0005820657865637574696F6E2074696D657A
:109BD000205B757365635D2E20496E20706172365F
:109BE000343A206C61746573742070726576696FA5
:109BF000757320657865637574696F6E2074696D1F
:109C00006573206F662054582C2052582C20444FE6
:109C10002C205458205B757365635D0020496E20CD
:109C200070617231362074686572652069732066D0
:109C300072616D652E696420616E64206672616D6B
:109C4000652E73697A652028696E206D6F737420A4
:109C50007369676E69666963616E74206E696262BA
:109C60006C65292E20496E2070617236342074682C
:109C700065726520697320746865206672616D6520
:109C80002E646174610044454255473A206877204C
:109C90006661756C74312064657465637465643ADB
:109CA00020696E207061723136207468657265209B
:109CB00061726520636F6E74726F6C6D6F64657333
:109CC000746174757320696E206C736220616E64B8
:109CD000206672616D655B315D20696E206D736217
:109CE0000044454255473A206877206661756C7498
:109CF000322064657465637465643A20696E20700F
:109D00006172313620746865726520617265206306
:109D10006F6E74726F6C6D6F64657374617475735C
:109D200020696E206C736220616E64206672616DC2
:109D3000655B315D20696E206D736200444542555C
:109D4000473A206877206661756C743320646574C7
:109D500065637465643A20696E20706172313620E3
:109D600074686572652061726520636F6E74726FCE
:109D70006C6D6F646573746174757320696E206CAB
:109D8000736220616E64206672616D655B315D2077
:109D9000696E206D7362005359533A2054582070F5
:109DA00068617365206176657261676520657865B5
:109DB000637574696F6E2074696D656300534B3A07
:109DC0002074686520736B696E207472616E736DA8
:109DD000697373696F6E20686173206265656E20B8
:109DE0007377697463686564004346473A20454F5A
:109DF000746865496E65727469616C332063616E65
:109E00006E6F7420626520636F6E66696775726538
:109E100064004346473A20454F746865534B494EAA
:109E20002063616E6E6F7420626520636F6E666979
:109E30006775726564004346473A20454F7468650C
:109E400054656D7065726174757265732063616EBF
:109E50006E6F7420626520636F6E666967757265E8
:109E600064004346473A20454F746865496E657201
:109E70007469616C332063616E20626520636F7268
:109E8000726563746C7920636F6E6669677572655D
:109E900064004346473A20454F7468655053432059
:109EA00063616E20626520636F72726563746C79A2
:109EB00020636F6E66696775726564004346473A52
:109EC00020454F74686553545241494E2063616E7A
:109ED00020626520636F72726563746C7920636FB2
:109EE0006E66696775726564004346473A20454F60
:109EF000746865534B494E2063616E206265206330
:109F00006F72726563746C7920636F6E66696775D2
:109F1000726564004346473A20454F7468654D4179
:109F200049532063616E20626520636F72726563BE
:109F3000746C7920636F6E6669677572656400433F
:109F400046473A20454F746865504F532063616E11
:109F500020626520636F72726563746C7920636F31
:109F60006E66696775726564004346473A20454FDF
:109F7000746865456E636F6465725265616465728D
:109F80002063616E20626520636F72726563746C1A
:109F90007920636F6E666967757265640043464732
:109FA0003A20454F74686554656D706572617475CB
:109FB0007265732063616E20626520636F727265E3
:109FC00063746C7920636F6E66696775726564008F
:109FD0005359533A2074686520454F7468654D6540
:109FE0006D6F7279506F6F6C206973207265717537
:109FF000657374656420627974657320627574207A
:10A000006974206973206E6F742079657420696E9D
:10A01000697469616C69736564004857202D206517
:10A020006E636F6465723A206E6F7420636F6E6E3C
:10A030006563746564004346473A2043414E646952
:10A0400073636F76657279206465746563746564A3
:10A05000004346473A20454F746865496E657274FF
:10A0600069616C332063616E6E6F7420626520637A
:10A070006F6E666967757265642E20736F6D6520FB
:10A0800073656E736F727320617265206E6F7420DA
:10A09000737570706F72746564004346473A20743C
:10A0A00068654241547365727669636520697320FF
:10A0B0006E6F7420737570706F72746564004346C0
:10A0C000473A207468654654736572766963652003
:10A0D0006973206E6F7420737570706F727465642D
:10A0E000005359533A206120554450207061636BEE
:10A0F000657420636F756C64206E6F7420626520D8
:10A100007472616E736D6974746564004857202DB4
:10A1100020656E636F6465723A2074686520706FA5
:10A12000736974696F6E2064617461206973206E55
:10A130006F742076616C6964004857202D20656E2D
:10A14000636F6465723A20696E7665727465642027
:10A1500043524320697320696E76616C69640053D1
:10A1600059533A20657865637574696F6E20746918
:10A170006D65206F766572666C6F772028627564F6
:10A180006765742C2061637475616C2C2054582CA5
:10A1900020444F2C2054582920757320696E20616B
:10A1A00020706572696F64005359533A2065786571
:10A1B000637574696F6E2074696D65207374617462
:10A1C00069737469637320286D696E2C20617665EC
:10A1D000726167652C206D61782920757320696E26
:10A1E000206120706572696F64005359533A20747E
:10A1F00068652063616E20646973636F7665727948
:10A20000207365727669636520666F756E6420746D
:10A21000686520626F617264004D6F7265206465CD
:10A220007461696C7320696E2070617231362061CF
:10A230006E6420706172363420616E6420696E2015
:10A24000736F7572636520636F646500496E20707B
:10A250006172313620746865726520697320746894
:10A260006520636F646500496E207061723136202D
:10A270007468657265206973207468652072656C06
:10A280006576616E742068616C20636F6465004957
:10A290006E20706172313620746865726520697352
:10A2A000207468652072656C6576616E74206970D3
:10A2B000616C20636F646500496E20706172313695
:10A2C0002074686572652069732074686520726502
:10A2D0006C6576616E74206F73616C20636F64656A
:10A2E00000546865206D657373616765206973202C
:10A2F00073746F72656420696E7369646520706140
:10A300007236342E20496E207061723136206973A6
:10A310002073746F726564207468652073697A6550
:10A32000206F6620746865206D65737361676520B2
:10A33000666F72207468652073696E676C6520664D
:10A3400072616D6500455448206D6F6E69746F725F
:10A350003A2074686520626F617264206C6F7720A8
:10A360006C6576656C20455448206465746563743B
:10A3700065642061206D697373696E6720726F7008
:10A380006672616D65005359533A20444F207068DE
:10A3900061736520617665726167652065786563C4
:10A3A0007574696F6E2074696D65005359533A2056
:10A3B00052582070686173652061766572616765C7
:10A3C00020657865637574696F6E2074696D6500CA
:10A3D0005359533A20444F207068617365206D696A
:10A3E0006E20657865637574696F6E2074696D653C
:10A3F000005359533A205258207068617365206D9C
:10A40000696E20657865637574696F6E2074696D17
:10A4100065005359533A2054582070686173652081
:10A420006D696E20657865637574696F6E207469F7
:10A430006D65005359533A20444F2070686173652D
:10A44000206D617820657865637574696F6E20741E
:10A45000696D65005359533A2052582070686173F2
:10A4600065206D617820657865637574696F6E200D
:10A4700074696D65005359533A20545820706861CF
:10A480007365206D617820657865637574696F6E9A
:10A490002074696D6500626F6172647320496E207B
:10A4A00070617231363A2063616E32206D617020C6
:10A4B000696E203078666666662E20496E2070616F
:10A4C0007236343A2063616E31206D617020696E9E
:10A4D000203078666666663030303030303030306C
:10A4E0003030302C20626F61726420747970652086
:10A4F000696E203078303030306666303030303041
:10A5000030303030302C207265712070726F7420C2
:10A51000696E2030783030303030306666666630B4
:10A5200030303030302C2072657120667720696EB3
:10A530002030783030303030303030303066666641
:10A540006666662E2049662070726F7420616E64A4
:10A5500020667720617265207A65726F2C207365A2
:10A5600061726368206F6E20627573206973206E5C
:10A570006F7420646F6E6500496E207061723136B1
:10A580002074686572652069732074686520626F45
:10A590006172642074797065004346473A20454FE4
:10A5A000746865496E65727469616C3320686173A3
:10A5B000206368616E6765642074686520726571E8
:10A5C0007565737465642072617465004346473A2B
:10A5D00020454F7468655053432068617320636859
:10A5E000616E676564207468652072657175657356
:10A5F0007465642072617465004346473A20454F94
:10A60000746865504F5320686173206368616E679A
:10A61000656420746865207265717565737465641E
:10A620002072617465004346473A20454F7468655F
:10A6300054656D70657261747572657320686173BD
:10A64000206368616E676564207468652072657157
:10A65000756573746564207261746500496E20705D
:10A66000617231363A2074617267657420626F617D
:10A670007264207479706520696E20307866663067
:10A680003020616E64206E756D626572206F662089
:10A690006D697373696E6720696E20307830303071
:10A6A000662E20496E2070617236343A20736561DF
:10A6B0007263682074696D65205B6D735D20696EDF
:10A6C000203078666666663030303030303030307A
:10A6D0003030302C206D61736B206F66206D697394
:10A6E00073696E6720616464726573736573206952
:10A6F0006E203078303030303030303030303030E4
:10A700006666666600496E20706F727420737065AD
:10A7100063696669656420627920706172313620F0
:10A720002830203D2045544820696E7075742028DB
:10A7300050322F5031332F4A3429202C2031203DE4
:10A7400020455448206F7574707574202850332F3D
:10A750005031322F4A3529202C2032203D20696E7D
:10A760007465726E616C292E20204170706C696373
:10A770006174696F6E2073746174652069732069F8
:10A780006E206D6F7374207369676E6966696361AB
:10A790006E74206E6962626C65206F6620706172F3
:10A7A00036343A2030202D3E204E2F412C203120AF
:10A7B0002D3E2069646C652C2033202D3E2072755F
:10A7C0006E6E696E672E204E756D626572206F66C3
:10A7D000206572726F727320696E207061723634F8
:10A7E00026307866666666666666660075732074EF
:10A7F000696D6520696E2070617231362C206D7331
:10A8000020706572696F6420696E207061723634E1
:10A81000202620307866666666004346473A2074F4
:10A820006865424154736572766963652069732077
:10A830007573696E67206F6E626F61726420636FFB
:10A840006E666967004346473A20746865465473EC
:10A85000657276696365206973207573696E672018
:10A860006F6E626F61726420636F6E66696700531A
:10A8700059533A2074686520626F6172642069736D
:10A8800020626F6F74737472617070696E670053C9
:10A8900059533A20756E7370656369666965642003
:10A8A000636F64652E204974206D61792062652094
:10A8B0007468617420454F7468654572726F724D9B
:10A8C000616E61676572206973207374696C6C20B6
:10A8D00063616C6C656420776974682061204E55F3
:10A8E0004C4C20654F6572726D616E446573637286
:10A8F0006970746F725F742A20706172616D0053A9
:10A9000059533A20657865637574696F6E20746970
:10A910006D6520686973746F6772616D0053595378
:10A920003A2074686520626F6172642069732072D6
:10A93000756E6E696E6720696E20666174616C2049
:10A940006572726F722073746174652E206368651E
:10A95000636B2070726576696F7573206572726FB4
:10A96000727320746F2076657269667920746865E9
:10A9700020726561736F6E005359533A207462649C
:10A9800020636F64652E205765206D757374206495
:10A99000656369646520686F7720746F206D616EF0
:10A9A000616765207468697320636F64652E206930
:10A9B0007420697320776970005359533A206120DD
:10A9C00066756E6374696F6E2068617320612077AD
:10A9D000726F6E6720706172616D6574657200538D
:10A9E000656520363420626974206D61736B207058
:10A9F0006172616D65746572004346473A20434158
:10AA00004E646973636F76657279207374617274D2
:10AA10006564207468652073656172636820666F81
:10AA200072004346473A20454F746865496E657227
:10AA30007469616C332063616E6E6F74206265208F
:10AA4000636F6E666967757265642E2067656E65F3
:10AA5000726963206572726F72004346473A2045FF
:10AA60004F74686554656D70657261747572657355
:10AA70002063616E6E6F7420626520636F6E66691D
:10AA800067757265642E2067656E657269632065FF
:10AA900072726F72005359533A206465746563741F
:10AAA000656420612072756E74696D6520657272CF
:10AAB0006F720041533A20756E6B6E6F776E207324
:10AAC000656E736F720049533A20756E6B6E6F77C7
:10AAD0006E2073656E736F72004346473A20746848
:10AAE000654654736572766963652063616E6E6F47
:10AAF00074206765742066756C6C7363616C657334
:10AB0000005359533A2074686520454F7468654D69
:10AB1000656D6F7279506F6F6C206973207265710B
:10AB200075657374656420302062797465730053B1
:10AB30004B3A2074686520626F61726420686173AB
:10AB40002072656365697665642061206D65737345
:10AB50006167652066726F6D2074686520736B692C
:10AB60006E206576656E2069662069742073686F53
:10AB7000756C6420626520696E20612073696C6564
:10AB80006E636564206D6F64616C6974792E204317
:10AB9000757272656E74207374617465206F6620BF
:10ABA00074686520454D5320626F6172642069733B
:10ABB000004346473A20454F746865456E636F64AD
:10ABC00065725265616465722063616E6E6F742098
:10ABD000626520636F6E666967757265643A207698
:10ABE0006572696669636174696F6E206661696C1C
:10ABF00073004346473A20454F746865496E657255
:10AC00007469616C332063616E6E6F7420626520BD
:10AC1000636F6E666967757265642E2043414E648A
:10AC20006973636F76657279206661696C7300433E
:10AC300046473A20454F7468655053432063616E20
:10AC40006E6F7420626520636F6E666967757265EA
:10AC5000642E2043414E646973636F766572792078
:10AC60006661696C73004346473A20454F746865D6
:10AC700053545241494E2063616E6E6F7420626579
:10AC800020636F6E666967757265642E2043414E5E
:10AC9000646973636F76657279206661696C7300AD
:10ACA0004346473A20454F746865534B494E2063ED
:10ACB000616E6E6F7420626520636F6E6669677582
:10ACC0007265642E2043414E646973636F766572CA
:10ACD00079206661696C73004346473A20454F749A
:10ACE00068654D4149532063616E6E6F74206265E3
:10ACF00020636F6E666967757265642E2043414EEE
:10AD0000646973636F76657279206661696C73003C
:10AD10004346473A20454F746865504F532063615E
:10AD20006E6E6F7420626520636F6E666967757200
:10AD300065642E2043414E646973636F7665727952
:10AD4000206661696C73004346473A20454F74683A
:10AD50006554656D706572617475726573206361A9
:10AD60006E6E6F7420626520636F6E6669677572C0
:10AD700065642E2043414E646973636F7665727912
:10AD8000206661696C73004346473A20454F7468FA
:10AD9000654D6F74696F6E436F6E74726F6C6C6526
:10ADA000722063616E6E6F7420626520636F6E66E1
:10ADB0006967757265642E2076657269666963617C
:10ADC00074696F6E206F6620656E636F64657220B4
:10ADD0006661696C7320666F72206D6334706C7588
:10ADE00073706D632E20736565206F7468657220C3
:10ADF0006D6573736167657320666F72206D6F7226
:10AE0000652064657461696C73004346473A204568
:10AE10004F7468654D6F74696F6E436F6E74726FB7
:10AE20006C6C65722063616E6E6F74206265206366
:10AE30006F6E666967757265642E207665726966E5
:10AE400069636174696F6E206F6620656E636F64FD
:10AE50006572206661696C7320666F72206D633263
:10AE6000706C75737073632E20736565206F7468E2
:10AE70006572206D6573736167657320666F7220FC
:10AE80006D6F72652064657461696C730043464739
:10AE90003A20454F7468654D6F74696F6E436F6EED
:10AEA00074726F6C6C65722063616E6E6F74206279
:10AEB0006520636F6E666967757265642E207665BE
:10AEC00072696669636174696F6E206F6620656E72
:10AED000636F646572206661696C7320666F7220AF
:10AEE0006D6334706C75736D6169732E2073656565
:10AEF000206F74686572206D657373616765732078
:10AF0000666F72206D6F72652064657461696C7321
:10AF1000004346473A20454F7468654D6F74696F2A
:10AF20006E436F6E74726F6C6C65722063616E6ECF
:10AF30006F7420626520636F6E6669677572656401
:10AF40002E20766572696669636174696F6E206F21
:10AF50006620706F7320666F72206D6334706C753D
:10AF600073706D63206661696C732E207365652054
:10AF70006F74686572206D657373616765732066B1
:10AF80006F72206D6F72652064657461696C730007
:10AF90004346473A20454F7468654D6F74696F6E3C
:10AFA000436F6E74726F6C6C65722063616E6E6F4E
:10AFB0007420626520636F6E666967757265642EC2
:10AFC00020766572696669636174696F6E206F6669
:10AFD000207073637320666F72206D6332706C75BE
:10AFE00073707363206661696C732E2073656520CE
:10AFF0006F74686572206D65737361676573206631
:10B000006F72206D6F72652064657461696C730086
:10B010004346473A20454F7468654D6F74696F6EBB
:10B02000436F6E74726F6C6C65722063616E6E6FCD
:10B030007420626520636F6E666967757265642E41
:10B0400020766572696669636174696F6E206F66E8
:10B0500020656E636F646572206661696C732E2073
:10B06000736565206F74686572206D6573736167C1
:10B07000657320666F72206D6F7265206465746100
:10B08000696C73004346473A20454F7468654D6FBD
:10B0900074696F6E436F6E74726F6C6C657220634F
:10B0A000616E6E6F7420626520636F6E666967758E
:10B0B0007265642E20766572696669636174696F72
:10B0C0006E206F66206D616973206661696C732EF6
:10B0D00020736565206F74686572206D6573736198
:10B0E00067657320666F72206D6F7265206465748A
:10B0F00061696C73004346473A20454F7468654D5B
:10B100006F74696F6E436F6E74726F6C6C657220D2
:10B1100063616E6E6F7420626520636F6E6669672F
:10B12000757265642E2076657269666963617469FB
:10B130006F6E206F66206D61697320666F72206D7F
:10B140006334706C75736D616973206661696C73CB
:10B150002E20736565206F74686572206D6573734A
:10B160006167657320666F72206D6F72652064651C
:10B170007461696C73004346473A20454F746865B3
:10B180004D6F74696F6E436F6E74726F6C6C657225
:10B190002063616E6E6F7420626520636F6E6669F6
:10B1A00067757265642E207665726966696361747D
:10B1B000696F6E206F6620706F7320666F72206DEE
:10B1C0006334706C757366617073206661696C734B
:10B1D0002E20736565206F74686572206D657373CA
:10B1E0006167657320666F72206D6F72652064659C
:10B1F0007461696C73004346473A20454F74686533
:10B200004D6F74696F6E436F6E74726F6C6C6572A4
:10B210002063616E6E6F7420626520636F6E666975
:10B2200067757265642E20766572696669636174FC
:10B23000696F6E206F6620656E636F646572732040
:10B240006661696C732E20736565206F7468657222
:10B25000206D6573736167657320666F72206D6F13
:10B2600072652064657461696C73004346473A20D7
:10B27000454F7468654D6F74696F6E436F6E74727D
:10B280006F6C6C65722063616E6E6F7420626520F6
:10B29000636F6E666967757265642E207665726984
:10B2A0006669636174696F6E206F6620656E636F97
:10B2B000646572206661696C7320666F72206D63CD
:10B2C00034706C7573666170732E20736565206FC2
:10B2D00074686572206D6573736167657320666F4E
:10B2E00072206D6F72652064657461696C730043D0
:10B2F00046473A20454F7468654D6F74696F6E43D9
:10B300006F6E74726F6C6C65722063616E6E6F74B9
:10B3100020626520636F6E666967757265642E20B2
:10B32000494343646973636F766572792066616926
:10B330006C732E2073656520494343646973636FA2
:10B3400076657279206D6573736167657320666FCA
:10B3500072206D6F72652064657461696C7300435F
:10B3600046473A20454F7468654D6F74696F6E4368
:10B370006F6E74726F6C6C65722063616E6E6F7449
:10B3800020626520636F6E666967757265642E2042
:10B3900043414E646973636F76657279206F6620EE
:10B3A0006163747561746F7220626F61726420668C
:10B3B00061696C732E207365652043414E64697327
:10B3C000636F76657279206D65737361676573204D
:10B3D000666F72206D6F72652064657461696C734D
:10B3E000004346473A20454F7468654D6F74696F56
:10B3F0006E436F6E74726F6C6C65722063616E6EFB
:10B400006F7420626520636F6E666967757265642C
:10B410002E2063616E20646973636F766572792094
:10B420006F66206D633420626F61726473206661A1
:10B43000696C732E207365652043414E64697363A4
:10B440006F76657279206D657373616765732066C9
:10B450006F72206D6F72652064657461696C730032
:10B460004346473A20454F7468654D6F74696F6E67
:10B47000436F6E74726F6C6C65722063616E6E6F79
:10B480007420626520636F6E666967757265642EED
:10B490002043414E646973636F76657279206F66ED
:10B4A0002032666F6320626F617264732066616927
:10B4B0006C732E207365652043414E646973636F1E
:10B4C00076657279206D6573736167657320666F49
:10B4D00072206D6F72652064657461696C730049D8
:10B4E0006E20736F75726365616464726573732037
:10B4F00074686520654F6D6E5F736572765F63611A
:10B500007465676F72795F742C20696E2070617248
:10B510003634204C532033322062697473207468AF
:10B520006520626974206D61736B206F66206C6F9B
:10B53000737420626F617264202843414E31206928
:10B540006E204D53203136206269747320616E6421
:10B550002043414E3220696E204C53203136206208
:10B56000697473292C20696E20696E2070617236AF
:10B5700034204D532033322062697473207468651F
:10B5800020746F74616C206469736170706561729E
:10B59000656E63652074696D6520696E206D73004A
:10B5A000496E207061723136207468657265206959
:10B5B0007320746865206E756D626572206F6620F9
:10B5C0006C6F7374206974656D730043616E2061E4
:10B5D00064647265737320696E2070617231362CF9
:10B5E0002070726F7420616E6420766572732069BA
:10B5F0006E207061723634206C6F77657220333242
:10B6000020626974730063616E20616464726573A3
:10B610007320696E2070617231362C2070726F74E5
:10B6200020616E64207665727320696E207061728D
:10B630003634206C6F776572203332206269747300
:10B6400000496E207061723136206E756D206F6614
:10B6500020706174636865732C2063616E206D6176
:10B660007070696E6720696E207061723634207563
:10B670007070657220333220626974732C2070728E
:10B680006F7420616E64207665727320696E20701D
:10B6900061723634206C6F776572203332206269B4
:10B6A000747300496E20706172313620746865725F
:10B6B0006520697320746865206368616E6E656CCF
:10B6C00020696E766F6C7665642C20696E207061DF
:10B6D0007236342074686572652061726520746802
:10B6E000652073617475726174696F6E20636F7524
:10B6F0006E747320666F7220746865206C61737459
:10B7000020736563206F6620626F7468207479709F
:10B71000657320286C6F7765723A204C5320333262
:10B72000626974732C207570706572204D532033DC
:10B73000326269747300455448206D6F6E69746F8E
:10B74000723A206A757374207665726966696564F9
:10B750002C206E6F206E65777300496E20706172C9
:10B7600036342074686572652069732074686520BA
:10B770006578706563746564206E756D6265722EA0
:10B780002054686520726563656976656420697315
:10B79000206F627461696E656420627920616464FF
:10B7A000696E672070617236342077697468207022
:10B7B0006172313620747265617465642061732032
:10B7C0006120696E7431365F7400496E2070617259
:10B7D000313620746865726520697320746865204D
:10B7E00070617273696E67206572726F722074790E
:10B7F00070652065787072657373656420696E206A
:10B80000654F706172736572526573756C745F74A5
:10B8100000496E20736F757263656164647265734D
:10B82000732074686520654F6D6E5F736572765F17
:10B8300063617465676F72795F7400496E20736F1E
:10B8400075726365616464726573732074686520E2
:10B85000654F6D6E5F736572765F63617465676F68
:10B8600072795F742C20696E207061723634204CBE
:10B8700053203332206269747320746865206269D2
:10B8800074206D61736B206F66206C6F737420621F
:10B890006F617264202843414E3120696E204D5300
:10B8A000203136206269747320616E642043414EFA
:10B8B0003220696E204C532031362062697473291E
:10B8C0002C20696E20696E207061723634204D53D1
:10B8D0002033322062697473207468652074696D46
:10B8E0006520696E206D732073696E6365206C61DD
:10B8F000737420636F6E74616374004346473A202B
:10B900007468654241547365727669636520697332
:10B91000206E6F742076657269666965642079654A
:10B9200074004346473A20746865465473657276DE
:10B93000696365206973206E6F742076657269662D
:10B940006965642079657400496E207061723136D2
:10B950003A2074617267657420626F61726420744A
:10B9600079706520696E2030786666303020616EAF
:10B9700064206E756D626572206F6620696E7661F7
:10B980006C696420696E203078303030662E204932
:10B990006E2070617236343A2065616368206E698A
:10B9A00062626C6520636F6E7461696E73203078BB
:10B9B00030206966206F6B2C206D61736B203078AE
:10B9C000312069662077726F6E6720747970652CFC
:10B9D000206D61736B203078322069662077726F3A
:10B9E0006E672066772C206D61736B203078342071
:10B9F00069662077726F6E672070726F74004153B2
:10BA00003A2063616E6E6F742073746F726520727A
:10BA1000782063616E206672616D6573206F6620A9
:10BA200074656D70657261747572652064617461AE
:10BA30002C207468757320736F6D65207265616466
:10BA4000696E67732077696C6C206265206C6F7318
:10BA5000740049533A2063616E6E6F742073746F83
:10BA600072652072782063616E206672616D657305
:10BA7000206F6620696E65727469616C2064617400
:10BA8000612C207468757320736F6D6520696E6515
:10BA9000727469616C2072656164696E6773207786
:10BAA000696C6C206265206C6F737400534B3A2094
:10BAB00063616E6E6F74207075742072782063619C
:10BAC0006E206672616D657320696E746F2061729D
:10BAD0007261796F6663616E646174612C20746851
:10BAE000757320736F6D6520736B696E207265616D
:10BAF00064696E67732077696C6C206265206C6F77
:10BB000073740048573A207365636F6E64206572E2
:10BB1000726F72206D657373616765206F66206355
:10BB2000617465676F72792068770048573A2066BC
:10BB300069727374206572726F72206D65737361C0
:10BB40006765206F662063617465676F727920682E
:10BB500077004346473A20454F7468654D6F7469D6
:10BB60006F6E436F6E74726F6C6C65722063616E82
:10BB700020636F72726563746C7920636F6E66699F
:10BB800067757265206D63342D6261736564206D25
:10BB90006F74696F6E2E206D6F726520696E666FAF
:10BBA0002077696C6C20666F6C6C6F77004346473A
:10BBB0003A20454F7468654D6F74696F6E436F6EC0
:10BBC00074726F6C6C65722063616E20636F727249
:10BBD0006563746C7920636F6E6669677572652042
:10BBE0006D6334706C7573706D632D626173656421
:10BBF000206D6F74696F6E2E206D6F726520696E97
:10BC0000666F2077696C6C20666F6C6C6F77004391
:10BC100046473A20454F7468654D6F74696F6E43AF
:10BC20006F6E74726F6C6C65722063616E20636FEF
:10BC300072726563746C7920636F6E666967757282
:10BC4000652032666F632D6261736564206D6F7469
:10BC5000696F6E2E206D6F726520696E666F20773A
:10BC6000696C6C20666F6C6C6F77004346473A20B6
:10BC7000454F7468654D6F74696F6E436F6E747273
:10BC80006F6C6C65722063616E20636F72726563A6
:10BC9000746C7920636F6E66696775726520616484
:10BCA00076666F632D6261736564206D6F74696F72
:10BCB0006E2E206D6F726520696E666F2077696CDD
:10BCC0006C20666F6C6C6F77004346473A20454F97
:10BCD0007468654D6F74696F6E436F6E74726F6CCC
:10BCE0006C65722063616E20636F72726563746C41
:10BCF0007920636F6E666967757265206D63327057
:10BD00006C75737073632D6261736564206D6F74FD
:10BD1000696F6E2E206D6F726520696E666F207779
:10BD2000696C6C20666F6C6C6F77004346473A20F5
:10BD3000454F7468654D6F74696F6E436F6E7472B2
:10BD40006F6C6C65722063616E20636F72726563E5
:10BD5000746C7920636F6E666967757265206D63B8
:10BD600034706C75736D6169732D626173656420E5
:10BD70006D6F74696F6E2E206D6F726520696E66CF
:10BD80006F2077696C6C20666F6C6C6F7700434630
:10BD9000473A20454F7468654D6F74696F6E436F05
:10BDA0006E74726F6C6C65722063616E20636F726B
:10BDB000726563746C7920636F6E6669677572650E
:10BDC000206D6334706C7573666170732D6261737E
:10BDD0006564206D6F74696F6E2E206D6F726520C3
:10BDE000696E666F2077696C6C20666F6C6C6F771C
:10BDF000004346473A20454F7468654D6F74696F3C
:10BE00006E436F6E74726F6C6C65722063616E202E
:10BE1000636F72726563746C7920636F6E666967B5
:10BE2000757265206D6334706C75732D6261736516
:10BE300064206D6F74696F6E2E206D6F726520695E
:10BE40006E666F2077696C6C20666F6C6C6F770024
:10BE50005359533A20612066756E6374696F6E2082
:10BE60006973207573656420696E20746865207736
:10BE7000726F6E6720776179005359533A206120C1
:10BE80006D75746578206861732074696D656420D0
:10BE90006F757420756E65787065637465646C7910
:10BEA000004346473A207468654241547365727690
:10BEB000696365206661696C65642043414E206456
:10BEC0006973636F76657279004346473A207468F8
:10BED00065465473657276696365206661696C6551
:10BEE000642043414E20646973636F766572790004
:10BEF0004346473A2043414E646973636F766572E7
:10BF000079005359533A2074686520454F74686529
:10BF10004D656D6F7279506F6F6C2063616E6E6FDF
:10BF200074206769766520616E79206D6F72652077
:10BF30006D656D6F7279005B25735D202825732018
:10BF400074736B256420402573292D3E207B307847
:10BF500025782C20703136203078253034782C200C
:10BF6000703634203078253031366C6C782C206473
:10BF700065762025642C206164722025647D3A203A
:10BF800025732E003A6D005B25735D2028257320F4
:10BF900074736B256420402573292D3E207B3078F7
:10BFA000257820703136203078253034782C207078
:10BFB0003634203078253031366C6C782C2064652E
:10BFC000762025642C206164722025647D3A20252A
:10BFD000732E20494E464F203D202573003A7500B0
:10BFE000766563746F72006970616C5F626173651E
:10BFF0005F6D656D6F72795F67657473697A6528C7
:10C0000029206E656564732061206366670069702E
:10C01000616C5F626173655F696E697469616C69A7
:10C02000736528293A207463706E65742072657395
:10C030006F757263657320617265206E6F74206521
:10C040006E6F75676820666F72206970616C006939
:10C0500070616C5F626173655F696E697469616C60
:10C060006973652829206E65656473206F73616C40
:10C070002066756E6374696F6E73006970616C5FC2
:10C08000626173655F6869645F7468726561647337
:10C0900061666574795F696E697428293A20636105
:10C0A0006E6E6F7420616C6C6F6361746520746870
:10C0B00065206D75746578006F75745F6F665F726B
:10C0C000616E676520776173207468726F776E2088
:10C0D000696E202D666E6F2D657863657074696F6B
:10C0E0006E73206D6F64652077697468206D657369
:10C0F0007361676520222573220062617369635F43
:10C10000737472696E67005F5F6378615F67756102
:10C1100072645F61637175697265206465746563DB
:10C120007465642072656375727369766520696EE3
:10C13000697469616C697A6174696F6E3A20646FC1
:10C1400020796F75206861766520612066756E6361
:10C1500074696F6E2D6C6F63616C207374617469A8
:10C1600063207661726961626C652077686F7365C0
:10C1700020696E697469616C697A6174696F6E2097
:10C18000646570656E6473206F6E207468617420DE
:10C1900066756E6374696F6E3F0000006A75737434
:10C1A00020737461727465642074686520757365AA
:10C1B000722D646566696E65642066756E63746968
:10C1C0006F6E20735F656F6D5F656D736170706C0E
:10C1D0005F6D61696E5F696E6974282900000000F7
:10C1E000735F656F6D5F656D736170706C5F6D61BE
:10C1F000696E5F696E697428292069732061626FB6
:10C20000757420746F20696E697420454F74686579
:10C210004C454470756C736572202B20454F4D74EE
:10C220006865454D536170706C0000004F53414C80
:10C230003A3A74736B696E69743A20686173206668
:10C24000696E697368656420757365722D646566CF
:10C25000696E65642066756E6374696F6E000000B8
:10C260004F53414C3A3A74736B696E69743A20616A
:10C27000626F757420746F20696E697420454F4D2C
:10C2800074686554696D65724D616E616765722091
:10C290002B20454F4D74686543616C6C6261636B24
:10C2A0004D616E61676572005F496E697469616CAA
:10C2B0006973652829206861732066696E697368EF
:10C2C000656420656F6D5F656D736170706C5F682C
:10C2D00069645F757365726465665F696E697469C8
:10C2E000616C6973652829005F496E697469616CC6
:10C2F00069736528292063616C6C7320656F6D5FBD
:10C30000656D736170706C5F6869645F7573657289
:10C310006465665F696E697469616C697365282913
:10C32000000000005F496E697469616C697365287B
:10C330002920686173207374617274656420697464
:10C3400073207374617465206D616368696E652024
:10C35000772F204346472C2052554E2C20455252D1
:10C36000207374617465732E204E6F77206974207A
:10C3700071756974730000004A6F696E7453657457
:10C380005F646F5F776169745F63616C696272613A
:10C3900074696F6E5F6D697865643A2063616C697A
:10C3A0006220636F6D706C657465642E0000000020
:10C3B0006572726F7220696E204A6F696E745F7366
:10C3C00065745F706F735F7265665F696E5F6361EE
:10C3D0006C69625479706536000000004572726FB6
:10C3E000722120504F532073657276696365204E29
:10C3F0004F542061637469766500000063616C6965
:10C4000062363A204572726F722120466F756E64F3
:10C41000206E656974686572204D414953206E6FC6
:10C420007420504F53207365727669636520616391
:10C43000746976650000000063616C6962363A20B9
:10C44000696E76616C696420706172616D73000061
:10C4500063616C6962373A20696E76616C69642049
:10C46000706172616D73006970616C3A20657272FF
:10C47000206D656D616C6C6F630000000000000052
:10C48000000000000000006970616C3A2065727263
:10C49000206D656D6672656500000000000000009B
:10C4A000000000000000006970616C3A2065727243
:10C4B000206D656D636F727275707400000000000E
:10C4C000000000000000006970616C3A2065727223
:10C4D00020756470616C6C6F6300000000000000E8
:10C4E000000000000000006970616C3A2065727203
:10C4F00020746370616C6C6F6300000000000000CA
:10C50000000000000000006970616C3A20657272E2
:10C510002074637073746174650000000000000093
:10C52000000000000000000000000000000000000B
:10C5300090C6060800020010101F000080020208CA
:10C5400090C606080000002000FC0100DC02020882
:10C5500038C806081021001018660000DC02020826
:10C560001C00000043000000F8FFFFFF0C0000006B
:10C570000E0000000F0000002E000000100100005F
:10C5800043000000F8FFFFFF0040404040404040B3
:10C590004040414141414140404040404040404096
:10C5A000404040404040404040050202020202023A
:10C5B0000202020202020202022020202020202089
:10C5C000202020020202020202029090909090909D
:10C5D000101010101010101010101010101010105B
:10C5E00010101010020202020202888888888888CF
:10C5F00008080808080808080808080808080808BB
:10C6000008080808020202024000000000000000C2
:10C61000000000000000000000000000000000001A
:10C62000000000000000000000000000000000000A
:10C6300000000000000000000000000000000000FA
:10C6400000000000000000000000000000000000EA
:10C6500000000000000000000000000000000000DA
:10C6600000000000000000000000000000000000CA
:10C6700000000000000000000000000000000000BA
:10C680000000000000000000000000000B8BFBFF1A
:10C69000015A0A100112091013012230097A030A03
:10C6A000401E0608066908092047026940298C09CE
:10C6B00032D7016C2D010203040405210607080985
:10C6C000031924F41E702106087C04811A880C5A70
:10C6D00094101AA0089AAC1C415AFF040152094454
:10C6E0005609549C01FF011F02FF0101FF01FF01D8
:10C6F000FF01570A6EFF580A25FF72292709192BD7
:10C700000A23FFBACB803F04012809343872013C68
:10C71000A086010401FF01A502FFFF0174023D0193
:10C7200012FA1E612F03080101F230F238455DD183
:10C7300002085A0F0281120A031C01FE0A317FA36C
:10C740000922342A032312038C0439302BA938130D
:10C7500020481B1060048113A4471B10D8041A182A
:10C76000141AD4081A1C081AA0081A0C081A08046B
:10C770001A900C1A8C049A10340213FF02FF0A015B
:10C780004C02FFFF017402450102BFFF1AFFC109FD
:10C7900068C409686A01FFB10223011AFF01092672
:10C7A0004D0A1A324801FF0174022B011AFF0101E0
:10C7B000180A1A643801FF0174022B011AFF0101E3
:10C7C000180A1A643801FF017402630102FFFF01B5
:10C7D000740223011AFF01012409232501FF0150DE
:10C7E000026F0172FF36545241434545494E464F50
:10C7F00036444542554710085741524E494E473638
:10C800004552524F520E25464154414CA809162418
:10C810006974811E55FE04085F041A5B04013C29FB
:10C8200070180AF5CA040801CB0408FB081A0708A7
:08C830000148000000000000B7
:020000042001D9
:10FFC0000000000000000000000000000000000031
:10FFD0000000000000000000000000000000000021
:08FFE000000000000000000019
:040000050802018963
:00000001FF
